Date,Intensité,Vitesse,T.Bob1,T.Bob2,T.Bob3,T.Pal1,T.Pal2,Vibration,T.Pal1 vent,T.Pal2 vent,Débit_air,Anomalie_Type,Anomalie_Binaire
2020-06-01 00:00:00,1017.23,758.61,88.12,84.68,87.66,57.37,58.39,3.22,34.12,29.78,186993.14,Normal,0
2020-06-01 01:00:00,1202.63,916.18,104.54,101.09,104.26,58.77,65.51,4.53,34.75,32.54,229736.41,Normal,0
2020-06-01 02:00:00,1202.65,916.11,109.59,106.23,109.36,60.35,68.74,4.44,34.27,33.66,231701.05,Normal,0
2020-06-01 03:00:00,1203.9,916.08,112.14,108.71,111.75,61.63,70.7,4.3,33.31,33.16,232777.0,Normal,0
2020-06-01 04:00:00,1207.26,916.08,113.66,110.15,113.16,62.54,72.01,4.28,32.56,32.47,234782.82,Normal,0
2020-06-01 05:00:00,1199.22,916.02,114.27,110.73,113.71,63.14,72.82,3.33,32.22,31.92,230026.18,Normal,0
2020-06-01 06:00:00,1223.61,916.07,114.99,111.33,114.33,63.48,73.19,3.6,31.76,31.26,233071.48,Normal,0
2020-06-01 07:00:00,1222.9,916.08,115.41,111.75,114.75,63.86,73.4,4.14,31.89,31.41,233443.65,Normal,0
2020-06-01 08:00:00,1216.27,916.08,115.66,112.0,114.97,64.26,73.47,4.04,32.25,32.26,232229.84,Normal,0
2020-06-01 09:00:00,1221.28,916.09,116.3,112.67,115.66,65.04,74.27,4.06,32.91,33.22,233472.04,Normal,0
2020-06-01 10:00:00,1225.67,916.0,117.27,113.63,116.63,66.07,75.22,3.66,33.95,34.34,233536.62,Normal,0
2020-06-01 11:00:00,1204.47,915.96,118.26,114.69,117.72,67.35,76.55,3.47,35.42,35.48,229855.19,Normal,0
2020-06-01 12:00:00,72.98,67.46,102.49,100.18,103.3,67.49,73.56,0.65,39.76,38.58,16099.37,Normal,0
2020-06-01 13:00:00,0.0,0.0,82.19,80.94,84.13,57.56,64.17,0.54,34.95,33.61,21.89,Normal,0
2020-06-01 14:00:00,0.0,0.01,65.1,64.87,67.77,49.11,56.05,0.51,33.29,32.38,0.0,Normal,0
2020-06-01 15:00:00,293.33,0.21,57.47,57.96,61.34,46.48,51.43,0.55,32.91,32.48,0.0,Normal,0
2020-06-01 16:00:00,1100.0,0.0,52.31,53.04,56.61,43.76,47.61,0.56,32.67,32.65,36.19,Normal,0
2020-06-01 17:00:00,1036.14,0.79,50.26,51.19,54.79,43.89,46.07,0.53,32.9,33.04,0.0,Normal,0
2020-06-01 18:00:00,454.74,139.0,54.85,54.88,59.75,45.84,46.69,1.0,34.18,33.89,30331.26,Normal,0
2020-06-01 19:00:00,414.93,222.61,64.98,64.23,70.46,48.56,49.79,1.04,37.23,35.79,47365.67,Normal,0
2020-06-01 20:00:00,1187.32,787.35,79.67,78.23,82.99,50.03,53.18,2.24,37.61,35.5,192628.36,Normal,0
2020-06-01 21:00:00,1267.41,915.96,99.68,97.29,102.09,55.01,60.88,3.24,37.44,35.76,232859.18,Normal,0
2020-06-01 22:00:00,1268.84,915.96,108.13,105.21,110.07,58.78,66.18,4.34,36.68,34.87,233120.16,Normal,0
2020-06-01 23:00:00,1268.54,915.94,112.57,109.34,113.83,61.31,69.8,4.25,35.8,33.29,234298.92,Normal,0
2020-06-02 00:00:00,1275.18,915.93,115.17,111.68,116.09,63.08,72.22,4.17,34.24,32.41,235091.51,Normal,0
2020-06-02 01:00:00,1269.02,915.95,116.47,112.83,117.29,64.56,73.66,4.05,33.6,32.35,236761.86,Normal,0
2020-06-02 02:00:00,1265.58,915.95,117.45,113.8,118.12,65.61,74.67,4.01,32.89,31.61,238458.36,Normal,0
2020-06-02 03:00:00,1083.44,783.96,117.33,113.63,117.78,66.06,74.88,3.53,32.47,31.89,208299.27,Normal,0
2020-06-02 04:00:00,539.59,316.44,93.44,91.08,95.22,56.82,66.13,1.36,29.45,28.46,75876.59,Normal,0
2020-06-02 05:00:00,1284.53,915.95,103.72,100.55,106.79,58.59,65.9,3.61,30.59,30.05,238056.05,Normal,0
2020-06-02 06:00:00,1280.04,915.93,111.07,107.74,113.9,61.03,68.84,4.1,31.55,31.1,239250.33,Normal,0
2020-06-02 07:00:00,988.09,591.35,110.2,106.83,116.78,61.13,69.92,2.89,31.32,30.37,155417.27,Normal,0
2020-06-02 08:00:00,1100.0,0.0,80.83,79.83,85.27,52.36,60.87,0.52,31.33,29.19,2.55,Normal,0
2020-06-02 09:00:00,1100.0,0.0,70.1,69.81,77.25,51.09,55.68,0.52,32.3,29.48,0.0,Normal,0
2020-06-02 10:00:00,1100.0,0.0,66.75,66.11,73.17,51.67,52.63,0.52,31.3,28.68,8.71,Normal,0
2020-06-02 11:00:00,953.33,1.56,64.43,63.63,69.02,51.92,50.26,0.51,30.57,28.72,36.79,Normal,0
2020-06-02 12:00:00,1081.67,0.26,62.51,61.58,66.48,51.38,48.96,0.52,30.79,29.72,0.0,Normal,0
2020-06-02 13:00:00,1051.56,14.64,61.0,60.04,65.27,50.66,48.12,0.5,31.04,30.7,0.0,Normal,0
2020-06-02 14:00:00,1063.33,0.1,59.68,58.79,64.15,49.96,47.37,0.51,31.4,31.54,25.96,Normal,0
2020-06-02 15:00:00,844.84,533.32,69.22,67.68,73.14,50.43,49.61,1.92,33.38,34.28,123285.7,Normal,0
2020-06-02 16:00:00,1229.95,916.13,97.36,94.79,99.09,56.49,60.81,2.57,39.1,39.89,230224.53,Normal,0
2020-06-02 17:00:00,1240.79,915.94,109.77,106.98,110.8,62.03,69.03,2.45,45.93,41.57,229229.78,Normal,0
2020-06-02 18:00:00,1225.76,915.93,116.03,112.9,116.51,66.1,74.86,2.49,47.54,40.88,229917.79,Normal,0
2020-06-02 19:00:00,1214.04,915.94,119.39,115.76,119.52,68.71,78.36,2.63,46.16,38.81,233720.37,Normal,0
2020-06-02 20:00:00,1228.06,915.93,120.77,116.93,120.6,69.99,79.79,2.79,44.08,36.5,235645.85,Normal,0
2020-06-02 21:00:00,1228.32,915.93,121.05,117.08,120.69,69.82,80.26,2.85,46.34,34.73,235696.72,Normal,0
2020-06-02 22:00:00,1216.42,915.94,120.54,116.55,120.15,69.23,80.24,2.91,44.32,33.57,233038.94,Normal,0
2020-06-02 23:00:00,1222.19,915.94,119.81,115.97,119.34,68.49,79.81,2.89,43.24,33.13,231274.51,Normal,0
2020-06-03 00:00:00,1223.66,915.94,118.95,115.08,118.45,67.83,78.93,2.82,45.18,32.54,230474.51,Normal,0
2020-06-03 01:00:00,1227.16,915.92,118.47,114.62,118.02,67.41,78.23,2.96,42.88,32.07,232204.7,Normal,0
2020-06-03 02:00:00,1227.13,915.93,118.11,114.13,117.62,66.88,77.37,3.34,36.5,31.22,234225.15,Normal,0
2020-06-03 03:00:00,1228.87,915.93,117.64,113.46,117.18,66.19,76.54,3.44,33.5,30.72,232591.11,Normal,0
2020-06-03 04:00:00,1225.53,915.92,116.92,112.71,116.47,65.73,75.75,3.33,32.22,30.11,233339.58,Normal,0
2020-06-03 05:00:00,1232.42,915.92,116.79,112.55,116.38,65.28,75.22,3.48,31.88,30.04,234080.43,Normal,0
2020-06-03 06:00:00,1221.36,915.93,116.62,112.44,116.25,65.0,75.02,3.41,31.7,30.1,234613.13,Normal,0
2020-06-03 07:00:00,1216.96,915.93,116.39,112.29,116.12,64.98,75.0,3.44,32.47,31.04,231067.04,Normal,0
2020-06-03 08:00:00,1204.8,915.94,116.24,112.18,116.01,65.11,75.27,3.31,33.16,31.41,229296.74,Normal,0
2020-06-03 09:00:00,1212.84,915.93,116.41,112.43,116.2,65.48,75.59,3.13,34.17,32.51,229096.06,Normal,0
2020-06-03 10:00:00,1210.95,914.24,117.13,113.36,116.94,66.6,76.49,2.79,35.83,34.43,229048.86,Normal,0
2020-06-03 11:00:00,1209.48,913.45,118.27,114.58,118.15,68.07,77.94,3.02,37.64,35.95,230658.24,Normal,0
2020-06-03 12:00:00,1195.06,913.45,119.43,115.69,119.43,69.92,79.49,2.9,39.67,37.86,225296.07,Normal,0
2020-06-03 13:00:00,1192.42,913.34,120.61,116.89,120.63,71.38,81.14,2.62,43.58,39.57,219549.18,Normal,0
2020-06-03 14:00:00,1193.49,913.44,121.91,118.2,121.96,72.83,82.7,2.78,49.13,40.48,227277.28,Normal,0
2020-06-03 15:00:00,1196.41,913.44,123.35,119.59,123.37,74.11,84.01,2.82,53.23,40.7,225379.47,Normal,0
2020-06-03 16:00:00,1187.34,913.45,124.23,120.45,124.18,74.91,85.11,2.85,54.4,40.43,225699.23,Normal,0
2020-06-03 17:00:00,1196.6,913.46,124.88,121.08,124.74,75.43,85.69,3.0,52.82,40.11,226878.71,Normal,0
2020-06-03 18:00:00,1197.05,913.46,124.94,121.08,124.6,75.21,85.58,3.17,50.4,38.99,227078.74,Normal,0
2020-06-03 19:00:00,1198.99,913.46,124.12,120.21,123.64,73.63,84.59,3.19,49.34,38.39,228510.63,Normal,0
2020-06-03 20:00:00,1207.48,913.46,123.01,119.06,122.45,71.97,83.2,3.24,49.25,35.68,229933.03,Normal,0
2020-06-03 21:00:00,1210.0,913.47,121.84,117.82,121.25,70.7,81.74,3.36,48.21,33.51,230523.04,Normal,0
2020-06-03 22:00:00,1204.86,913.42,120.69,116.67,120.19,69.51,80.32,3.5,47.59,32.38,233185.96,Normal,0
2020-06-03 23:00:00,1215.5,914.75,119.72,115.7,119.22,68.28,78.89,3.29,46.78,31.26,235441.43,Normal,0
2020-06-04 00:00:00,1224.08,915.96,119.04,114.98,118.51,67.45,77.76,3.36,43.08,30.82,237241.77,Normal,0
2020-06-04 01:00:00,1225.21,915.94,118.35,114.28,117.88,66.73,76.93,3.52,38.0,29.87,237786.65,Normal,0
2020-06-04 02:00:00,1224.66,915.95,117.69,113.65,117.2,66.23,76.11,3.81,34.22,29.25,237028.34,Normal,0
2020-06-04 03:00:00,1218.64,915.95,116.85,112.79,116.4,65.7,75.29,3.77,32.87,29.01,235004.69,Normal,0
2020-06-04 04:00:00,1218.17,915.94,116.29,112.3,115.9,65.12,74.63,3.68,32.16,28.75,235926.57,Normal,0
2020-06-04 05:00:00,1215.57,915.93,115.91,111.87,115.52,64.74,74.11,3.78,32.13,29.06,234877.28,Normal,0
2020-06-04 06:00:00,1219.66,915.94,115.74,111.74,115.37,64.58,73.91,3.61,31.78,28.82,235713.32,Normal,0
2020-06-04 07:00:00,1218.54,915.94,115.59,111.63,115.2,64.39,73.57,3.41,31.9,29.04,234454.47,Normal,0
2020-06-04 08:00:00,1169.72,903.55,114.08,110.24,113.75,63.94,73.1,2.72,32.08,29.58,224739.89,Normal,0
2020-06-04 09:00:00,1171.81,901.29,113.03,109.33,112.84,63.8,72.76,2.65,32.74,30.26,225586.8,Normal,0
2020-06-04 10:00:00,1172.63,900.45,113.3,109.74,113.18,64.22,72.97,2.76,34.11,31.74,226786.82,Normal,0
2020-06-04 11:00:00,224.08,182.5,101.65,99.1,102.35,65.03,71.33,0.96,38.09,35.21,46331.71,Normal,0
2020-06-04 12:00:00,1042.82,783.11,101.83,99.0,103.75,63.33,68.77,2.17,38.0,34.73,191457.28,Normal,0
2020-06-04 13:00:00,1118.55,889.53,110.58,107.44,111.34,65.17,71.83,2.63,39.25,37.36,213814.3,Normal,0
2020-06-04 14:00:00,1121.91,889.53,112.96,109.91,113.64,66.27,73.43,2.88,39.97,38.86,213850.72,Normal,0
2020-06-04 15:00:00,1110.93,889.48,114.28,111.21,114.89,67.04,74.73,2.89,40.67,39.23,210366.91,Normal,0
2020-06-04 16:00:00,1093.42,889.47,114.88,111.88,115.5,67.97,75.56,2.96,41.62,39.21,204803.81,Normal,0
2020-06-04 17:00:00,1092.99,889.46,115.11,112.02,115.55,68.4,75.8,2.92,42.11,38.13,205467.86,Normal,0
2020-06-04 18:00:00,73.94,67.67,100.87,98.82,101.76,67.53,71.6,0.62,44.1,39.23,18782.41,Normal,0
2020-06-04 19:00:00,0.0,0.0,87.19,85.74,89.03,64.47,64.14,0.45,40.29,36.11,0.0,Normal,0
2020-06-04 20:00:00,0.0,0.0,81.18,79.1,81.82,62.27,59.22,0.45,36.54,33.26,1.98,Normal,0
2020-06-04 21:00:00,0.0,0.0,76.53,74.02,76.66,59.96,55.68,0.45,33.92,31.35,0.0,Normal,0
2020-06-04 22:00:00,0.0,0.0,72.24,69.83,71.37,58.06,51.77,0.45,31.52,29.07,0.0,Normal,0
2020-06-04 23:00:00,0.0,0.0,68.32,65.99,66.94,55.76,48.6,0.45,29.91,27.44,0.0,Normal,0
2020-06-05 00:00:00,1021.62,778.92,82.26,79.28,91.35,53.17,52.48,2.75,31.41,27.47,191311.25,Normal,0
2020-06-05 01:00:00,1140.15,893.72,97.54,94.65,98.11,54.74,60.3,3.16,32.41,30.19,219907.98,Normal,0
2020-06-05 02:00:00,1143.68,893.65,102.56,99.68,101.32,56.62,64.32,3.0,32.07,30.35,221846.54,Normal,0
2020-06-05 03:00:00,1147.24,893.64,105.24,102.16,103.78,57.89,66.56,2.98,31.69,29.88,223804.39,Normal,0
2020-06-05 04:00:00,1144.29,893.64,106.55,103.38,105.0,58.67,67.84,2.93,31.38,29.54,223405.19,Normal,0
2020-06-05 05:00:00,1147.76,893.62,107.51,104.29,105.91,59.32,68.53,3.01,30.87,29.06,225740.38,Normal,0
2020-06-05 06:00:00,1141.2,893.63,108.15,104.86,106.48,59.71,68.96,2.94,30.29,28.5,225050.08,Normal,0
2020-06-05 07:00:00,1142.13,893.63,108.22,104.88,106.49,59.73,69.13,2.83,30.23,28.46,223336.39,Normal,0
2020-06-05 08:00:00,1140.25,893.59,108.01,104.62,106.26,59.7,69.24,2.64,30.82,29.02,219555.85,Normal,0
2020-06-05 09:00:00,1135.48,893.62,108.32,105.03,106.72,60.36,69.89,2.55,32.13,30.48,219991.41,Normal,0
2020-06-05 10:00:00,1106.9,894.35,109.76,106.63,108.32,61.57,71.16,2.37,33.66,31.9,206913.95,Normal,0
2020-06-05 11:00:00,216.21,191.27,97.73,95.31,96.74,61.94,69.78,0.88,38.87,35.28,42499.08,Normal,0
2020-06-05 12:00:00,0.0,0.0,82.81,81.54,83.91,60.55,63.75,0.45,40.03,35.92,0.0,Normal,0
2020-06-05 13:00:00,0.0,0.0,77.12,75.52,78.25,59.32,59.46,0.45,38.46,35.58,0.0,Normal,0
2020-06-05 14:00:00,0.0,0.0,73.27,71.39,73.89,58.31,56.35,0.45,37.31,35.13,20.26,Normal,0
2020-06-05 15:00:00,0.0,0.0,70.2,68.19,70.8,56.98,54.25,0.45,36.69,35.12,0.0,Normal,0
2020-06-05 16:00:00,595.65,468.73,75.17,72.98,84.18,55.55,54.68,1.65,36.31,35.12,103089.45,Normal,0
2020-06-05 17:00:00,771.75,628.86,94.21,91.99,107.04,57.74,62.24,1.78,40.57,38.77,152653.1,Normal,0
2020-06-05 18:00:00,0.0,0.0,81.81,80.89,94.0,58.19,59.08,0.45,41.71,38.42,0.16,Normal,0
2020-06-05 19:00:00,0.0,0.0,74.69,73.76,85.36,57.17,53.99,0.44,38.0,35.19,0.0,Normal,0
2020-06-05 20:00:00,50.79,30.25,70.39,69.07,79.31,56.06,50.68,0.53,35.24,33.09,6288.19,Normal,0
2020-06-05 21:00:00,1076.85,874.88,86.72,84.47,88.84,54.26,55.89,2.56,35.38,32.42,206598.78,Normal,0
2020-06-05 22:00:00,1115.87,885.81,98.71,96.1,101.56,56.16,61.87,3.03,38.63,33.86,215938.07,Normal,0
2020-06-05 23:00:00,1135.03,889.55,104.01,101.14,106.9,58.22,65.42,3.11,39.85,34.05,219111.99,Normal,0
2020-06-06 00:00:00,1136.3,889.55,106.67,103.58,109.34,59.5,68.03,3.07,39.7,33.36,220720.89,Normal,0
2020-06-06 01:00:00,1135.19,889.57,108.2,104.99,110.73,60.17,69.43,3.09,38.9,32.84,221592.54,Normal,0
2020-06-06 02:00:00,1127.91,889.58,109.17,105.94,111.63,61.08,69.96,3.1,38.39,32.24,219994.74,Normal,0
2020-06-06 03:00:00,1138.73,889.56,110.16,106.81,112.61,62.01,70.26,3.09,35.39,32.14,221541.37,Normal,0
2020-06-06 04:00:00,1138.09,889.51,110.73,107.41,113.13,62.82,71.17,2.41,35.15,33.58,218618.95,Normal,0
2020-06-06 05:00:00,1162.5,889.52,112.06,108.68,114.45,63.83,72.72,2.43,35.41,34.68,227811.29,Normal,0
2020-06-06 06:00:00,1160.5,889.41,113.23,109.8,115.63,65.35,74.0,2.47,35.75,34.88,226024.98,Normal,0
2020-06-06 07:00:00,1164.4,889.4,114.25,110.8,116.65,67.06,75.07,2.91,36.76,36.57,226999.35,Normal,0
2020-06-06 08:00:00,1145.95,889.5,115.15,111.72,117.58,68.2,76.11,2.95,37.7,37.37,222743.9,Normal,0
2020-06-06 09:00:00,1144.37,889.53,115.85,112.48,118.28,68.84,76.96,2.88,38.6,38.39,221489.79,Normal,0
2020-06-06 10:00:00,1147.0,889.48,116.43,113.13,118.85,69.34,77.72,2.96,39.5,39.21,222098.19,Normal,0
2020-06-06 11:00:00,1145.44,889.48,117.25,113.91,119.69,69.99,78.42,2.93,41.86,40.15,222427.38,Normal,0
2020-06-06 12:00:00,1139.6,889.47,117.7,114.38,120.14,70.72,78.88,2.94,46.0,41.19,217825.71,Normal,0
2020-06-06 13:00:00,1141.01,889.44,118.17,114.82,120.59,71.35,79.33,2.91,48.96,42.23,219130.38,Normal,0
2020-06-06 14:00:00,1134.8,889.45,118.67,115.37,121.09,71.94,79.93,2.88,50.06,42.9,217503.78,Normal,0
2020-06-06 15:00:00,1121.56,889.43,119.14,115.96,121.53,72.45,80.4,2.74,49.62,43.28,214445.38,Normal,0
2020-06-06 16:00:00,1123.14,889.49,119.37,116.19,121.61,72.2,80.5,2.64,48.83,43.22,215591.82,Normal,0
2020-06-06 17:00:00,1113.04,889.53,119.04,115.91,121.21,71.91,80.2,2.97,48.94,42.62,211839.55,Normal,0
2020-06-06 18:00:00,338.76,264.12,106.99,104.26,108.62,69.1,75.58,1.31,46.1,38.47,42354.24,Normal,0
2020-06-06 19:00:00,0.0,0.71,88.54,86.32,90.25,63.72,66.59,0.52,42.1,35.09,1222.97,Normal,0
2020-06-06 20:00:00,0.0,0.0,79.22,77.01,81.77,60.8,60.16,0.51,38.47,31.85,0.0,Normal,0
2020-06-06 21:00:00,0.0,0.0,74.52,72.16,76.55,58.64,55.84,0.52,35.12,30.02,0.0,Normal,0
2020-06-06 22:00:00,600.22,466.74,78.45,75.66,80.18,56.23,54.87,1.86,32.97,29.16,110953.72,Normal,0
2020-06-06 23:00:00,1013.41,831.76,95.42,92.42,97.18,56.12,60.98,2.82,35.49,32.72,189234.07,Normal,0
2020-06-07 00:00:00,1110.34,883.79,100.25,97.49,101.95,56.67,63.22,3.12,34.21,32.99,214147.27,Normal,0
2020-06-07 01:00:00,1109.83,883.85,103.61,100.76,105.27,57.89,65.23,3.15,33.59,33.28,215415.79,Normal,0
2020-06-07 02:00:00,1102.98,883.87,105.12,102.15,106.66,58.69,66.37,3.0,32.5,33.01,212245.01,Normal,0
2020-06-07 03:00:00,1103.8,883.87,105.96,102.88,107.46,59.41,67.07,3.04,32.06,33.76,213060.85,Normal,0
2020-06-07 04:00:00,1104.35,883.87,106.57,103.44,108.07,59.77,67.57,3.04,31.8,35.01,213879.69,Normal,0
2020-06-07 05:00:00,1104.65,883.89,107.0,103.88,108.47,59.99,68.04,3.1,31.61,35.8,213871.96,Normal,0
2020-06-07 06:00:00,1166.22,899.45,108.54,105.3,109.98,60.38,68.58,3.57,31.63,36.46,225644.45,Normal,0
2020-06-07 07:00:00,1220.03,915.94,112.14,108.52,113.42,61.55,70.07,3.91,32.03,36.97,233248.64,Normal,0
2020-06-07 08:00:00,1227.48,915.93,114.47,110.73,115.6,63.01,71.68,3.93,32.45,37.4,233773.39,Normal,0
2020-06-07 09:00:00,1224.85,915.94,115.99,112.21,117.05,64.48,72.98,4.07,33.09,38.11,232910.03,Normal,0
2020-06-07 10:00:00,1221.49,915.74,117.31,113.51,118.37,66.06,74.18,3.88,33.82,38.91,231686.59,Normal,0
2020-06-07 11:00:00,1185.98,915.95,117.38,113.76,118.47,67.96,75.37,2.6,37.03,39.76,219057.25,Normal,0
2020-06-07 12:00:00,1230.67,915.93,118.69,115.0,119.65,69.4,75.96,2.92,38.14,40.28,229821.82,Normal,0
2020-06-07 13:00:00,1214.5,915.95,119.41,115.76,120.38,70.42,76.82,4.17,40.38,40.66,227248.59,Normal,0
2020-06-07 14:00:00,1154.09,899.26,118.54,115.01,119.43,70.15,76.96,3.52,41.15,40.1,218061.26,Normal,0
2020-06-07 15:00:00,1122.24,889.47,116.37,113.04,117.42,69.57,76.25,3.17,38.86,40.47,215414.27,Normal,0
2020-06-07 16:00:00,1116.03,889.51,115.53,112.27,116.65,68.78,75.55,3.14,37.84,40.61,214470.91,Normal,0
2020-06-07 17:00:00,1117.08,889.53,115.09,111.83,116.27,68.36,74.92,3.17,36.86,40.45,215834.4,Normal,0
2020-06-07 18:00:00,689.23,553.19,111.48,108.41,112.52,67.74,73.79,2.2,36.75,40.86,138452.13,Normal,0
2020-06-07 19:00:00,0.0,0.0,91.08,90.02,92.35,65.33,64.83,0.46,36.73,37.88,0.0,Normal,0
2020-06-07 20:00:00,0.0,0.0,82.24,80.98,81.56,62.97,57.43,0.45,33.48,32.59,0.0,Normal,0
2020-06-07 21:00:00,0.0,0.0,76.54,74.78,74.83,61.03,52.99,0.46,31.37,30.09,0.0,Normal,0
2020-06-07 22:00:00,0.0,0.0,72.08,69.92,70.52,58.69,50.16,0.45,30.03,28.28,0.0,Normal,0
2020-06-07 23:00:00,0.0,0.0,68.42,66.04,67.41,56.16,48.07,0.45,28.97,26.92,0.0,Normal,0
2020-06-08 00:00:00,919.61,728.87,80.22,77.24,80.94,53.19,51.4,2.79,28.12,28.41,170254.33,Normal,0
2020-06-08 01:00:00,1095.8,883.8,95.16,92.29,97.4,53.75,58.44,3.09,29.86,32.03,211417.25,Normal,0
2020-06-08 02:00:00,1107.19,883.81,99.77,96.93,102.23,55.02,61.79,2.7,30.22,32.24,213324.95,Normal,0
2020-06-08 03:00:00,1105.86,883.79,101.88,98.98,104.3,56.11,64.09,2.58,29.98,32.06,212386.8,Normal,0
2020-06-08 04:00:00,1105.55,883.8,103.04,100.04,105.41,56.79,65.3,2.58,30.11,32.49,211870.99,Normal,0
2020-06-08 05:00:00,1107.17,883.81,103.7,100.61,106.02,57.32,65.83,2.66,30.31,32.63,213359.55,Normal,0
2020-06-08 06:00:00,1105.93,883.81,104.37,101.17,106.65,57.86,66.42,2.64,30.66,32.79,213024.69,Normal,0
2020-06-08 07:00:00,1111.79,883.83,104.98,101.7,107.3,58.27,66.91,2.69,30.89,32.7,213945.72,Normal,0
2020-06-08 08:00:00,1114.94,883.82,105.51,102.21,107.85,58.85,67.4,2.78,31.46,32.78,212882.97,Normal,0
2020-06-08 09:00:00,1106.13,883.84,106.1,102.9,108.55,59.65,68.18,2.67,32.11,34.44,213672.12,Normal,0
2020-06-08 10:00:00,1100.99,883.83,106.7,103.53,109.05,59.86,68.58,2.65,31.62,33.64,211946.63,Normal,0
2020-06-08 11:00:00,1103.75,883.81,106.64,103.43,108.83,59.9,68.55,2.6,32.12,34.21,212447.65,Normal,0
2020-06-08 12:00:00,1106.48,883.81,107.18,104.03,109.42,60.52,68.99,2.58,32.6,34.25,213020.89,Normal,0
2020-06-08 13:00:00,1108.8,883.8,107.6,104.46,109.87,60.98,69.33,2.67,33.4,34.01,213956.45,Normal,0
2020-06-08 14:00:00,1105.52,883.8,107.94,104.78,110.14,61.36,69.84,2.61,34.81,33.66,213072.08,Normal,0
2020-06-08 15:00:00,1112.69,883.78,108.24,105.1,110.42,61.5,70.14,2.53,36.19,32.99,214426.58,Normal,0
2020-06-08 16:00:00,1123.54,883.78,108.95,105.77,111.1,61.78,70.46,2.44,35.1,33.42,219722.88,Normal,0
2020-06-08 17:00:00,1094.6,883.77,108.77,105.63,110.95,62.3,70.76,2.57,34.25,33.98,209332.59,Normal,0
2020-06-08 18:00:00,1094.38,883.77,108.65,105.61,110.85,62.4,70.6,2.77,33.64,34.11,210261.83,Normal,0
2020-06-08 19:00:00,1109.3,883.75,108.83,105.67,110.97,62.34,70.49,2.88,33.2,34.13,215255.37,Normal,0
2020-06-08 20:00:00,1126.17,883.71,108.57,105.3,110.61,61.91,70.3,2.92,32.32,33.3,218461.02,Normal,0
2020-06-08 21:00:00,1110.95,883.75,108.02,104.79,110.05,61.18,70.08,3.13,31.26,32.32,218334.33,Normal,0
2020-06-08 22:00:00,643.77,530.12,103.8,100.81,105.65,60.61,69.02,1.93,31.81,33.19,127703.65,Normal,0
2020-06-08 23:00:00,697.47,544.58,91.96,89.9,93.88,57.79,62.97,1.6,30.97,30.35,126149.88,Normal,0
2020-06-09 00:00:00,923.51,734.53,100.69,97.51,102.03,57.17,64.89,2.07,29.67,29.74,180060.63,Normal,0
2020-06-09 01:00:00,0.0,0.0,83.61,81.97,85.75,56.17,59.5,0.46,32.49,30.08,0.09,Normal,0
2020-06-09 02:00:00,0.0,0.0,74.37,72.63,76.89,53.84,53.77,0.44,31.58,27.19,0.0,Normal,0
2020-06-09 03:00:00,0.0,0.0,69.36,66.9,72.56,51.89,50.74,0.44,29.99,25.72,0.0,Normal,0
2020-06-09 04:00:00,391.18,293.72,68.59,65.71,71.69,49.06,48.54,1.26,27.16,24.13,68784.15,Normal,0
2020-06-09 05:00:00,1135.78,889.44,88.17,84.89,91.78,49.43,53.91,2.98,26.65,26.2,221682.66,Normal,0
2020-06-09 06:00:00,1150.36,889.51,96.62,93.55,100.17,51.82,58.02,2.8,27.5,27.47,227422.16,Normal,0
2020-06-09 07:00:00,1144.42,889.44,100.58,97.47,103.94,53.72,60.82,2.84,27.92,27.85,223891.51,Normal,0
2020-06-09 08:00:00,1138.51,889.52,102.55,99.36,105.85,55.24,62.74,3.06,28.48,28.85,221724.93,Normal,0
2020-06-09 09:00:00,1151.57,889.45,104.11,100.78,107.34,56.43,64.12,2.88,28.82,29.43,223298.9,Normal,0
2020-06-09 10:00:00,1134.24,889.31,105.37,101.99,108.52,57.48,65.41,2.5,29.15,29.48,216997.98,Normal,0
2020-06-09 11:00:00,222.01,209.0,93.61,91.24,96.99,57.13,63.98,0.89,33.12,31.64,43004.3,Normal,0
2020-06-09 12:00:00,0.0,0.0,77.38,76.12,82.83,54.76,57.7,0.46,34.03,30.61,0.0,Normal,0
2020-06-09 13:00:00,21.92,0.13,71.88,70.2,76.74,54.07,53.55,0.5,32.73,29.74,0.0,Normal,0
2020-06-09 14:00:00,1164.88,890.88,89.06,86.0,91.64,54.11,57.67,2.47,31.83,31.26,219223.64,Normal,0
2020-06-09 15:00:00,1182.56,903.54,102.79,99.64,105.1,57.54,63.62,2.63,34.42,34.73,228151.62,Normal,0
2020-06-09 16:00:00,1177.09,903.57,108.9,105.69,111.08,60.73,67.65,3.31,36.13,36.21,228401.35,Normal,0
2020-06-09 17:00:00,1172.48,903.63,112.49,109.21,114.46,63.88,70.73,3.5,36.91,37.9,227409.88,Normal,0
2020-06-09 18:00:00,1175.79,903.68,114.71,111.28,116.46,65.95,72.81,3.45,38.05,38.11,227992.89,Normal,0
2020-06-09 19:00:00,1186.76,903.74,115.89,112.3,117.49,66.73,74.1,3.06,40.62,37.69,227839.37,Normal,0
2020-06-09 20:00:00,1191.08,903.66,116.12,112.42,117.55,66.51,74.38,2.93,40.29,36.27,228951.36,Normal,0
2020-06-09 21:00:00,1178.74,903.71,115.39,111.72,116.53,65.93,73.87,3.14,36.34,34.86,226676.45,Normal,0
2020-06-09 22:00:00,1148.86,896.64,113.8,110.2,114.96,64.87,72.87,3.35,32.69,33.64,224479.68,Normal,0
2020-06-09 23:00:00,1135.44,893.67,112.0,108.48,113.3,63.62,71.74,3.34,31.35,33.06,223267.87,Normal,0
2020-06-10 00:00:00,1130.85,893.67,110.64,107.11,112.03,62.3,70.63,3.43,30.51,32.53,222418.26,Normal,0
2020-06-10 01:00:00,1041.94,825.16,109.36,105.84,110.78,61.16,69.66,3.06,30.2,32.35,207248.86,Normal,0
2020-06-10 02:00:00,777.02,599.58,99.33,96.45,101.26,59.23,66.35,1.92,31.06,31.81,144940.46,Normal,0
2020-06-10 03:00:00,1136.22,889.46,104.43,101.05,106.06,58.56,66.05,2.86,29.81,30.94,221716.52,Normal,0
2020-06-10 04:00:00,1126.11,889.5,105.14,101.81,106.66,57.92,65.92,3.21,28.11,30.08,220081.0,Normal,0
2020-06-10 05:00:00,1132.48,889.5,105.07,101.7,106.53,57.46,65.73,3.15,27.36,29.56,220858.12,Normal,0
2020-06-10 06:00:00,1130.11,889.52,104.83,101.44,106.27,57.12,65.33,3.14,26.88,29.29,221124.56,Normal,0
2020-06-10 07:00:00,1119.25,889.53,104.56,101.24,106.11,57.09,65.15,3.17,27.42,29.9,217535.1,Normal,0
2020-06-10 08:00:00,1120.26,888.83,104.81,101.53,106.45,57.6,65.56,2.99,32.92,37.86,216737.66,Normal,0
2020-06-10 09:00:00,1114.53,888.23,105.36,102.11,107.12,58.26,66.1,2.57,33.07,49.51,215685.69,Normal,0
2020-06-10 10:00:00,859.51,676.65,101.51,98.62,103.45,58.56,65.8,1.95,36.59,51.5,160222.03,Normal,0
2020-06-10 11:00:00,1068.73,869.86,101.54,98.95,104.0,58.48,66.2,2.34,38.08,52.44,209509.89,Normal,0
2020-06-10 12:00:00,1084.56,879.19,104.5,101.72,106.84,59.74,67.27,2.38,44.4,54.94,210048.88,Normal,0
2020-06-10 13:00:00,1074.56,874.19,106.12,103.4,108.5,61.2,68.16,2.2,47.67,56.52,210077.46,Normal,0
2020-06-10 14:00:00,1078.49,875.08,107.65,104.95,110.04,62.74,69.48,2.21,49.22,57.19,209815.32,Normal,0
2020-06-10 15:00:00,1082.04,878.46,109.28,106.56,111.68,64.14,70.88,2.16,50.05,57.75,210007.57,Normal,0
2020-06-10 16:00:00,1081.99,878.51,110.68,108.16,113.13,65.36,72.17,2.18,50.73,57.96,210010.13,Normal,0
2020-06-10 17:00:00,1092.7,880.73,111.66,108.8,113.92,66.13,73.06,2.2,50.46,57.63,210009.6,Normal,0
2020-06-10 18:00:00,1069.61,872.46,111.83,109.2,113.92,66.38,73.31,2.23,49.24,56.72,209748.43,Normal,0
2020-06-10 19:00:00,1065.1,872.7,110.99,108.41,112.96,65.66,73.47,2.27,47.59,55.34,209880.53,Normal,0
2020-06-10 20:00:00,1065.24,871.47,109.74,107.03,111.54,64.09,72.26,2.3,46.45,53.72,210066.18,Normal,0
2020-06-10 21:00:00,1069.28,872.75,108.07,105.27,109.86,62.44,71.56,2.32,45.28,52.33,210135.7,Normal,0
2020-06-10 22:00:00,1055.66,863.49,106.95,104.23,108.72,60.89,69.75,2.34,43.49,51.43,209654.73,Normal,0
2020-06-10 23:00:00,1046.02,856.84,105.68,102.98,107.45,59.53,68.24,2.28,41.99,50.66,210010.57,Normal,0
2020-06-11 00:00:00,1051.52,862.58,104.54,101.96,106.4,58.65,67.51,2.3,42.04,50.19,210085.16,Normal,0
2020-06-11 01:00:00,1049.98,859.7,103.83,101.26,105.75,57.99,66.78,2.49,42.02,49.34,210087.26,Normal,0
2020-06-11 02:00:00,1045.8,859.29,102.95,100.46,104.95,57.52,66.24,2.48,42.14,49.03,210091.17,Normal,0
2020-06-11 03:00:00,1045.86,858.08,102.13,99.67,104.11,57.13,65.72,2.5,42.34,49.35,209959.37,Normal,0
2020-06-11 04:00:00,1046.2,857.7,101.69,99.25,103.69,56.84,65.38,2.5,42.38,48.98,209502.0,Normal,0
2020-06-11 05:00:00,1054.07,861.85,101.57,99.09,103.53,56.5,65.04,2.3,41.75,49.39,210453.34,Normal,0
2020-06-11 06:00:00,1049.05,858.07,101.5,99.03,103.48,56.37,64.81,2.29,41.34,49.6,210006.46,Normal,0
2020-06-11 07:00:00,1054.92,862.84,101.82,99.33,103.8,56.39,64.71,2.25,41.55,49.89,209836.83,Normal,0
2020-06-11 08:00:00,1062.96,870.15,102.08,99.6,104.12,56.74,64.91,2.34,41.82,50.32,209656.53,Normal,0
2020-06-11 09:00:00,1073.5,877.37,102.74,100.16,104.82,57.19,65.18,2.36,41.96,50.88,209897.03,Normal,0
2020-06-11 10:00:00,1073.64,878.47,103.37,100.66,105.45,57.88,65.67,2.34,42.65,51.35,209986.91,Normal,0
2020-06-11 11:00:00,1074.57,878.97,104.11,101.39,106.12,58.48,66.25,2.35,43.06,51.72,209976.13,Normal,0
2020-06-11 12:00:00,1074.06,882.15,104.92,102.32,106.97,59.06,66.77,2.33,43.45,52.19,206332.4,Normal,0
2020-06-11 13:00:00,1064.37,873.73,105.54,102.9,107.59,59.75,67.43,2.31,42.84,53.29,209931.9,Normal,0
2020-06-11 14:00:00,1070.18,878.34,106.26,103.69,108.38,60.6,67.92,2.32,44.05,53.27,210037.69,Normal,0
2020-06-11 15:00:00,1069.1,877.99,106.75,104.16,108.81,60.89,68.2,2.3,44.67,53.11,209969.79,Normal,0
2020-06-11 16:00:00,1070.58,876.14,107.0,104.4,109.05,61.34,68.53,2.25,45.46,53.53,210160.85,Normal,0
2020-06-11 17:00:00,1061.15,872.25,107.42,104.87,109.55,62.07,69.07,2.25,46.18,53.88,210014.67,Normal,0
2020-06-11 18:00:00,1062.28,872.72,107.91,105.33,110.02,62.67,69.59,2.25,46.69,54.2,209937.96,Normal,0
2020-06-11 19:00:00,1067.46,873.48,108.03,105.37,110.05,62.9,69.9,2.23,46.36,53.83,209923.27,Normal,0
2020-06-11 20:00:00,127.98,104.33,95.04,93.21,96.89,62.35,65.62,0.7,47.88,52.79,27828.93,Normal,0
2020-06-11 21:00:00,0.0,0.0,80.79,79.81,82.15,59.48,56.9,0.45,40.27,41.1,0.0,Normal,0
2020-06-11 22:00:00,0.0,0.0,74.7,73.03,75.1,57.11,52.14,0.44,34.67,33.87,0.0,Normal,0
2020-06-11 23:00:00,0.0,0.0,70.14,67.99,70.3,54.8,49.09,0.44,31.6,29.44,0.0,Normal,0
2020-06-12 00:00:00,899.64,738.79,80.86,77.96,85.22,51.99,52.26,2.38,31.52,34.92,169027.08,Normal,0
2020-06-12 01:00:00,177.74,152.15,81.57,79.4,82.95,51.95,56.02,0.8,35.24,45.68,37086.02,Normal,0
2020-06-12 02:00:00,0.0,0.0,69.52,68.28,71.33,50.18,49.8,0.45,33.26,35.58,0.0,Normal,0
2020-06-12 03:00:00,0.0,0.0,64.83,63.2,65.74,48.97,45.96,0.45,30.43,29.94,0.0,Normal,0
2020-06-12 04:00:00,0.0,0.0,61.33,59.39,61.58,47.72,43.28,0.45,28.46,27.15,0.0,Normal,0
2020-06-12 05:00:00,0.0,0.0,58.26,56.27,58.28,46.31,40.96,0.45,26.65,24.92,0.0,Normal,0
2020-06-12 06:00:00,247.37,192.28,57.24,55.18,59.18,44.29,39.52,0.99,25.49,24.56,39836.36,Normal,0
2020-06-12 07:00:00,1109.05,892.02,79.83,77.19,89.27,44.98,48.39,2.65,30.61,41.59,216353.02,Normal,0
2020-06-12 08:00:00,1092.49,883.04,91.53,88.98,96.9,49.11,55.73,2.54,33.39,48.2,214106.13,Normal,0
2020-06-12 09:00:00,1082.03,881.07,96.45,93.81,101.81,52.33,60.23,2.44,39.51,50.63,209780.26,Normal,0
2020-06-12 10:00:00,1073.37,880.33,99.59,96.92,104.86,54.78,63.48,2.35,41.79,51.86,205416.22,Normal,0
2020-06-12 11:00:00,1067.84,873.69,101.72,99.14,107.02,56.92,65.9,2.3,43.58,52.99,209864.38,Normal,0
2020-06-12 12:00:00,1078.95,880.82,103.91,101.08,109.14,59.07,67.71,2.45,45.64,54.36,209780.03,Normal,0
2020-06-12 13:00:00,1072.81,882.44,105.89,103.06,111.22,61.17,69.47,2.56,47.3,55.71,209945.22,Normal,0
2020-06-12 14:00:00,1072.35,883.75,107.81,105.03,114.19,63.02,71.41,2.46,48.34,56.55,204249.14,Normal,0
2020-06-12 15:00:00,1061.68,871.17,108.73,106.16,113.53,64.32,72.63,2.48,48.84,56.68,209616.34,Normal,0
2020-06-12 16:00:00,1081.39,884.45,110.05,107.2,114.74,65.52,73.61,2.58,49.69,57.19,209520.18,Normal,0
2020-06-12 17:00:00,1094.22,891.9,111.04,108.01,115.54,65.77,74.34,2.4,49.87,56.76,209839.43,Normal,0
2020-06-12 18:00:00,1094.14,892.65,111.34,108.27,115.76,65.54,74.35,2.45,49.49,55.88,210122.11,Normal,0
2020-06-12 19:00:00,1082.0,885.8,110.97,107.93,115.37,65.16,73.98,2.38,48.84,54.62,210383.33,Normal,0
2020-06-12 20:00:00,1075.08,880.3,109.55,106.42,113.88,64.11,72.96,2.37,47.68,53.01,210043.65,Normal,0
2020-06-12 21:00:00,1063.66,874.64,107.95,104.9,112.3,62.66,71.65,2.49,46.78,52.12,210388.07,Normal,0
2020-06-12 22:00:00,1049.06,868.5,106.47,103.57,110.98,61.35,70.34,2.5,45.75,51.25,209987.1,Normal,0
2020-06-12 23:00:00,1057.93,872.57,105.39,102.48,109.95,60.2,69.28,2.47,45.09,50.57,209845.51,Normal,0
2020-06-13 00:00:00,1065.32,875.06,104.79,101.93,109.38,59.37,68.51,2.41,44.04,50.07,209080.79,Normal,0
2020-06-13 01:00:00,1064.55,877.61,104.43,101.67,108.96,58.57,67.81,2.4,42.8,49.47,208447.35,Normal,0
2020-06-13 02:00:00,1059.74,871.94,104.25,101.56,108.02,58.04,67.38,2.4,42.1,48.91,210084.7,Normal,0
2020-06-13 03:00:00,1058.12,870.91,103.32,100.59,106.83,57.7,66.92,2.42,42.27,48.62,209874.73,Normal,0
2020-06-13 04:00:00,1046.68,865.01,102.71,100.05,106.27,57.4,66.66,2.46,42.62,48.86,210434.39,Normal,0
2020-06-13 05:00:00,1040.12,862.93,102.42,99.84,106.28,57.4,66.5,2.5,42.87,49.15,209924.63,Normal,0
2020-06-13 06:00:00,1044.21,863.86,102.52,99.95,106.6,57.39,66.5,2.49,43.16,49.25,209985.16,Normal,0
2020-06-13 07:00:00,1047.82,864.48,102.64,100.11,106.69,57.2,66.5,2.5,42.9,48.99,209972.86,Normal,0
2020-06-13 08:00:00,1038.61,864.55,102.62,100.13,106.61,57.41,66.52,2.47,42.95,49.21,209966.02,Normal,0
2020-06-13 09:00:00,1046.75,865.81,102.91,100.4,106.92,57.85,66.75,2.47,43.63,49.77,210016.19,Normal,0
2020-06-13 10:00:00,1060.19,871.85,104.1,101.52,108.14,58.58,67.47,2.51,44.24,50.65,210845.24,Normal,0
2020-06-13 11:00:00,1054.51,868.38,105.37,102.82,109.43,59.53,68.5,2.44,45.26,51.37,210028.54,Normal,0
2020-06-13 12:00:00,1049.85,864.58,106.43,103.93,110.49,60.7,69.48,2.41,46.65,52.81,210273.45,Normal,0
2020-06-13 13:00:00,1050.63,865.04,107.39,104.91,111.46,61.9,70.53,2.4,47.76,54.05,209786.65,Normal,0
2020-06-13 14:00:00,1048.85,867.08,108.36,105.84,112.41,63.05,71.48,2.47,49.02,54.34,209965.77,Normal,0
2020-06-13 15:00:00,824.43,674.31,104.35,101.93,107.12,62.9,70.58,2.0,48.08,53.6,160570.88,Normal,0
2020-06-13 16:00:00,1073.02,878.29,107.49,104.97,109.71,63.23,70.84,2.44,47.34,54.59,209415.7,Normal,0
2020-06-13 17:00:00,1076.83,880.01,109.68,107.06,111.75,64.21,71.96,2.29,48.04,54.64,210170.06,Normal,0
2020-06-13 18:00:00,611.69,500.1,106.69,104.2,108.5,64.88,71.66,1.55,49.84,55.65,122743.07,Normal,0
2020-06-13 19:00:00,0.0,0.0,87.96,87.07,89.9,63.39,63.13,0.46,46.05,46.39,0.0,Normal,0
2020-06-13 20:00:00,0.0,0.0,80.02,78.8,79.97,61.59,56.41,0.45,38.83,37.61,0.0,Normal,0
2020-06-13 21:00:00,0.0,0.0,74.62,73.0,73.48,59.66,52.13,0.45,34.69,33.18,0.0,Normal,0
2020-06-13 22:00:00,0.0,0.0,70.28,68.35,69.23,57.13,49.21,0.45,32.0,30.04,0.0,Normal,0
2020-06-13 23:00:00,0.0,0.0,66.61,64.54,65.86,54.53,46.9,0.45,30.37,28.11,0.0,Normal,0
2020-06-14 00:00:00,945.15,772.05,79.48,76.83,80.5,51.48,51.55,2.51,32.45,34.97,181535.75,Normal,0
2020-06-14 01:00:00,1070.1,872.59,93.26,90.69,95.3,52.37,58.87,2.52,32.98,41.37,210095.01,Normal,0
2020-06-14 02:00:00,1073.9,875.42,97.55,94.89,99.65,53.48,61.6,2.6,31.32,46.8,209911.15,Normal,0
2020-06-14 03:00:00,1077.55,876.05,99.62,96.86,101.62,54.65,63.18,2.68,30.11,47.97,209881.92,Normal,0
2020-06-14 04:00:00,1071.47,875.25,100.89,98.16,102.78,55.48,64.18,2.68,30.03,47.73,210122.81,Normal,0
2020-06-14 05:00:00,1069.5,874.11,101.53,98.84,103.37,55.96,64.86,2.6,29.35,47.64,210153.86,Normal,0
2020-06-14 06:00:00,1057.18,867.46,101.86,99.21,103.67,56.1,65.1,2.57,29.05,47.06,210271.63,Normal,0
2020-06-14 07:00:00,1056.05,868.5,101.76,99.18,103.59,56.13,64.93,2.61,29.28,47.37,209763.04,Normal,0
2020-06-14 08:00:00,1064.21,871.65,101.99,99.38,103.84,56.49,65.45,2.66,29.79,48.2,209991.96,Normal,0
2020-06-14 09:00:00,1055.03,868.99,102.4,99.83,104.33,57.25,65.9,2.64,30.69,48.74,210220.37,Normal,0
2020-06-14 10:00:00,1052.67,866.61,102.93,100.41,104.97,58.08,66.45,2.54,32.83,49.7,210053.42,Normal,0
2020-06-14 11:00:00,1052.34,866.1,103.74,101.24,105.82,58.95,67.27,2.49,34.78,50.63,209939.32,Normal,0
2020-06-14 12:00:00,1054.22,867.67,105.27,102.74,107.33,60.09,68.49,2.56,38.89,51.96,210023.37,Normal,0
2020-06-14 13:00:00,1059.79,869.55,106.91,104.42,109.0,61.6,69.76,2.59,45.46,53.4,208932.54,Normal,0
2020-06-14 14:00:00,1062.92,873.38,108.16,105.62,110.24,63.31,71.12,2.57,46.92,54.13,208536.26,Normal,0
2020-06-14 15:00:00,1063.36,868.76,109.52,106.97,111.54,64.78,72.15,2.51,48.27,54.43,210171.55,Normal,0
2020-06-14 16:00:00,1058.75,866.56,110.28,107.75,112.25,65.76,72.99,2.5,49.13,54.64,209873.79,Normal,0
2020-06-14 17:00:00,1062.83,868.89,110.61,108.0,112.54,66.46,73.57,2.54,49.89,54.81,210011.6,Normal,0
2020-06-14 18:00:00,675.01,554.7,108.57,106.05,110.26,66.74,73.39,1.81,51.19,55.55,137805.08,Normal,0
2020-06-14 19:00:00,0.0,0.0,89.64,88.62,91.18,64.99,64.95,0.47,47.83,47.07,0.0,Normal,0
2020-06-14 20:00:00,0.0,0.0,81.11,79.9,80.64,62.75,57.48,0.45,39.91,37.71,0.0,Normal,0
2020-06-14 21:00:00,0.0,0.0,75.43,73.9,73.82,60.53,52.74,0.46,35.19,32.95,0.0,Normal,0
2020-06-14 22:00:00,0.0,0.0,70.87,69.08,69.27,57.75,49.6,0.46,32.35,30.27,0.0,Normal,0
2020-06-14 23:00:00,0.0,0.0,67.22,65.17,66.4,54.83,47.66,0.45,30.79,28.43,0.0,Normal,0
2020-06-15 00:00:00,846.5,685.92,77.74,75.17,78.48,51.71,51.18,2.33,31.61,34.06,164505.72,Normal,0
2020-06-15 01:00:00,1058.61,863.1,92.32,89.88,94.34,52.25,58.43,2.58,34.34,40.16,209958.36,Normal,0
2020-06-15 02:00:00,1056.73,860.82,97.1,94.75,99.3,53.39,61.47,2.45,33.7,46.02,210022.18,Normal,0
2020-06-15 03:00:00,1053.84,859.59,99.23,96.8,101.29,54.51,62.93,2.45,31.33,47.2,210016.5,Normal,0
2020-06-15 04:00:00,1049.78,858.67,99.81,97.29,101.71,54.99,63.54,2.42,29.27,46.8,210134.09,Normal,0
2020-06-15 05:00:00,1048.89,861.8,99.79,97.22,101.63,55.07,63.95,2.53,27.85,46.21,209269.8,Normal,0
2020-06-15 06:00:00,1075.46,889.96,100.44,97.54,102.19,55.43,64.12,2.71,27.62,46.83,209697.5,Normal,0
2020-06-15 07:00:00,1068.26,887.38,101.39,98.66,103.22,56.35,64.78,2.6,28.88,48.19,210058.93,Normal,0
2020-06-15 08:00:00,1092.95,895.66,103.45,100.56,105.4,58.26,66.21,2.57,32.03,50.36,209704.2,Normal,0
2020-06-15 09:00:00,1081.65,884.35,105.71,102.9,107.7,60.29,68.25,2.59,36.68,52.33,210588.27,Normal,0
2020-06-15 10:00:00,1059.92,871.6,106.7,104.04,108.63,61.56,69.51,2.59,36.93,52.29,210108.83,Normal,0
2020-06-15 11:00:00,1066.59,871.21,107.49,104.88,109.42,62.62,70.59,2.61,39.03,53.12,210098.9,Normal,0
2020-06-15 12:00:00,1072.08,874.08,108.68,106.06,110.65,64.09,71.71,2.54,46.22,54.56,209836.22,Normal,0
2020-06-15 13:00:00,1074.39,874.18,110.13,107.55,112.14,65.93,72.82,2.58,48.89,56.02,210079.14,Normal,0
2020-06-15 14:00:00,1074.04,876.97,111.51,108.89,113.55,67.11,74.11,2.62,50.16,56.9,209770.11,Normal,0
2020-06-15 15:00:00,1072.47,876.19,112.82,110.18,114.84,68.17,75.34,2.55,51.03,57.31,210122.77,Normal,0
2020-06-15 16:00:00,1075.89,880.13,113.85,111.18,115.85,69.07,76.24,2.55,51.42,57.54,207094.34,Normal,0
2020-06-15 17:00:00,875.99,702.98,112.15,109.32,113.91,68.95,76.65,2.24,51.17,58.11,157744.48,Normal,0
2020-06-15 18:00:00,1089.55,890.46,111.27,108.42,113.12,67.44,75.87,2.68,47.69,56.6,207223.93,Normal,0
2020-06-15 19:00:00,578.64,480.98,108.54,105.93,110.04,67.34,74.17,1.76,47.91,57.47,118065.73,Normal,0
2020-06-15 20:00:00,0.0,0.0,89.45,88.58,91.04,65.24,64.77,0.46,45.19,48.0,0.0,Normal,0
2020-06-15 21:00:00,0.0,0.0,81.46,80.19,81.66,62.55,58.1,0.46,38.97,39.06,0.0,Normal,0
2020-06-15 22:00:00,0.0,0.0,76.09,74.29,75.46,60.1,53.86,0.45,35.0,33.73,0.0,Normal,0
2020-06-15 23:00:00,0.0,0.0,71.76,69.51,71.25,57.21,51.2,0.46,32.9,30.45,0.0,Normal,0
2020-06-16 00:00:00,920.94,747.25,83.11,80.21,83.75,53.88,54.3,2.42,33.55,34.6,173305.35,Normal,0
2020-06-16 01:00:00,1091.3,885.36,96.17,93.37,97.77,54.04,59.52,2.99,32.99,43.04,209891.77,Normal,0
2020-06-16 02:00:00,1082.7,880.87,99.62,96.85,101.44,54.69,61.75,2.72,31.15,47.87,206443.91,Normal,0
2020-06-16 03:00:00,1062.01,868.04,100.68,98.2,102.57,55.25,63.86,2.49,30.47,48.16,209825.82,Normal,0
2020-06-16 04:00:00,1056.32,864.92,100.85,98.36,102.64,55.4,64.32,2.55,29.48,47.91,209915.8,Normal,0
2020-06-16 05:00:00,1062.7,869.46,100.97,98.36,102.76,55.75,63.91,2.69,29.14,48.12,210026.56,Normal,0
2020-06-16 06:00:00,1069.53,873.51,101.65,98.99,103.39,56.1,63.89,2.78,28.94,47.87,209693.49,Normal,0
2020-06-16 07:00:00,1070.78,875.39,102.32,99.69,103.98,55.93,64.0,2.61,31.51,47.5,210193.62,Normal,0
2020-06-16 08:00:00,1069.73,871.78,102.38,99.82,104.15,56.12,64.08,2.58,33.59,48.31,209961.3,Normal,0
2020-06-16 09:00:00,1074.54,874.53,102.8,100.16,104.62,56.87,64.75,2.6,33.41,49.16,210029.47,Normal,0
2020-06-16 10:00:00,1079.14,876.26,103.62,100.92,105.48,57.86,65.61,2.59,32.97,50.26,209748.16,Normal,0
2020-06-16 11:00:00,1081.52,879.29,105.14,102.47,106.96,59.01,66.88,2.57,33.44,51.47,210065.11,Normal,0
2020-06-16 12:00:00,1077.61,880.81,106.57,103.86,108.44,60.44,68.58,2.58,34.58,52.9,209741.77,Normal,0
2020-06-16 13:00:00,1084.84,885.65,108.29,105.56,110.19,61.99,70.4,2.64,36.1,54.3,210029.16,Normal,0
2020-06-16 14:00:00,1079.94,884.57,109.88,107.14,111.75,63.29,71.81,2.58,40.78,54.69,210102.05,Normal,0
2020-06-16 15:00:00,1082.54,884.17,110.88,108.1,112.68,64.37,72.97,2.55,46.05,54.79,209893.26,Normal,0
2020-06-16 16:00:00,1078.53,883.0,111.58,108.85,113.41,65.12,73.71,2.57,48.35,54.96,210066.23,Normal,0
2020-06-16 17:00:00,1076.47,883.4,112.09,109.38,113.79,65.4,74.2,2.57,48.45,54.37,209899.46,Normal,0
2020-06-16 18:00:00,1008.16,828.43,111.93,109.18,113.51,65.11,74.11,2.45,47.79,53.71,199608.47,Normal,0
2020-06-16 19:00:00,0.0,0.0,94.53,93.08,96.2,64.33,67.89,0.48,49.04,51.92,43.43,Normal,0
2020-06-16 20:00:00,0.0,0.0,82.89,82.03,83.66,61.95,59.11,0.45,40.58,40.11,0.0,Normal,0
2020-06-16 21:00:00,0.0,0.0,76.86,75.45,76.34,59.85,54.2,0.45,35.83,34.29,0.0,Normal,0
2020-06-16 22:00:00,0.0,0.0,72.34,70.51,71.56,57.43,51.06,0.45,32.8,30.77,0.0,Normal,0
2020-06-16 23:00:00,0.0,0.0,68.57,66.5,68.37,54.86,48.96,0.46,30.99,28.78,0.0,Normal,0
2020-06-17 00:00:00,870.75,688.17,79.62,76.9,80.33,52.1,51.82,2.31,31.12,33.97,166686.47,Normal,0
2020-06-17 01:00:00,1076.9,876.67,93.93,91.43,95.69,52.56,58.19,2.76,33.91,40.82,208770.76,Normal,0
2020-06-17 02:00:00,1094.68,887.21,98.78,96.08,100.66,53.66,61.25,2.8,32.7,46.68,209894.04,Normal,0
2020-06-17 03:00:00,1095.0,889.17,100.87,97.98,102.6,54.79,62.95,2.75,31.01,48.17,205891.47,Normal,0
2020-06-17 04:00:00,1085.84,881.93,101.66,98.74,103.33,55.56,64.08,2.59,31.67,48.32,209945.12,Normal,0
2020-06-17 05:00:00,1082.37,879.27,102.23,99.31,103.89,56.1,64.79,2.49,33.77,48.42,209664.96,Normal,0
2020-06-17 06:00:00,1082.65,882.33,102.69,99.84,104.38,56.37,65.22,2.54,35.33,48.45,210178.61,Normal,0
2020-06-17 07:00:00,1082.94,884.02,103.17,100.24,104.82,56.71,65.95,2.7,32.2,48.08,208655.4,Normal,0
2020-06-17 08:00:00,1090.0,886.95,103.9,100.97,105.59,57.25,66.71,2.7,31.92,49.04,209878.67,Normal,0
2020-06-17 09:00:00,1102.47,887.46,104.7,101.68,106.33,57.94,67.21,2.7,32.98,49.71,210103.12,Normal,0
2020-06-17 10:00:00,1069.57,881.26,104.67,101.8,106.38,58.57,67.92,2.49,36.05,51.14,202585.47,Normal,0
2020-06-17 11:00:00,1104.9,899.21,106.24,103.27,107.92,59.68,68.97,2.45,37.2,52.73,205544.33,Normal,0
2020-06-17 12:00:00,728.42,596.29,104.3,101.58,106.02,61.08,69.8,1.83,43.81,55.27,136037.46,Normal,0
2020-06-17 13:00:00,1088.96,894.9,103.3,100.68,105.56,60.88,68.99,2.47,43.71,53.26,202835.56,Normal,0
2020-06-17 14:00:00,1108.12,898.49,108.86,105.96,110.79,67.73,75.17,2.56,46.08,56.25,208849.29,Normal,0
2020-06-17 15:00:00,1094.83,901.25,111.54,108.65,113.41,76.69,82.57,2.42,48.01,56.91,202997.22,Normal,0
2020-06-17 16:00:00,1107.59,900.61,113.74,110.78,115.48,77.9,83.17,2.62,49.37,57.27,207607.87,Normal,0
2020-06-17 17:00:00,1110.96,900.08,115.43,112.38,117.08,78.24,83.68,2.51,50.59,57.41,208921.81,Normal,0
2020-06-17 18:00:00,1113.75,900.25,116.36,113.29,117.97,78.21,84.25,2.52,51.12,57.31,208359.03,Normal,0
2020-06-17 19:00:00,1070.85,883.93,116.68,113.55,118.11,77.33,83.97,2.48,50.12,55.86,203938.18,Normal,0
2020-06-17 20:00:00,745.7,612.05,107.6,104.91,108.84,73.93,79.5,1.96,46.31,51.91,140301.3,Normal,0
2020-06-17 21:00:00,464.45,378.72,103.89,101.16,105.19,73.03,77.27,1.32,47.35,54.81,90881.98,Normal,0
2020-06-17 22:00:00,0.0,0.0,86.11,84.87,89.91,66.3,67.18,0.46,45.62,46.89,0.0,Normal,0
2020-06-17 23:00:00,0.0,0.0,79.55,77.66,83.08,62.13,60.8,0.45,39.61,37.88,0.0,Normal,0
2020-06-18 00:00:00,837.66,677.7,86.98,84.08,88.55,60.06,63.24,2.26,34.49,36.69,155477.19,Normal,0
2020-06-18 01:00:00,1099.72,892.31,100.04,96.99,101.56,62.27,70.92,2.97,35.49,42.19,209620.6,Normal,0
2020-06-18 02:00:00,1109.74,898.86,103.72,100.74,105.34,61.96,72.91,3.04,35.15,46.17,209196.88,Normal,0
2020-06-18 03:00:00,1115.35,899.57,105.22,102.13,106.7,61.15,73.84,3.11,35.84,49.16,209744.01,Normal,0
2020-06-18 04:00:00,1111.06,899.41,105.86,102.73,107.25,61.26,74.21,3.15,35.13,49.34,209897.27,Normal,0
2020-06-18 05:00:00,1109.83,899.37,106.21,103.07,107.57,61.81,74.23,3.03,31.61,48.89,209815.34,Normal,0
2020-06-18 06:00:00,1109.25,899.21,106.51,103.29,107.8,62.95,74.03,2.9,30.01,48.48,209812.48,Normal,0
2020-06-18 07:00:00,1113.3,900.17,106.7,103.5,108.04,63.03,73.78,2.87,30.02,48.83,209246.06,Normal,0
2020-06-18 08:00:00,1098.52,895.49,106.76,103.61,108.12,62.77,73.78,2.78,30.75,49.54,206785.94,Normal,0
2020-06-18 09:00:00,1079.56,882.72,106.22,103.27,107.75,62.24,74.23,2.89,32.61,50.25,209630.98,Normal,0
2020-06-18 10:00:00,1086.75,887.77,106.86,103.97,108.47,61.86,74.92,2.84,32.98,51.21,209183.14,Normal,0
2020-06-18 11:00:00,1105.21,897.14,108.11,105.12,109.7,64.11,75.75,2.88,33.65,52.22,208845.46,Normal,0
2020-06-18 12:00:00,1109.14,897.9,109.36,106.32,110.95,66.61,76.58,2.84,34.64,53.27,209393.38,Normal,0
2020-06-18 13:00:00,1106.39,900.65,110.77,107.74,112.37,69.59,77.84,2.84,35.69,54.4,207942.92,Normal,0
2020-06-18 14:00:00,1105.63,900.59,112.06,109.04,113.61,69.53,79.5,2.85,36.57,54.86,207492.19,Normal,0
2020-06-18 15:00:00,528.84,442.21,107.3,104.62,108.74,69.74,78.55,1.48,39.48,56.55,100848.3,Normal,0
2020-06-18 16:00:00,832.12,681.83,99.62,97.6,101.29,66.18,73.61,1.96,38.6,48.3,152778.48,Normal,0
2020-06-18 17:00:00,1107.47,900.41,108.59,105.57,110.04,66.17,78.81,2.61,37.84,52.47,208023.09,Normal,0
2020-06-18 18:00:00,1113.24,899.16,110.52,107.51,112.0,66.45,79.1,2.84,42.09,51.83,209558.69,Normal,0
2020-06-18 19:00:00,18.89,29.91,95.45,93.65,97.2,65.49,71.28,0.53,46.48,51.77,9843.61,Normal,0
2020-06-18 20:00:00,0.0,0.0,82.19,81.12,83.64,62.04,60.59,0.44,39.46,39.67,19.1,Normal,0
2020-06-18 21:00:00,0.0,0.0,76.16,74.68,76.19,59.96,54.55,0.44,34.23,33.0,0.0,Normal,0
2020-06-18 22:00:00,0.0,0.0,71.43,69.57,70.9,57.48,50.9,0.44,31.83,29.83,0.0,Normal,0
2020-06-18 23:00:00,0.0,0.0,67.71,65.5,67.71,54.61,48.76,0.44,30.36,27.92,0.0,Normal,0
2020-06-19 00:00:00,1016.26,812.58,81.36,78.41,82.7,52.3,58.45,2.7,30.71,35.31,186370.77,Normal,0
2020-06-19 01:00:00,1114.62,897.55,94.96,92.07,96.84,53.85,66.9,2.89,32.11,41.14,210044.77,Normal,0
2020-06-19 02:00:00,1106.69,896.63,99.45,96.66,101.36,54.83,69.83,3.12,30.59,46.15,209971.14,Normal,0
2020-06-19 03:00:00,1111.91,899.65,101.83,98.98,103.62,56.04,71.98,2.62,30.68,47.54,207856.18,Normal,0
2020-06-19 04:00:00,1111.68,896.7,103.21,100.29,104.95,57.42,72.52,2.81,30.7,48.0,210042.24,Normal,0
2020-06-19 05:00:00,1091.25,891.44,103.5,100.6,105.16,57.99,72.85,2.67,30.51,47.64,206296.64,Normal,0
2020-06-19 06:00:00,1107.15,897.26,104.17,101.15,105.82,58.53,73.26,2.65,31.58,47.93,208729.81,Normal,0
2020-06-19 07:00:00,1111.6,900.97,104.99,101.89,106.62,59.89,73.77,2.55,35.12,48.49,207262.75,Normal,0
2020-06-19 08:00:00,1109.6,896.28,105.59,102.41,107.19,61.03,74.07,2.61,40.14,48.68,207627.06,Normal,0
2020-06-19 09:00:00,1050.5,874.07,104.37,101.54,106.09,60.77,73.68,2.56,41.19,48.54,200090.92,Normal,0
2020-06-19 10:00:00,1053.77,877.99,104.09,101.43,105.97,60.79,73.46,2.54,41.88,49.0,199955.39,Normal,0
2020-06-19 11:00:00,1053.02,878.37,104.09,101.36,105.96,60.46,73.6,2.48,42.59,49.4,199973.35,Normal,0
2020-06-19 12:00:00,1059.43,880.38,104.65,101.86,106.56,60.93,74.36,2.53,44.29,51.03,199893.68,Normal,0
2020-06-19 13:00:00,1056.68,881.78,106.05,103.46,108.05,62.45,75.51,2.65,46.28,53.03,200065.67,Normal,0
2020-06-19 14:00:00,1063.77,883.11,107.74,105.18,109.82,65.39,77.01,2.63,48.14,54.39,199762.14,Normal,0
2020-06-19 15:00:00,1073.2,886.3,109.51,106.72,111.52,68.23,78.7,2.66,49.43,55.47,200108.28,Normal,0
2020-06-19 16:00:00,1057.62,879.76,110.86,108.21,112.9,71.56,80.11,2.63,50.42,56.14,200216.14,Normal,0
2020-06-19 17:00:00,1057.1,879.9,112.08,109.54,114.17,73.11,81.24,2.59,51.17,56.39,199995.17,Normal,0
2020-06-19 18:00:00,725.44,606.37,111.01,108.53,112.99,72.73,81.59,1.94,53.27,58.09,140150.14,Normal,0
2020-06-19 19:00:00,0.0,0.0,92.61,91.71,94.8,69.07,71.08,0.44,50.97,50.57,0.0,Normal,0
2020-06-19 20:00:00,0.0,0.0,83.97,82.88,84.35,65.78,62.28,0.45,42.75,41.37,43.1,Normal,0
2020-06-19 21:00:00,0.0,0.0,78.62,76.82,78.79,62.6,57.82,0.45,38.2,36.68,0.03,Normal,0
2020-06-19 22:00:00,0.0,0.0,74.48,72.22,75.59,59.41,55.4,0.45,35.56,33.67,0.0,Normal,0
2020-06-19 23:00:00,88.37,56.7,71.14,68.55,73.23,56.14,53.69,0.65,33.59,31.4,13215.68,Normal,0
2020-06-20 00:00:00,367.85,307.92,73.49,70.63,75.62,53.05,55.4,1.27,34.39,34.86,68827.12,Normal,0
2020-06-20 01:00:00,1033.46,859.75,88.4,85.9,90.76,53.16,60.27,2.43,36.2,39.61,200081.51,Normal,0
2020-06-20 02:00:00,1031.04,859.67,95.2,92.94,97.52,54.26,63.17,2.41,34.26,45.49,199974.29,Normal,0
2020-06-20 03:00:00,1026.53,860.58,97.69,95.45,99.91,55.91,65.97,2.35,34.37,46.54,200058.2,Normal,0
2020-06-20 04:00:00,1028.72,858.22,98.72,96.4,100.82,56.4,67.27,2.33,35.91,46.79,199989.2,Normal,0
2020-06-20 05:00:00,1027.55,858.6,99.35,96.97,101.39,56.28,68.13,2.3,33.89,47.02,199897.38,Normal,0
2020-06-20 06:00:00,1036.21,862.98,100.17,97.76,102.18,57.47,68.42,2.37,30.75,47.08,199969.9,Normal,0
2020-06-20 07:00:00,1027.47,861.32,100.66,98.26,102.66,58.17,69.09,2.34,30.41,47.73,200043.14,Normal,0
2020-06-20 08:00:00,1033.62,861.54,101.28,98.88,103.31,58.97,69.57,2.37,31.19,48.72,200100.44,Normal,0
2020-06-20 09:00:00,1034.38,860.39,102.3,99.92,104.45,59.86,70.1,2.37,32.52,49.63,199976.29,Normal,0
2020-06-20 10:00:00,1033.86,862.5,103.2,100.88,105.4,59.92,71.27,2.35,34.26,50.77,199929.41,Normal,0
2020-06-20 11:00:00,868.56,724.32,104.26,101.87,106.4,62.19,72.4,2.07,36.44,53.04,170837.66,Normal,0
2020-06-20 12:00:00,0.0,0.0,88.05,86.79,91.69,61.49,66.43,0.46,40.44,53.59,7.14,Normal,0
2020-06-20 13:00:00,245.68,204.99,81.25,79.98,85.8,59.38,61.25,0.98,37.93,43.94,43480.57,Normal,0
2020-06-20 14:00:00,1056.42,869.54,97.51,95.1,100.25,60.77,67.1,2.34,42.05,48.81,202836.73,Normal,0
2020-06-20 15:00:00,749.26,618.29,103.57,101.06,105.98,65.69,72.67,1.81,49.45,56.8,139632.12,Normal,0
2020-06-20 16:00:00,1096.04,891.5,104.91,102.49,107.57,67.06,75.24,2.61,48.38,56.06,203551.82,Normal,0
2020-06-20 17:00:00,1103.9,901.19,111.55,108.79,113.77,71.47,79.16,2.39,50.51,58.49,201213.31,Normal,0
2020-06-20 18:00:00,825.14,680.82,112.86,110.04,114.75,74.28,81.21,2.05,52.65,59.56,154844.67,Normal,0
2020-06-20 19:00:00,0.0,0.0,94.47,93.43,96.81,70.97,71.9,0.46,51.95,54.74,0.0,Normal,0
2020-06-20 20:00:00,0.0,0.0,85.25,84.28,86.15,67.41,63.34,0.45,44.26,44.37,0.0,Normal,0
2020-06-20 21:00:00,0.0,0.0,80.11,78.42,80.96,64.36,59.54,0.45,40.24,39.61,0.0,Normal,0
2020-06-20 22:00:00,0.0,0.0,76.17,74.01,78.06,61.3,57.44,0.45,37.78,36.5,0.0,Normal,0
2020-06-20 23:00:00,0.0,0.0,72.68,70.19,75.31,58.4,55.37,0.45,35.54,33.43,0.0,Normal,0
2020-06-21 00:00:00,814.34,649.86,81.44,78.43,83.64,56.39,60.29,2.13,35.07,36.23,147423.32,Normal,0
2020-06-21 01:00:00,1116.02,900.36,97.97,95.0,100.04,57.82,70.53,2.58,38.71,44.53,207251.67,Normal,0
2020-06-21 02:00:00,1115.43,899.53,103.37,100.54,105.42,59.67,73.22,2.59,38.22,49.16,209527.94,Normal,0
2020-06-21 03:00:00,1113.69,900.63,105.92,102.96,107.79,62.71,74.72,2.56,35.88,49.83,207987.79,Normal,0
2020-06-21 04:00:00,1111.8,900.74,107.2,104.13,108.96,65.14,75.9,2.65,35.65,49.67,207681.2,Normal,0
2020-06-21 05:00:00,1109.51,900.47,107.93,104.8,109.58,66.16,76.06,2.75,32.87,49.42,208239.49,Normal,0
2020-06-21 06:00:00,1109.15,899.17,108.2,105.06,109.81,64.34,76.61,2.85,31.84,49.35,209035.5,Normal,0
2020-06-21 07:00:00,1098.56,899.02,108.23,105.09,109.83,62.72,76.9,2.72,31.99,49.9,203923.42,Normal,0
2020-06-21 08:00:00,1103.04,896.94,108.82,105.74,110.59,63.11,78.04,2.55,34.12,51.75,209610.37,Normal,0
2020-06-21 09:00:00,1105.0,899.46,110.63,107.61,112.52,67.26,80.23,2.66,36.15,53.77,208284.91,Normal,0
2020-06-21 10:00:00,1111.51,900.7,112.54,109.58,114.49,71.15,83.32,2.65,38.75,55.53,207070.74,Normal,0
2020-06-21 11:00:00,1101.66,900.36,114.08,111.09,115.92,72.34,84.39,2.72,39.44,55.92,207722.68,Normal,0
2020-06-21 12:00:00,1100.15,900.59,115.32,112.3,117.15,73.54,83.03,2.59,40.92,57.3,206104.68,Normal,0
2020-06-21 13:00:00,1099.35,900.41,116.59,113.64,118.51,75.21,83.51,2.42,47.05,59.14,205183.37,Normal,0
2020-06-21 14:00:00,1099.21,900.9,118.32,115.42,120.28,77.04,85.48,2.42,53.32,60.37,205235.62,Normal,0
2020-06-21 15:00:00,368.68,306.93,111.65,109.29,113.74,77.63,84.06,1.17,57.79,62.07,71005.63,Normal,0
2020-06-21 16:00:00,0.0,0.0,94.48,93.6,97.36,73.01,74.27,0.47,53.54,52.73,0.0,Normal,0
2020-06-21 17:00:00,863.99,689.42,100.65,98.45,102.32,71.94,75.2,2.0,47.71,50.85,153069.91,Normal,0
2020-06-21 18:00:00,898.04,724.81,113.53,110.6,115.35,75.71,83.2,2.13,49.58,59.5,169992.63,Normal,0
2020-06-21 19:00:00,0.0,0.0,97.08,95.87,99.3,73.3,74.78,0.47,50.84,56.58,0.0,Normal,0
2020-06-21 20:00:00,0.0,0.0,87.81,86.74,89.24,69.66,66.55,0.46,45.65,47.47,0.0,Normal,0
2020-06-21 21:00:00,0.0,0.0,82.88,81.06,84.53,66.71,62.87,0.46,42.59,42.82,0.0,Normal,0
2020-06-21 22:00:00,0.0,0.0,78.89,76.48,81.56,63.85,60.71,0.46,40.85,40.07,0.0,Normal,0
2020-06-21 23:00:00,0.0,0.0,75.28,72.64,78.7,61.09,58.55,0.46,38.88,37.21,0.0,Normal,0
2020-06-22 00:00:00,681.9,534.57,84.12,81.02,86.97,59.51,62.47,2.03,38.98,38.9,127319.87,Normal,0
2020-06-22 01:00:00,120.35,77.39,81.06,78.97,83.72,58.54,62.0,0.72,42.51,41.76,18309.84,Normal,0
2020-06-22 02:00:00,61.91,48.58,74.17,72.26,76.64,55.11,58.53,0.61,39.22,38.15,12535.16,Normal,0
2020-06-22 03:00:00,62.92,51.53,69.23,67.23,72.47,53.07,54.91,0.72,37.5,36.22,13554.71,Normal,0
2020-06-22 04:00:00,0.0,0.0,64.27,62.08,68.68,51.58,51.35,0.46,37.05,35.58,0.0,Normal,0
2020-06-22 05:00:00,87.68,69.4,63.44,61.03,68.15,50.08,49.87,0.69,34.73,33.78,17821.99,Normal,0
2020-06-22 06:00:00,58.27,45.48,60.09,57.83,65.61,48.72,47.54,0.63,33.82,32.87,12833.25,Normal,0
2020-06-22 07:00:00,0.0,0.0,57.95,55.63,63.77,47.78,46.29,0.5,33.77,33.32,0.05,Normal,0
2020-06-22 08:00:00,573.93,452.26,65.72,63.6,71.44,48.28,48.77,1.55,35.69,36.95,108387.5,Normal,0
2020-06-22 09:00:00,575.86,168.55,69.47,68.07,74.76,50.46,51.89,0.93,41.17,40.75,33966.75,Normal,0
2020-06-22 10:00:00,1087.99,891.49,88.21,86.17,92.7,55.29,60.89,2.73,44.22,48.65,205217.3,Normal,0
2020-06-22 11:00:00,1115.34,900.72,103.32,101.04,107.09,64.55,72.19,2.47,48.61,59.35,208526.64,Normal,0
2020-06-22 12:00:00,1107.67,901.03,112.26,109.76,115.58,72.38,79.35,2.28,54.59,63.74,206790.5,Normal,0
2020-06-22 13:00:00,1104.27,901.05,118.27,115.62,121.3,78.01,84.43,2.35,57.54,65.55,207141.2,Normal,0
2020-06-22 14:00:00,1087.9,891.22,122.08,119.43,124.91,81.42,88.48,2.37,58.93,66.07,208139.57,Normal,0
2020-06-22 15:00:00,1104.12,900.12,125.09,122.21,127.72,83.98,91.42,2.34,60.01,66.58,207821.73,Normal,0
2020-06-22 16:00:00,1095.15,900.31,127.13,124.2,129.67,85.9,93.77,2.35,61.09,67.49,204395.57,Normal,0
2020-06-22 17:00:00,1085.42,897.61,128.65,125.68,131.11,87.29,96.07,2.4,62.01,67.57,203268.5,Normal,0
2020-06-22 18:00:00,1084.56,894.89,129.13,126.12,131.41,87.42,96.15,2.33,61.25,66.15,205304.76,Normal,0
2020-06-22 19:00:00,1092.5,897.86,128.57,125.44,130.62,86.48,94.86,2.42,59.01,64.15,206574.75,Normal,0
2020-06-22 20:00:00,1100.09,900.49,127.22,123.95,129.15,85.2,92.96,2.56,57.18,61.78,205632.42,Normal,0
2020-06-22 21:00:00,1096.69,901.08,125.02,121.69,126.91,83.82,90.96,3.61,55.18,57.6,201473.39,Normal,0
2020-06-22 22:00:00,1084.46,900.43,123.42,120.17,125.46,82.59,89.11,3.96,54.61,53.4,201646.63,Normal,0
2020-06-22 23:00:00,1086.12,900.86,122.42,119.21,124.53,81.54,87.47,3.86,54.03,53.37,202471.32,Normal,0
2020-06-23 00:00:00,1092.4,900.96,121.17,117.93,123.12,80.27,86.21,3.71,52.3,53.56,200653.0,Normal,0
2020-06-23 01:00:00,1083.35,897.84,119.49,116.22,121.37,78.86,84.7,2.47,50.52,55.41,200254.34,Normal,0
2020-06-23 02:00:00,1101.55,900.97,118.39,115.09,120.36,78.15,83.61,2.73,50.62,55.96,203724.45,Normal,0
2020-06-23 03:00:00,797.83,658.48,111.56,108.57,113.77,75.91,80.6,1.99,49.61,54.56,146147.61,Normal,0
2020-06-23 04:00:00,1109.72,899.36,114.33,111.02,116.46,75.56,80.59,2.76,48.38,54.54,207343.88,Normal,0
2020-06-23 05:00:00,1111.2,901.05,115.27,111.82,117.42,75.51,80.6,3.38,48.66,53.46,203554.22,Normal,0
2020-06-23 06:00:00,1106.99,900.81,115.4,112.01,117.43,74.76,80.09,4.08,48.02,51.34,205168.1,Normal,0
2020-06-23 07:00:00,1112.4,900.83,115.02,111.52,117.02,74.03,79.32,4.18,47.94,50.52,204069.53,Normal,0
2020-06-23 08:00:00,1108.48,900.77,115.13,111.79,117.19,73.82,79.44,4.09,49.25,51.81,205275.9,Normal,0
2020-06-23 09:00:00,809.58,659.05,113.51,110.4,115.5,74.42,79.66,3.0,51.07,53.66,150288.8,Normal,0
2020-06-23 10:00:00,1071.26,888.85,109.97,107.12,112.52,72.52,78.35,2.48,48.06,53.36,197355.4,Normal,0
2020-06-23 11:00:00,1105.24,900.63,114.22,111.08,116.6,74.17,80.21,2.4,49.83,56.8,201053.64,Normal,0
2020-06-23 12:00:00,1085.58,898.68,116.74,113.74,119.11,75.78,82.1,2.39,51.43,58.62,198615.3,Normal,0
2020-06-23 13:00:00,1095.09,895.62,118.06,115.12,120.34,77.2,83.66,2.37,52.24,60.15,204806.41,Normal,0
2020-06-23 14:00:00,1112.56,901.19,119.95,116.89,122.12,78.64,85.4,2.41,54.02,60.81,205070.63,Normal,0
2020-06-23 15:00:00,1108.53,901.17,121.15,118.04,123.32,80.59,86.3,2.57,55.44,61.27,204179.8,Normal,0
2020-06-23 16:00:00,1102.16,901.26,122.18,119.05,124.32,81.84,87.06,2.51,56.33,61.43,201600.72,Normal,0
2020-06-23 17:00:00,1091.9,901.29,122.69,119.6,124.68,82.1,87.76,2.45,56.08,60.7,200328.03,Normal,0
2020-06-23 18:00:00,1099.83,900.87,122.82,119.7,124.73,81.93,87.77,2.52,54.91,59.86,202868.31,Normal,0
2020-06-23 19:00:00,1106.34,899.45,122.75,119.54,124.6,81.5,87.2,2.52,53.38,58.81,206540.97,Normal,0
2020-06-23 20:00:00,1100.31,899.41,121.75,118.52,123.47,80.76,86.06,2.6,51.99,57.2,202930.49,Normal,0
2020-06-23 21:00:00,1098.82,899.43,120.23,116.96,121.84,79.45,84.68,2.64,50.64,55.66,201961.08,Normal,0
2020-06-23 22:00:00,1104.52,899.43,118.72,115.31,120.44,77.62,83.36,2.66,49.45,54.5,202806.07,Normal,0
2020-06-23 23:00:00,1104.33,899.43,117.43,114.1,119.13,75.87,81.9,2.7,48.76,53.65,204006.04,Normal,0
2020-06-24 00:00:00,1112.12,899.44,116.37,113.01,118.06,74.68,80.82,2.69,48.66,53.21,205073.9,Normal,0
2020-06-24 01:00:00,1107.64,899.42,115.21,111.91,116.83,73.58,79.86,2.73,47.72,52.05,206296.79,Normal,0
2020-06-24 02:00:00,1115.36,899.44,114.27,110.86,115.93,72.74,79.05,2.84,46.96,51.37,207926.63,Normal,0
2020-06-24 03:00:00,1120.23,899.44,113.42,109.98,115.13,72.16,77.99,2.85,46.12,50.71,208416.34,Normal,0
2020-06-24 04:00:00,1120.61,899.43,113.24,109.91,115.06,72.25,77.65,2.76,46.06,51.06,210068.08,Normal,0
2020-06-24 05:00:00,1121.41,899.44,112.89,109.53,114.59,71.15,77.13,2.99,45.58,49.87,210721.83,Normal,0
2020-06-24 06:00:00,1114.67,899.44,112.1,108.67,113.79,70.02,76.1,2.89,45.27,49.68,209264.64,Normal,0
2020-06-24 07:00:00,1111.99,899.45,111.33,107.95,113.09,69.27,75.07,2.78,44.52,49.65,207863.17,Normal,0
2020-06-24 08:00:00,1114.73,899.41,110.98,107.63,112.76,68.7,74.33,2.8,45.0,50.53,209499.78,Normal,0
2020-06-24 09:00:00,1120.53,899.74,110.93,107.59,112.8,68.28,74.14,2.82,45.73,51.45,207182.42,Normal,0
2020-06-24 10:00:00,1126.45,900.22,111.66,108.39,113.65,69.4,75.35,2.85,46.84,52.69,208854.7,Normal,0
2020-06-24 11:00:00,1105.96,893.92,113.16,110.05,115.3,71.08,76.86,2.62,48.42,54.47,207539.74,Normal,0
2020-06-24 12:00:00,1110.45,894.19,114.58,111.58,116.64,72.63,77.9,2.57,49.65,55.85,209055.36,Normal,0
2020-06-24 13:00:00,1104.74,901.15,116.28,113.23,118.36,74.26,79.57,2.45,51.35,57.76,205353.72,Normal,0
2020-06-24 14:00:00,1107.39,901.11,118.0,115.0,120.12,76.06,81.11,2.49,52.95,58.98,206622.53,Normal,0
2020-06-24 15:00:00,1102.86,901.16,119.44,116.4,121.53,77.03,82.49,2.52,53.88,59.64,205176.28,Normal,0
2020-06-24 16:00:00,1101.06,901.19,120.59,117.56,122.69,78.15,83.85,2.56,54.55,60.01,205152.69,Normal,0
2020-06-24 17:00:00,1086.78,901.25,121.05,118.02,123.07,78.38,84.87,2.33,54.27,59.97,196354.59,Normal,0
2020-06-24 18:00:00,1087.18,901.2,120.82,117.8,122.71,79.0,84.92,2.34,53.21,58.78,200704.26,Normal,0
2020-06-24 19:00:00,1090.6,901.21,120.45,117.39,122.16,78.59,84.1,2.44,52.08,57.4,201690.95,Normal,0
2020-06-24 20:00:00,1075.94,889.79,119.06,115.98,120.68,77.5,82.99,2.49,49.65,55.84,202712.8,Normal,0
2020-06-24 21:00:00,1098.36,891.59,117.22,114.12,118.83,74.95,81.33,2.65,47.65,54.02,208842.75,Normal,0
2020-06-24 22:00:00,1092.66,894.12,116.11,112.89,117.73,73.59,79.87,2.79,47.57,53.07,208751.28,Normal,0
2020-06-24 23:00:00,1103.27,898.95,115.26,112.03,116.88,72.79,79.22,2.88,47.02,51.86,209916.36,Normal,0
2020-06-25 00:00:00,1111.79,898.09,114.23,110.99,115.83,71.35,78.51,3.05,46.26,50.65,209729.07,Normal,0
2020-06-25 01:00:00,1114.78,899.11,113.3,110.09,114.87,69.49,77.54,2.97,45.21,49.87,209821.84,Normal,0
2020-06-25 02:00:00,1102.0,897.65,112.38,109.21,113.94,67.98,76.33,3.08,41.03,49.5,209679.69,Normal,0
2020-06-25 03:00:00,1095.92,897.55,111.65,108.51,113.27,66.8,75.03,3.3,36.34,48.81,209968.66,Normal,0
2020-06-25 04:00:00,1100.85,897.57,111.15,108.04,112.77,66.63,73.71,3.2,35.29,48.05,210068.27,Normal,0
2020-06-25 05:00:00,1106.49,898.02,110.5,107.36,112.05,66.28,72.95,3.16,33.61,48.38,209895.81,Normal,0
2020-06-25 06:00:00,1107.45,898.81,110.21,107.07,111.85,65.8,72.5,2.98,32.84,49.06,209797.6,Normal,0
2020-06-25 07:00:00,1087.24,897.71,109.75,106.62,111.42,65.04,72.41,2.64,32.94,49.58,201210.79,Normal,0
2020-06-25 08:00:00,1080.96,882.99,108.88,105.89,110.66,64.13,72.41,2.68,33.48,49.45,209702.15,Normal,0
2020-06-25 09:00:00,511.52,431.76,103.52,100.87,105.35,63.41,70.97,1.74,35.93,52.02,105010.91,Normal,0
2020-06-25 10:00:00,0.0,0.0,85.1,84.04,88.88,60.87,63.15,0.45,37.04,44.36,0.0,Normal,0
2020-06-25 11:00:00,73.25,50.85,78.39,76.73,82.13,58.41,58.26,0.63,34.68,37.07,10779.29,Normal,0
2020-06-25 12:00:00,1076.26,885.07,93.83,90.84,96.48,58.0,62.89,2.58,34.2,41.37,206105.91,Normal,0
2020-06-25 13:00:00,1107.45,899.79,104.29,101.44,106.83,60.99,68.21,2.47,37.06,50.05,208652.75,Normal,0
2020-06-25 14:00:00,1105.53,901.05,109.32,106.5,111.81,63.89,72.21,2.5,39.02,54.84,207096.35,Normal,0
2020-06-25 15:00:00,1105.3,901.08,112.67,109.83,115.09,68.3,76.18,2.51,40.89,56.45,206499.88,Normal,0
2020-06-25 16:00:00,1108.84,901.0,115.23,112.33,117.52,72.84,79.29,2.68,41.98,57.13,207576.7,Normal,0
2020-06-25 17:00:00,1101.66,901.09,116.88,113.97,119.03,75.1,81.46,2.54,44.45,57.2,205789.02,Normal,0
2020-06-25 18:00:00,1074.54,895.4,117.43,114.56,119.53,75.8,82.65,2.5,46.1,57.0,199804.21,Normal,0
2020-06-25 19:00:00,1098.98,897.9,117.47,114.53,119.42,75.53,82.98,2.53,48.72,55.8,208585.92,Normal,0
2020-06-25 20:00:00,1091.06,894.78,117.28,114.29,119.1,74.81,82.64,2.55,48.84,54.57,207789.07,Normal,0
2020-06-25 21:00:00,1103.73,896.67,116.37,113.26,118.06,73.87,81.69,2.77,47.92,52.99,209930.24,Normal,0
2020-06-25 22:00:00,1091.69,894.51,115.1,111.96,116.75,72.36,79.83,3.03,47.06,51.77,209993.46,Normal,0
2020-06-25 23:00:00,1093.0,893.8,113.78,110.67,115.46,70.67,78.12,3.09,46.06,50.85,209960.61,Normal,0
2020-06-26 00:00:00,1096.56,893.59,112.45,109.33,114.12,68.57,76.71,3.1,45.19,50.14,210072.08,Normal,0
2020-06-26 01:00:00,1092.79,892.28,111.16,108.05,112.84,66.88,74.72,2.98,41.58,49.63,210093.63,Normal,0
2020-06-26 02:00:00,1081.24,890.27,110.2,107.19,111.95,65.93,73.73,2.87,36.72,49.62,209889.64,Normal,0
2020-06-26 03:00:00,1085.1,892.37,109.59,106.58,111.41,65.15,73.26,2.99,33.53,48.84,210065.93,Normal,0
2020-06-26 04:00:00,1085.5,891.48,109.08,106.05,110.87,64.72,72.96,2.96,32.19,48.47,209220.19,Normal,0
2020-06-26 05:00:00,1092.75,892.35,108.6,105.58,110.4,63.78,72.53,2.94,31.79,48.53,209998.22,Normal,0
2020-06-26 06:00:00,1076.16,886.87,108.2,105.32,110.08,63.87,72.25,2.82,31.97,48.84,210371.44,Normal,0
2020-06-26 07:00:00,1062.59,883.04,107.6,104.98,109.66,63.49,71.64,2.72,31.9,49.03,210004.84,Normal,0
2020-06-26 08:00:00,1083.86,888.54,107.57,104.75,109.56,63.22,71.49,2.95,31.74,48.97,209784.42,Normal,0
2020-06-26 09:00:00,1091.55,889.13,107.69,104.73,109.6,62.85,71.5,3.04,31.89,49.19,210058.0,Normal,0
2020-06-26 10:00:00,1075.54,883.7,107.46,104.55,109.42,61.69,71.43,2.82,32.1,49.39,210064.34,Normal,0
2020-06-26 11:00:00,1065.61,894.24,107.37,104.48,109.34,61.39,71.56,2.9,32.18,49.62,205222.61,Normal,0
2020-06-26 12:00:00,1061.28,900.45,107.39,104.53,109.41,62.29,71.6,2.47,32.77,50.55,200937.83,Normal,0
2020-06-26 13:00:00,1079.86,900.78,108.56,105.7,110.69,63.18,72.19,2.5,34.46,52.65,202703.66,Normal,0
2020-06-26 14:00:00,1088.77,900.51,110.8,107.99,113.0,64.31,73.88,2.56,37.28,54.27,206330.88,Normal,0
2020-06-26 15:00:00,1096.29,900.56,112.96,110.14,115.2,65.88,76.37,2.57,41.14,55.55,206794.97,Normal,0
2020-06-26 17:00:00,1109.78,899.65,115.01,112.12,117.09,67.4,78.71,2.64,42.7,56.1,210014.72,Normal,0
2020-06-26 18:00:00,1109.78,899.65,115.01,112.12,117.09,67.4,78.71,2.64,42.7,56.1,210014.72,Normal,0
2020-06-26 19:00:00,1109.78,899.65,115.01,112.12,117.09,67.4,78.71,2.64,42.7,56.1,210014.72,Normal,0
2020-06-26 20:00:00,1109.78,899.65,115.01,112.12,117.09,67.4,78.71,2.64,42.7,56.1,210014.72,Normal,0
2020-06-26 21:00:00,18.5,14.99,82.3,80.89,81.67,64.76,59.18,0.49,38.48,37.2,3500.25,Normal,0
2020-06-26 22:00:00,0.0,0.0,76.99,74.97,76.69,61.69,55.78,0.45,35.87,33.86,0.0,Normal,0
2020-06-26 23:00:00,0.0,0.0,73.17,70.76,74.3,58.43,54.19,0.47,34.03,31.62,0.0,Normal,0
2020-06-27 00:00:00,1006.13,826.49,86.5,83.32,88.32,55.58,58.81,2.85,32.46,36.59,181704.01,Normal,0
2020-06-27 01:00:00,1114.49,899.61,98.97,95.98,101.12,56.51,64.1,2.88,33.46,43.02,209159.73,Normal,0
2020-06-27 02:00:00,646.7,538.91,94.09,91.7,96.58,56.22,64.06,1.81,34.03,45.88,122088.62,Normal,0
2020-06-27 03:00:00,1102.36,900.66,100.46,97.65,102.63,56.69,66.02,2.75,31.51,46.75,207761.97,Normal,0
2020-06-27 04:00:00,1107.26,900.45,103.54,100.66,105.56,57.44,67.74,2.86,33.3,47.78,208785.67,Normal,0
2020-06-27 05:00:00,1109.06,899.83,105.23,102.27,107.09,58.35,68.99,2.9,32.78,48.31,208989.07,Normal,0
2020-06-27 06:00:00,1100.9,900.03,106.1,103.1,107.9,58.98,70.48,2.76,31.24,47.97,207101.29,Normal,0
2020-06-27 07:00:00,1073.27,892.41,105.88,102.94,107.69,59.33,71.71,2.61,31.42,48.1,202067.2,Normal,0
2020-06-27 08:00:00,1100.24,901.08,106.63,103.63,108.47,60.17,71.93,2.49,30.95,48.16,205440.13,Normal,0
2020-06-27 09:00:00,1094.28,900.46,107.57,104.58,109.42,60.8,72.52,2.48,31.39,48.92,206806.24,Normal,0
2020-06-27 10:00:00,1101.33,900.92,108.62,105.66,110.54,62.01,73.77,2.38,36.91,50.22,205491.12,Normal,0
2020-06-27 11:00:00,1100.29,900.93,109.8,106.86,111.68,63.27,74.96,2.35,37.02,51.7,203156.21,Normal,0
2020-06-27 12:00:00,1100.19,900.86,111.21,108.34,113.15,64.91,76.34,2.38,37.54,53.53,203147.74,Normal,0
2020-06-27 13:00:00,1096.72,900.79,112.75,109.89,114.76,66.49,77.78,2.4,38.67,55.35,205436.9,Normal,0
2020-06-27 14:00:00,1103.1,900.47,114.54,111.7,116.58,68.34,79.68,2.48,40.25,56.31,206693.1,Normal,0
2020-06-27 15:00:00,1105.96,900.35,116.24,113.44,118.27,70.36,81.5,2.48,41.63,57.11,208233.4,Normal,0
2020-06-27 16:00:00,1095.47,892.95,117.34,114.56,119.35,71.6,83.03,2.59,43.88,57.62,205245.23,Normal,0
2020-06-27 17:00:00,1096.3,888.0,117.65,114.88,119.62,71.99,84.21,2.41,44.91,57.68,209785.97,Normal,0
2020-06-27 18:00:00,1100.64,894.43,118.45,115.65,120.35,72.16,84.65,2.51,49.27,57.34,209827.57,Normal,0
2020-06-27 19:00:00,1110.3,899.52,118.96,116.1,120.69,72.2,84.89,2.4,51.03,56.57,209435.37,Normal,0
2020-06-27 20:00:00,1083.07,891.14,118.09,115.26,119.74,71.69,84.21,2.55,49.71,55.54,203417.17,Normal,0
2020-06-27 21:00:00,1109.88,897.92,116.95,114.0,118.51,70.01,83.1,2.47,48.23,53.67,209035.99,Normal,0
2020-06-27 22:00:00,1108.76,899.26,116.17,113.15,117.72,69.06,81.56,2.52,47.71,52.94,209390.43,Normal,0
2020-06-27 23:00:00,1104.94,898.56,115.07,111.99,116.64,67.91,79.42,2.58,46.98,52.11,209243.99,Normal,0
2020-06-28 00:00:00,829.79,686.47,110.76,107.84,112.35,66.41,77.33,2.09,46.03,51.32,151206.13,Normal,0
2020-06-28 01:00:00,1076.51,899.9,107.55,104.7,109.61,64.71,75.56,2.35,39.75,50.11,195191.55,Normal,0
2020-06-28 02:00:00,1098.49,900.59,109.01,106.03,110.81,63.94,74.23,2.69,35.57,50.64,198632.8,Normal,0
2020-06-28 03:00:00,1096.14,900.96,109.06,106.1,110.78,62.85,72.89,2.82,33.38,50.18,200775.95,Normal,0
2020-06-28 04:00:00,1098.59,900.93,109.08,106.11,110.81,62.07,72.26,3.03,32.31,49.45,202006.78,Normal,0
2020-06-28 05:00:00,1092.58,900.89,108.95,106.02,110.68,61.59,71.71,3.05,31.34,48.73,202304.25,Normal,0
2020-06-28 06:00:00,1101.21,900.85,108.69,105.74,110.38,61.03,71.22,2.82,30.91,48.61,203226.53,Normal,0
2020-06-28 07:00:00,1097.14,900.8,108.39,105.45,110.1,60.83,71.01,2.71,31.49,49.25,202313.87,Normal,0
2020-06-28 08:00:00,1101.14,900.79,108.64,105.74,110.46,61.3,71.42,2.74,33.24,50.83,201552.78,Normal,0
2020-06-28 09:00:00,1096.91,900.71,109.0,106.1,110.9,61.84,71.7,2.72,34.0,51.59,201180.61,Normal,0
2020-06-28 10:00:00,1093.44,900.59,109.88,107.07,111.77,62.8,72.56,2.68,35.14,52.71,201401.42,Normal,0
2020-06-28 11:00:00,1092.33,900.57,111.04,108.26,113.0,63.94,73.97,2.59,37.39,54.02,200659.28,Normal,0
2020-06-28 12:00:00,1093.47,900.62,112.57,109.84,114.63,65.34,76.11,2.56,40.97,55.68,201035.47,Normal,0
2020-06-28 13:00:00,1092.45,900.66,114.09,111.35,116.18,67.54,78.55,2.63,41.61,57.17,198976.75,Normal,0
2020-06-28 14:00:00,1090.69,900.8,115.39,112.62,117.47,70.57,80.73,2.59,42.61,58.18,196445.23,Normal,0
2020-06-28 15:00:00,1079.58,900.86,116.26,113.51,118.37,72.33,82.2,2.42,45.15,58.85,191531.11,Normal,0
2020-06-28 16:00:00,1073.97,900.85,117.09,114.36,119.2,73.12,82.95,2.37,50.97,59.42,191559.96,Normal,0
2020-06-28 17:00:00,1069.66,900.84,117.79,115.07,119.89,73.66,83.47,2.38,53.46,59.59,190078.62,Normal,0
2020-06-28 18:00:00,1063.06,900.84,117.94,115.22,119.95,74.18,83.54,2.4,53.85,59.33,188641.74,Normal,0
2020-06-28 19:00:00,1067.38,900.62,117.99,115.28,119.98,73.78,83.5,2.36,52.74,58.53,192282.18,Normal,0
2020-06-28 20:00:00,1087.88,900.77,117.92,115.13,119.7,72.69,82.82,2.34,51.52,56.97,196896.91,Normal,0
2020-06-28 21:00:00,433.5,373.0,110.26,107.78,112.15,71.61,79.88,1.29,53.12,57.83,82942.59,Normal,0
2020-06-28 22:00:00,0.0,0.0,91.95,90.86,95.32,68.17,70.13,0.46,49.64,48.48,0.0,Normal,0
2020-06-28 23:00:00,0.0,0.0,84.89,83.1,87.09,65.18,63.61,0.46,42.9,40.16,0.0,Normal,0
2020-06-29 00:00:00,0.0,0.0,79.87,77.44,81.4,62.57,59.66,0.46,39.44,35.47,0.0,Normal,0
2020-06-29 01:00:00,1012.02,816.76,92.32,89.09,94.08,63.03,62.95,2.32,36.69,38.76,185664.34,Normal,0
2020-06-29 02:00:00,1113.06,900.85,104.01,101.05,106.06,66.64,68.23,2.61,36.69,46.18,206612.07,Normal,0
2020-06-29 03:00:00,1095.45,900.93,107.16,104.39,109.32,67.33,70.62,2.68,35.37,50.44,201592.95,Normal,0
2020-06-29 04:00:00,1091.49,900.93,108.51,105.73,110.6,67.31,72.12,2.72,34.38,50.96,200598.77,Normal,0
2020-06-29 05:00:00,1098.13,895.77,109.47,106.63,111.48,67.8,73.24,2.49,33.63,50.44,206924.87,Normal,0
2020-06-29 06:00:00,1111.04,900.64,110.45,107.5,112.38,68.44,74.0,2.51,33.25,50.31,208403.47,Normal,0
2020-06-29 07:00:00,1118.57,900.62,110.84,107.83,112.68,68.41,74.48,2.53,34.23,50.73,208535.9,Normal,0
2020-06-29 08:00:00,1112.36,900.17,111.21,108.27,113.1,69.0,74.73,2.59,35.32,51.55,208583.32,Normal,0
2020-06-29 09:00:00,1110.78,896.42,111.97,109.11,114.02,69.44,75.46,2.81,36.47,53.04,208944.44,Normal,0
2020-06-29 10:00:00,1073.45,890.19,112.45,109.72,114.63,70.03,77.06,2.41,39.43,54.27,197883.67,Normal,0
2020-06-29 11:00:00,1100.19,894.88,113.76,111.1,115.93,71.48,79.78,2.61,44.18,55.29,209427.57,Normal,0
2020-06-29 12:00:00,1117.6,899.45,116.02,113.31,118.18,73.12,81.35,2.54,46.05,57.29,209610.18,Normal,0
2020-06-29 13:00:00,1119.38,899.14,117.81,115.1,119.95,75.01,82.88,2.56,52.35,59.3,209810.21,Normal,0
2020-06-29 14:00:00,1109.99,900.85,119.64,116.97,121.75,76.55,84.91,2.4,54.61,60.29,205402.57,Normal,0
2020-06-29 15:00:00,1108.95,900.87,120.85,118.22,122.98,78.33,86.58,2.32,55.92,61.02,203493.64,Normal,0
2020-06-29 16:00:00,1109.45,900.86,122.09,119.51,124.2,79.72,87.83,2.34,56.83,61.52,203259.35,Normal,0
2020-06-29 17:00:00,1116.84,901.02,123.06,120.46,125.12,81.76,88.85,2.34,57.93,61.93,203288.86,Normal,0
2020-06-29 18:00:00,959.63,787.75,123.14,120.52,125.16,82.35,89.41,2.14,59.12,62.43,177611.43,Normal,0
2020-06-29 19:00:00,0.0,0.0,105.05,103.59,108.51,78.81,82.15,0.48,60.36,61.41,0.48,Normal,0
2020-06-29 20:00:00,0.0,0.0,94.85,93.43,99.1,74.13,74.36,0.45,52.41,50.99,0.0,Normal,0
2020-06-29 21:00:00,0.0,0.0,89.49,87.32,92.86,71.19,69.42,0.46,47.13,45.23,0.0,Normal,0
2020-06-29 22:00:00,0.0,0.0,84.97,82.26,88.21,68.13,66.2,0.46,43.71,41.63,0.0,Normal,0
2020-06-29 23:00:00,0.0,0.0,80.94,78.05,83.93,65.22,62.73,0.46,40.66,38.25,0.0,Normal,0
2020-06-30 00:00:00,987.71,767.81,92.45,89.2,94.75,64.63,68.35,2.53,40.8,41.84,176342.0,Normal,0
2020-06-30 01:00:00,1109.22,900.92,105.38,102.58,107.58,68.26,76.26,2.68,41.08,50.16,200010.17,Normal,0
2020-06-30 02:00:00,1110.4,900.91,109.06,106.43,111.27,69.63,77.94,2.69,40.12,51.72,200196.02,Normal,0
2020-06-30 03:00:00,1121.56,900.82,110.79,108.16,112.82,70.33,78.53,2.73,40.71,51.34,203676.02,Normal,0
2020-06-30 04:00:00,1120.9,900.88,111.78,109.09,113.68,70.76,78.75,2.73,39.84,51.64,204251.55,Normal,0
2020-06-30 05:00:00,1116.01,900.85,111.89,109.18,113.75,70.9,78.7,2.87,37.24,51.58,202733.98,Normal,0
2020-06-30 06:00:00,1113.74,900.9,112.05,109.31,113.92,70.97,78.74,2.84,37.86,51.31,203096.74,Normal,0
2020-06-30 07:00:00,1124.52,899.5,112.07,109.29,113.94,70.8,78.47,2.9,35.91,51.44,206845.63,Normal,0
2020-06-30 08:00:00,1108.74,895.95,112.14,109.38,114.03,70.82,78.59,2.7,36.31,51.89,208317.89,Normal,0
2020-06-30 09:00:00,1045.26,861.2,112.49,109.76,114.42,71.53,80.53,2.39,40.41,52.9,191168.49,Normal,0
2020-06-30 10:00:00,971.67,0.01,95.95,94.38,98.62,69.51,74.89,0.52,45.86,52.89,271.02,Normal,0
2020-06-30 11:00:00,1100.0,0.0,85.49,84.21,88.22,66.02,66.64,0.51,42.63,45.08,4.14,Normal,0
2020-06-30 12:00:00,1100.0,0.0,80.76,78.94,83.18,64.4,62.52,0.51,40.84,41.68,0.0,Normal,0
2020-06-30 13:00:00,567.54,44.14,77.35,75.29,79.87,63.03,59.8,0.65,39.68,40.13,9748.22,Normal,0
2020-06-30 14:00:00,984.7,829.91,93.03,90.6,95.63,64.03,67.79,2.54,44.5,47.87,181303.15,Normal,0
2020-06-30 15:00:00,1099.81,896.82,106.37,104.08,109.29,70.02,76.54,2.55,48.9,55.06,203026.4,Normal,0
2020-06-30 16:00:00,1098.69,900.76,113.15,110.78,115.89,73.94,80.99,2.43,51.97,59.61,201047.6,Normal,0
2020-06-30 17:00:00,1097.73,899.64,116.74,114.29,119.26,76.03,83.83,2.41,54.43,60.42,199765.7,Normal,0
2020-06-30 18:00:00,1108.61,900.62,118.96,116.36,121.2,77.6,85.07,2.41,55.07,60.18,203553.97,Normal,0
2020-06-30 19:00:00,1107.09,900.64,120.0,117.29,122.08,78.49,85.65,2.53,54.95,58.94,204621.77,Normal,0
2020-06-30 20:00:00,1110.65,900.68,120.36,117.61,122.27,78.85,85.8,2.78,54.04,57.07,206121.2,Normal,0
2020-06-30 21:00:00,914.75,744.49,119.31,116.46,121.07,78.42,85.31,2.47,53.93,56.97,172963.28,Normal,0
2020-06-30 22:00:00,0.0,0.0,99.79,98.29,103.06,74.11,76.89,0.48,55.57,54.69,12.91,Normal,0
2020-06-30 23:00:00,0.0,0.0,89.8,88.24,93.03,69.79,68.6,0.47,47.85,43.98,8.92,Normal,0
2020-07-01 00:00:00,0.0,0.0,84.36,82.03,87.03,66.82,64.07,0.46,43.39,39.19,0.0,Normal,0
2020-07-01 01:00:00,0.0,0.0,79.98,77.15,82.66,63.99,60.91,0.46,40.45,36.18,0.0,Normal,0
2020-07-01 02:00:00,925.83,746.96,90.78,87.58,93.18,62.31,63.93,2.76,38.18,40.5,173657.94,Normal,0
2020-07-01 03:00:00,1115.36,893.12,103.55,100.75,105.74,65.41,69.33,3.39,42.12,48.49,210131.07,Normal,0
2020-07-01 04:00:00,1122.52,897.28,107.37,104.69,109.53,66.47,71.82,3.0,37.57,49.72,209584.71,Normal,0
2020-07-01 05:00:00,1115.92,899.38,109.53,106.79,111.55,68.53,73.91,2.88,35.41,50.45,209457.37,Normal,0
2020-07-01 06:00:00,1122.41,899.88,110.81,108.05,112.77,69.46,75.42,2.73,34.73,50.8,209531.03,Normal,0
2020-07-01 07:00:00,1118.89,900.61,111.73,108.99,113.72,70.28,76.53,2.51,34.94,51.49,207917.66,Normal,0
2020-07-01 08:00:00,1106.81,900.65,112.68,109.97,114.78,72.03,78.05,2.37,36.99,53.87,199766.25,Normal,0
2020-07-01 09:00:00,1062.77,871.16,113.54,111.02,115.81,73.4,80.04,2.51,39.86,55.49,201443.31,Normal,0
2020-07-01 10:00:00,1095.22,884.95,114.74,112.18,116.96,73.84,81.38,2.44,41.7,56.78,209322.67,Normal,0
2020-07-01 11:00:00,1123.0,896.42,117.04,114.44,119.2,75.27,83.08,2.43,42.71,57.71,209878.6,Normal,0
2020-07-01 12:00:00,1107.02,891.53,118.47,115.83,120.58,76.82,84.52,2.54,46.24,59.24,210077.07,Normal,0
2020-07-01 13:00:00,1112.7,896.04,120.4,117.77,122.57,78.64,86.6,2.44,51.73,60.97,209832.11,Normal,0
2020-07-01 14:00:00,1111.89,897.13,122.24,119.57,124.45,80.32,88.48,2.44,55.98,61.86,206485.44,Normal,0
2020-07-01 15:00:00,1105.21,892.75,123.48,120.81,125.68,81.58,90.29,2.47,57.33,62.5,209276.77,Normal,0
2020-07-01 16:00:00,1126.51,898.93,124.93,122.3,126.98,82.37,91.43,2.46,58.7,62.89,208535.94,Normal,0
2020-07-01 17:00:00,1131.3,899.85,125.79,123.2,127.77,82.8,92.14,2.35,59.43,62.99,208016.42,Normal,0
2020-07-01 18:00:00,1144.15,896.87,126.26,123.7,128.02,83.2,92.15,2.38,59.77,62.47,210106.6,Normal,0
2020-07-01 19:00:00,1143.56,898.9,125.81,123.19,127.49,83.49,91.88,2.3,58.72,60.89,207286.14,Normal,0
2020-07-01 20:00:00,1138.34,900.6,124.57,121.9,126.1,82.74,90.99,2.44,57.3,59.18,201458.86,Normal,0
2020-07-01 21:00:00,1151.59,900.51,122.93,120.24,124.35,81.35,89.44,2.58,55.13,57.12,204334.89,Normal,0
2020-07-01 22:00:00,1147.73,900.43,121.33,118.64,122.71,79.82,87.97,2.64,53.51,55.89,205062.47,Normal,0
2020-07-01 23:00:00,1145.3,900.49,120.3,117.63,121.66,78.73,86.72,2.71,52.87,55.43,204521.53,Normal,0
2020-07-02 00:00:00,1142.26,900.42,119.72,116.99,121.23,78.06,85.73,2.69,52.15,54.73,205558.63,Normal,0
2020-07-02 01:00:00,1130.72,900.14,119.18,116.42,120.86,77.43,84.96,2.8,52.0,54.44,206397.0,Normal,0
2020-07-02 02:00:00,1063.76,867.28,117.37,114.58,119.08,75.88,84.02,2.41,49.07,52.27,192489.45,Normal,0
2020-07-02 03:00:00,1105.07,890.41,116.08,113.27,117.74,74.25,82.32,2.66,41.55,51.69,210282.18,Normal,0
2020-07-02 04:00:00,1095.18,882.2,114.67,111.91,116.31,72.52,80.39,2.96,37.71,50.02,210166.3,Normal,0
2020-07-02 05:00:00,1097.96,884.92,112.97,110.23,114.61,70.78,78.82,3.4,36.54,48.0,209809.81,Normal,0
2020-07-02 06:00:00,1106.97,890.42,111.84,109.11,113.48,69.14,77.79,3.27,34.58,47.47,209741.14,Normal,0
2020-07-02 07:00:00,1124.67,896.31,111.33,108.65,112.95,68.4,76.88,2.9,33.77,49.17,209969.02,Normal,0
2020-07-02 08:00:00,1131.19,895.64,111.15,108.48,112.82,68.62,76.3,2.92,35.38,50.16,210025.96,Normal,0
2020-07-02 09:00:00,1128.02,895.19,111.68,109.06,113.49,69.31,76.2,2.82,37.27,51.82,210071.78,Normal,0
2020-07-02 10:00:00,1107.11,890.35,112.39,109.74,114.4,70.18,76.76,2.74,37.84,53.07,210161.14,Normal,0
2020-07-02 11:00:00,1113.85,896.23,113.68,111.07,115.77,71.49,78.34,2.39,40.14,54.62,206244.77,Normal,0
2020-07-02 12:00:00,1128.79,900.73,115.8,113.16,117.9,73.18,80.25,2.31,43.77,56.05,208511.48,Normal,0
2020-07-02 13:00:00,1124.91,900.39,117.86,115.27,120.01,75.06,82.28,2.36,47.98,57.72,209052.06,Normal,0
2020-07-02 14:00:00,1131.36,898.87,119.76,117.11,121.82,76.88,84.02,2.41,50.42,58.74,209499.77,Normal,0
2020-07-02 15:00:00,1130.47,896.53,121.13,118.51,123.2,78.13,85.65,2.51,54.44,59.32,210118.49,Normal,0
2020-07-02 16:00:00,1123.42,894.31,122.09,119.45,124.09,78.85,87.34,2.56,55.49,59.35,210033.89,Normal,0
2020-07-02 17:00:00,1117.69,894.93,122.65,119.99,124.58,79.27,87.91,2.62,55.45,58.85,209963.39,Normal,0
2020-07-02 18:00:00,804.17,646.79,120.92,118.28,122.66,78.91,87.29,2.01,55.88,59.34,153676.8,Normal,0
2020-07-02 19:00:00,0.0,0.0,100.85,99.7,103.93,75.07,77.84,0.45,55.21,54.95,0.0,Normal,0
2020-07-02 20:00:00,0.0,0.0,91.7,90.31,94.1,71.36,69.61,0.44,47.79,45.5,0.0,Normal,0
2020-07-02 21:00:00,0.0,0.0,86.26,84.22,87.68,68.69,64.79,0.44,43.47,40.21,0.0,Normal,0
2020-07-02 22:00:00,0.0,0.0,81.77,79.34,82.9,65.93,61.45,0.44,40.87,37.44,0.0,Normal,0
2020-07-02 23:00:00,10.81,0.55,77.84,75.07,79.94,62.69,59.31,0.47,38.39,35.01,0.0,Normal,0
2020-07-03 00:00:00,1060.66,855.98,92.33,89.2,94.28,61.72,64.28,3.08,37.19,38.75,200128.59,Normal,0
2020-07-03 01:00:00,1101.95,885.29,103.15,100.5,105.43,65.04,69.17,2.79,39.39,46.14,209860.63,Normal,0
2020-07-03 02:00:00,1102.66,885.27,106.75,104.23,109.08,66.79,71.94,2.57,36.71,49.45,210098.02,Normal,0
2020-07-03 05:00:00,1093.11,882.51,109.27,106.65,111.32,67.99,75.32,2.51,33.46,48.84,209933.87,Normal,0
2020-07-03 06:00:00,1093.34,883.09,109.39,106.71,111.41,67.9,75.64,2.46,33.07,48.63,209909.86,Normal,0
2020-07-03 07:00:00,1111.43,897.43,109.85,107.15,111.8,67.82,75.85,2.49,33.39,49.06,208860.57,Normal,0
2020-07-03 08:00:00,1120.43,900.91,110.57,107.83,112.54,68.45,75.98,2.53,34.06,49.68,207531.62,Normal,0
2020-07-03 09:00:00,1130.95,901.02,111.54,108.86,113.59,69.93,76.62,2.58,35.51,51.48,207044.13,Normal,0
2020-07-03 10:00:00,242.46,202.17,101.77,99.85,104.43,69.87,73.89,0.95,39.25,55.01,47247.29,Normal,0
2020-07-03 11:00:00,0.0,0.0,86.62,85.81,91.13,65.65,66.08,0.44,39.33,46.73,0.0,Normal,0
2020-07-03 12:00:00,31.58,9.89,81.23,79.86,85.39,63.44,62.1,0.5,38.11,41.27,1870.96,Normal,0
2020-07-03 13:00:00,1074.25,869.64,96.51,94.11,99.13,63.99,67.66,2.41,40.57,45.47,203987.8,Normal,0
2020-07-03 14:00:00,1122.55,894.4,108.78,106.37,111.34,69.49,75.83,2.75,44.87,54.07,209939.05,Normal,0
2020-07-03 15:00:00,1122.81,894.73,114.37,111.97,116.87,73.64,80.78,2.59,50.99,57.78,209860.79,Normal,0
2020-07-03 16:00:00,1125.08,895.39,117.77,115.29,120.13,76.17,83.52,2.62,53.9,59.05,209883.29,Normal,0
2020-07-03 17:00:00,1123.3,896.58,120.06,117.5,122.25,77.87,85.22,2.51,54.88,59.75,209933.2,Normal,0
2020-07-03 18:00:00,1120.34,895.65,121.55,118.95,123.65,79.01,86.33,2.52,55.15,59.54,210092.54,Normal,0
2020-07-03 19:00:00,1124.88,898.87,122.09,119.45,124.02,78.95,86.68,2.45,54.03,58.1,208619.84,Normal,0
2020-07-03 20:00:00,1118.91,901.07,121.45,118.71,123.13,78.19,86.12,2.56,52.4,56.33,205007.14,Normal,0
2020-07-03 21:00:00,671.53,550.77,116.53,113.79,118.02,76.44,84.41,1.8,53.07,56.16,128825.48,Normal,0
2020-07-03 22:00:00,0.0,0.0,95.81,94.56,100.0,71.26,75.12,0.44,53.33,51.85,14.69,Normal,0
2020-07-03 23:00:00,0.0,0.0,87.6,85.63,92.74,66.89,68.66,0.44,46.3,42.14,0.0,Normal,0
2020-07-04 00:00:00,893.77,706.41,95.38,92.28,98.56,65.19,69.06,2.37,38.82,39.89,162803.01,Normal,0
2020-07-04 01:00:00,1122.18,900.54,107.05,104.06,109.01,68.06,74.41,3.57,37.72,47.65,208020.82,Normal,0
2020-07-04 02:00:00,1120.76,900.49,109.9,107.16,111.83,68.41,76.34,4.2,36.19,46.67,208077.35,Normal,0
2020-07-04 03:00:00,1128.98,900.35,111.04,108.32,112.87,68.38,77.25,4.53,34.74,43.49,208474.0,Normal,0
2020-07-04 04:00:00,1128.28,900.43,111.32,108.56,113.12,68.59,77.61,4.54,33.69,42.65,208699.98,Normal,0
2020-07-04 05:00:00,1125.1,900.35,111.44,108.64,113.16,68.33,77.51,4.47,32.92,42.59,208501.74,Normal,0
2020-07-04 06:00:00,1116.83,900.88,111.2,108.41,112.85,67.89,76.74,3.69,32.22,44.41,206824.81,Normal,0
2020-07-04 07:00:00,1126.6,900.11,111.16,108.36,112.82,67.71,76.09,2.91,33.03,47.97,209453.96,Normal,0
2020-07-04 08:00:00,624.27,516.31,107.12,104.52,108.95,67.98,75.53,1.77,37.68,52.0,115776.65,Normal,0
2020-07-04 09:00:00,741.58,605.31,97.43,95.58,101.04,65.0,71.34,1.9,38.69,46.4,137748.38,Normal,0
2020-07-04 10:00:00,1078.05,872.8,106.59,104.14,109.1,67.44,74.56,2.45,39.24,50.62,209775.41,Normal,0
2020-07-04 11:00:00,1084.63,874.26,110.08,107.71,112.57,69.71,77.22,2.33,40.53,53.43,209903.45,Normal,0
2020-07-04 12:00:00,1092.98,881.47,112.78,110.45,115.23,70.97,79.28,2.4,41.63,55.2,209733.48,Normal,0
2020-07-04 13:00:00,1101.4,885.36,115.23,112.82,117.65,72.79,81.09,2.33,47.41,56.81,209861.44,Normal,0
2020-07-04 14:00:00,1106.19,888.1,117.54,115.13,119.97,75.52,82.99,2.36,52.28,58.25,209960.5,Normal,0
2020-07-04 15:00:00,1113.99,895.34,119.78,117.29,122.15,77.44,84.93,2.43,54.75,59.18,208672.55,Normal,0
2020-07-04 16:00:00,1109.38,901.2,121.67,119.16,124.01,78.85,86.6,2.39,56.06,59.88,203032.42,Normal,0
2020-07-04 17:00:00,881.83,721.5,117.97,115.55,120.35,78.64,86.3,2.0,54.77,59.09,157606.08,Normal,0
2020-07-04 18:00:00,1101.94,901.15,121.11,118.59,123.44,80.49,87.3,2.29,52.38,60.22,199302.31,Normal,0
2020-07-04 19:00:00,1108.71,901.14,122.66,120.12,124.88,81.21,88.04,2.5,52.18,59.79,201609.66,Normal,0
2020-07-04 20:00:00,1112.97,901.15,122.74,120.1,124.76,81.48,88.62,2.83,50.58,57.72,200359.09,Normal,0
2020-07-04 21:00:00,1112.16,900.83,121.97,119.25,123.89,81.09,88.42,3.23,49.24,55.48,201072.73,Normal,0
2020-07-04 22:00:00,1114.78,901.15,121.27,118.55,123.18,80.48,87.77,3.88,46.99,52.49,202733.54,Normal,0
2020-07-04 23:00:00,1111.87,901.16,120.76,118.06,122.66,80.12,87.05,3.81,47.47,51.81,202868.64,Normal,0
2020-07-05 00:00:00,1113.03,901.17,120.2,117.45,122.02,79.4,86.13,3.77,48.01,50.08,202566.17,Normal,0
2020-07-05 01:00:00,1116.86,901.19,119.27,116.45,121.04,78.61,85.13,4.0,46.32,47.46,203596.24,Normal,0
2020-07-05 02:00:00,1115.82,900.71,118.31,115.5,120.05,77.6,83.96,4.11,42.02,46.23,205312.38,Normal,0
2020-07-05 03:00:00,1113.84,895.9,117.48,114.66,119.21,76.19,82.62,3.93,39.78,45.25,209789.55,Normal,0
2020-07-05 04:00:00,1111.54,892.57,116.15,113.35,117.88,74.85,81.2,3.2,37.88,45.45,207037.07,Normal,0
2020-07-05 05:00:00,1165.64,901.2,116.61,113.75,118.31,73.8,81.16,2.42,38.85,44.47,223155.09,Normal,0
2020-07-05 06:00:00,1142.76,901.26,116.6,113.73,118.23,73.39,80.79,2.72,38.21,43.3,216726.34,Normal,0
2020-07-05 07:00:00,1143.52,901.23,116.48,113.68,118.23,73.81,80.33,3.07,37.6,43.49,215916.09,Normal,0
2020-07-05 08:00:00,1137.51,901.22,117.19,114.5,119.12,75.03,80.88,2.97,39.37,45.64,214390.68,Normal,0
2020-07-05 09:00:00,1136.23,901.21,118.67,116.01,120.7,76.38,82.33,2.85,41.54,47.38,213193.7,Normal,0
2020-07-05 10:00:00,1144.23,901.21,120.36,117.71,122.46,78.04,84.36,2.83,44.15,49.46,212405.53,Normal,0
2020-07-05 11:00:00,1148.33,901.21,122.55,119.97,124.73,80.52,87.13,2.75,48.69,51.73,212138.6,Normal,0
2020-07-05 12:00:00,1148.31,901.19,124.67,122.1,126.8,82.58,89.49,2.66,52.46,54.77,210960.72,Normal,0
2020-07-05 13:00:00,1106.76,888.93,125.93,123.46,128.15,84.14,91.21,2.36,55.85,59.3,206233.59,Normal,0
2020-07-05 14:00:00,1135.15,897.43,127.49,124.97,129.74,85.6,92.42,2.25,57.98,61.27,209445.5,Normal,0
2020-07-05 15:00:00,1137.29,900.4,129.48,126.91,131.7,87.12,95.17,2.25,60.17,64.86,208599.31,Normal,0
2020-07-05 16:00:00,1118.57,901.13,130.69,128.16,132.91,88.11,96.57,2.3,61.82,66.11,203193.98,Normal,0
2020-07-05 17:00:00,1105.84,901.14,131.08,128.58,133.25,88.52,96.64,2.34,62.4,66.33,199125.39,Normal,0
2020-07-05 18:00:00,716.89,591.58,128.23,125.77,130.2,88.16,95.81,1.71,62.81,67.28,130104.15,Normal,0
2020-07-05 19:00:00,0.0,0.0,108.28,107.26,110.81,84.17,85.15,0.44,60.87,61.39,0.0,Normal,0
2020-07-05 20:00:00,0.0,0.0,99.49,98.01,101.53,80.12,77.33,0.44,54.83,53.21,0.0,Normal,0
2020-07-05 21:00:00,0.0,0.0,94.22,91.95,96.48,76.88,73.29,0.44,50.9,48.38,0.0,Normal,0
2020-07-05 22:00:00,0.0,0.0,89.86,87.06,92.64,73.72,70.19,0.44,48.5,45.57,4.8,Normal,0
2020-07-05 23:00:00,0.0,0.0,85.86,82.58,89.41,70.71,67.2,0.45,46.22,43.66,0.0,Normal,0
2020-07-06 00:00:00,790.0,612.94,93.3,89.7,96.76,70.05,68.56,1.87,42.87,43.98,141985.63,Normal,0
2020-07-06 01:00:00,1144.98,900.6,110.84,107.85,113.21,73.28,76.87,2.52,44.99,52.57,212153.56,Normal,0
2020-07-06 02:00:00,1111.6,900.31,115.28,112.7,117.62,74.27,81.32,2.82,48.19,56.08,199688.89,Normal,0
2020-07-06 03:00:00,1122.66,894.96,117.45,114.89,119.63,75.49,83.49,2.73,47.3,55.86,210059.13,Normal,0
2020-07-06 04:00:00,1131.93,900.56,118.4,115.75,120.37,76.35,84.15,2.75,46.46,55.87,206507.22,Normal,0
2020-07-06 05:00:00,1138.36,900.76,118.84,116.14,120.77,76.35,85.0,2.87,46.43,55.34,207347.9,Normal,0
2020-07-06 06:00:00,1140.35,900.8,119.02,116.3,120.85,76.36,85.21,2.95,43.85,54.81,207634.41,Normal,0
2020-07-06 07:00:00,1113.9,892.75,119.04,116.32,121.05,76.86,85.42,2.73,43.25,55.19,208098.98,Normal,0
2020-07-06 08:00:00,1131.75,900.14,119.81,117.1,121.88,77.46,85.79,2.84,43.97,56.88,208406.4,Normal,0
2020-07-06 09:00:00,1057.0,868.09,120.62,118.02,122.82,78.73,86.88,2.58,45.6,59.1,195929.24,Normal,0
2020-07-06 10:00:00,0.0,0.03,104.53,103.14,107.98,77.02,80.91,0.51,49.71,61.73,281.06,Normal,0
2020-07-06 11:00:00,358.99,275.44,96.05,94.86,100.65,72.35,74.42,1.19,46.69,51.11,58871.72,Normal,0
2020-07-06 12:00:00,1110.99,900.85,113.03,110.43,115.8,75.79,84.44,2.43,51.33,58.01,198263.16,Normal,0
2020-07-06 13:00:00,1106.16,901.14,119.64,117.25,122.37,79.44,88.54,2.54,55.21,62.72,193706.71,Normal,0
2020-07-06 14:00:00,1106.65,901.22,123.22,120.83,125.88,81.87,90.32,2.9,59.63,63.44,194073.24,Normal,0
2020-07-06 15:00:00,1114.97,901.3,126.19,123.77,128.78,83.78,92.36,2.8,61.71,64.33,200355.16,Normal,0
2020-07-06 16:00:00,1116.8,901.28,128.49,126.02,130.94,85.37,94.36,2.8,62.45,64.74,201569.08,Normal,0
2020-07-06 17:00:00,1113.13,893.99,129.99,127.5,132.35,86.17,95.69,2.57,62.38,65.02,205163.18,Normal,0
2020-07-06 18:00:00,702.38,581.22,127.88,125.46,130.05,86.43,95.19,1.72,63.06,66.05,135873.05,Normal,0
2020-07-06 19:00:00,0.0,0.0,108.0,107.12,110.42,83.25,84.31,0.45,60.78,58.93,0.0,Normal,0
2020-07-06 20:00:00,0.0,0.0,99.15,97.81,100.09,79.77,76.04,0.44,54.11,51.72,0.0,Normal,0
2020-07-06 21:00:00,0.0,0.0,93.64,91.6,94.02,76.98,71.49,0.44,50.79,47.98,0.0,Normal,0
2020-07-06 22:00:00,0.0,0.0,89.34,86.59,91.02,73.91,68.83,0.44,48.19,45.57,0.0,Normal,0
2020-07-06 23:00:00,0.0,0.0,85.26,81.91,88.4,71.03,66.02,0.44,45.75,43.46,0.0,Normal,0
2020-07-07 00:00:00,945.72,741.37,96.7,93.12,99.89,68.96,71.06,2.23,43.13,44.91,169243.19,Normal,0
2020-07-07 01:00:00,1154.22,889.14,112.52,109.6,115.01,71.82,80.5,2.65,45.38,51.85,210118.44,Normal,0
2020-07-07 02:00:00,918.36,737.03,115.74,113.07,118.05,73.99,83.22,2.34,47.99,55.21,174416.45,Normal,0
2020-07-07 03:00:00,0.0,0.0,97.37,95.49,101.99,71.98,74.79,0.48,49.91,53.33,0.01,Normal,0
2020-07-07 04:00:00,618.22,489.91,94.33,91.37,100.19,68.38,69.58,1.57,43.01,44.2,113618.54,Normal,0
2020-07-07 05:00:00,1103.0,885.69,109.02,105.99,111.97,69.91,77.33,2.64,43.45,46.88,209624.61,Normal,0
2020-07-07 06:00:00,1099.73,887.04,113.07,110.46,115.62,71.19,80.34,2.72,41.7,51.25,209993.75,Normal,0
2020-07-07 07:00:00,1103.26,888.83,114.88,112.3,117.29,72.64,81.35,2.73,40.94,53.59,209971.36,Normal,0
2020-07-07 08:00:00,1112.33,892.75,116.59,114.04,119.09,74.71,82.71,2.65,42.32,56.31,209887.77,Normal,0
2020-07-07 09:00:00,1118.39,894.85,119.42,116.96,122.15,77.74,84.98,2.54,45.56,59.98,209672.7,Normal,0
2020-07-07 10:00:00,1121.84,901.08,122.85,120.37,125.63,80.55,87.82,2.48,48.7,62.55,206345.06,Normal,0
2020-07-07 11:00:00,1063.77,859.92,125.32,122.82,128.05,82.51,90.31,2.35,52.38,64.05,198177.36,Normal,0
2020-07-07 12:00:00,838.96,661.17,120.23,118.06,122.92,82.34,89.92,1.88,55.64,64.07,150092.98,Normal,0
2020-07-07 13:00:00,1121.4,900.85,127.18,124.72,129.73,84.86,93.23,2.35,56.74,66.62,204851.77,Normal,0
2020-07-07 14:00:00,1119.77,901.22,130.28,127.81,132.72,87.0,95.13,2.51,61.57,67.75,201971.87,Normal,0
2020-07-07 15:00:00,1113.74,901.24,132.08,129.55,134.46,88.84,96.75,2.49,63.28,67.59,199896.18,Normal,0
2020-07-07 16:00:00,1115.55,901.22,133.29,130.71,135.6,89.74,97.84,2.57,64.34,67.85,201970.23,Normal,0
2020-07-07 17:00:00,1117.71,901.23,134.46,131.87,136.68,91.62,98.48,2.85,64.84,66.77,203524.75,Normal,0
2020-07-07 18:00:00,869.52,706.13,132.32,129.77,134.39,92.46,98.19,2.08,65.15,66.23,153008.8,Normal,0
2020-07-07 19:00:00,391.63,338.08,122.81,120.71,125.14,90.65,77.84,1.18,64.67,66.07,70329.49,Normal,0
2020-07-07 20:00:00,284.01,239.3,109.57,108.14,112.33,85.59,52.0,1.05,61.22,58.38,48264.38,Normal,0
2020-07-07 21:00:00,0.0,0.0,103.68,101.72,105.48,82.73,52.0,0.52,59.03,55.73,46.35,Normal,0
2020-07-07 22:00:00,812.96,670.18,106.35,104.06,107.76,79.66,52.0,2.04,53.09,51.42,135283.74,Normal,0
2020-07-07 23:00:00,230.98,226.76,107.17,104.86,109.66,80.82,52.0,0.94,54.7,57.08,42149.82,Normal,0
2020-07-08 00:00:00,302.55,226.24,95.07,92.83,100.75,75.58,52.0,0.96,52.18,51.63,46734.11,Normal,0
2020-07-08 01:00:00,154.11,125.65,97.41,94.56,101.8,75.01,52.0,0.77,50.89,51.48,32344.02,Normal,0
2020-07-08 02:00:00,67.04,40.55,85.9,83.1,92.44,71.13,52.0,0.56,48.59,46.13,7697.3,Normal,0
2020-07-08 03:00:00,470.28,401.64,94.85,91.6,99.17,71.55,52.0,1.38,45.18,48.28,87738.46,Normal,0
2020-07-08 04:00:00,1031.76,852.65,100.46,97.81,104.63,71.81,52.0,2.4,42.83,47.61,178266.73,Normal,0
2020-07-08 05:00:00,1089.16,901.13,111.0,108.59,114.06,75.03,52.0,2.86,43.51,55.69,191871.46,Normal,0
2020-07-08 06:00:00,1101.45,901.13,115.64,113.29,118.44,75.96,52.0,2.94,44.36,57.02,197406.09,Normal,0
2020-07-08 07:00:00,1089.68,900.73,117.44,115.0,120.0,76.48,52.0,2.87,43.75,55.69,193751.94,Normal,0
2020-07-08 08:00:00,1094.99,901.16,118.01,115.44,120.37,76.56,52.0,2.55,44.95,55.34,195259.19,Normal,0
2020-07-08 09:00:00,656.16,549.6,113.32,111.01,115.86,76.7,52.0,1.82,46.74,56.91,116637.46,Normal,0
2020-07-08 10:00:00,1126.95,900.99,114.56,112.24,117.65,76.22,52.0,2.5,45.95,56.36,205254.63,Normal,0
2020-07-08 11:00:00,1096.04,900.98,119.34,116.95,122.07,78.91,52.0,2.52,49.64,59.21,192932.58,Normal,0
2020-07-08 12:00:00,1099.8,901.16,121.46,119.13,124.2,80.82,52.0,2.5,49.9,60.42,193257.52,Normal,0
2020-07-08 13:00:00,1101.27,901.17,123.38,121.03,126.01,82.48,52.0,2.41,51.8,61.62,193940.61,Normal,0
2020-07-08 14:00:00,1081.31,901.18,124.15,121.84,126.64,83.06,52.0,2.33,53.88,61.14,187457.18,Normal,0
2020-07-08 15:00:00,1087.08,901.15,124.36,122.04,126.74,83.66,52.0,2.39,57.04,61.2,189002.92,Normal,0
2020-07-08 16:00:00,1100.14,901.16,124.77,122.4,127.06,83.6,52.0,2.41,57.28,60.25,197316.7,Normal,0
2020-07-08 17:00:00,1085.94,901.16,124.65,122.26,126.82,83.19,52.0,2.45,56.73,59.41,194464.74,Normal,0
2020-07-08 18:00:00,345.56,291.41,115.54,113.66,117.67,81.75,52.0,1.11,58.55,59.07,65332.89,Normal,0
2020-07-08 19:00:00,0.0,0.0,97.88,97.21,99.6,76.72,52.0,0.44,53.11,49.02,0.0,Normal,0
2020-07-08 20:00:00,0.0,0.0,90.77,89.4,90.64,73.06,52.0,0.45,47.07,42.19,0.0,Normal,0
2020-07-08 21:00:00,0.0,0.0,85.6,83.43,85.29,69.41,52.0,0.45,43.69,38.62,0.0,Normal,0
2020-07-08 22:00:00,0.0,0.0,81.28,78.65,81.54,65.95,52.0,0.45,40.92,36.26,0.0,Normal,0
2020-07-08 23:00:00,0.0,0.0,77.5,74.58,78.58,62.69,52.0,0.45,38.74,33.42,0.0,Normal,0
2020-07-09 00:00:00,899.12,700.77,87.7,84.47,88.93,59.82,52.0,2.68,36.47,36.73,161005.71,Normal,0
2020-07-09 01:00:00,1105.97,901.16,102.58,99.86,104.79,61.63,52.0,2.8,37.29,41.66,204852.84,Normal,0
2020-07-09 02:00:00,1101.61,901.17,106.62,104.18,109.12,63.79,52.0,2.68,35.27,41.56,202751.8,Normal,0
2020-07-09 03:00:00,1103.16,901.17,107.97,105.56,110.39,64.78,59.5,2.67,33.42,42.51,201086.01,Normal,0
2020-07-09 04:00:00,1089.58,901.18,108.14,105.71,110.47,65.55,77.28,2.62,32.6,41.69,194983.46,Normal,0
2020-07-09 05:00:00,1085.14,901.16,108.15,105.73,110.48,66.24,77.42,2.57,32.49,41.01,194605.1,Normal,0
2020-07-09 06:00:00,1070.11,901.17,108.01,105.59,110.35,66.49,77.19,2.62,33.26,40.49,190442.66,Normal,0
2020-07-09 07:00:00,1068.94,901.17,107.85,105.47,110.21,66.58,76.64,2.61,34.4,39.25,189341.95,Normal,0
2020-07-09 08:00:00,999.18,854.97,107.72,105.34,110.08,66.75,76.21,2.5,34.15,39.49,183115.92,Normal,0
2020-07-09 09:00:00,0.0,0.0,91.41,89.97,94.77,64.66,69.61,0.49,38.04,40.5,151.16,Normal,0
2020-07-09 10:00:00,0.0,0.0,81.01,79.65,84.3,61.01,62.09,0.45,36.36,34.6,0.0,Normal,0
2020-07-09 11:00:00,0.0,0.0,76.34,74.27,78.55,59.48,58.21,0.46,35.06,33.29,0.0,Normal,0
2020-07-09 12:00:00,903.12,725.47,86.82,84.23,89.43,58.67,61.67,2.38,35.39,38.23,166563.28,Normal,0
2020-07-09 13:00:00,402.27,333.81,94.89,92.84,98.06,61.03,68.31,1.27,41.38,48.73,75415.21,Normal,0
2020-07-09 14:00:00,0.0,0.0,81.72,80.64,86.96,60.01,63.55,0.45,42.38,46.36,0.0,Normal,0
2020-07-09 15:00:00,29.51,13.19,76.84,75.5,81.84,59.35,60.03,0.52,40.86,42.4,2612.33,Normal,0
2020-07-09 16:00:00,825.09,671.19,89.6,87.57,93.26,59.64,64.15,2.27,42.15,44.97,148841.07,Normal,0
2020-07-09 17:00:00,676.38,560.68,98.8,96.91,102.17,62.77,70.02,1.76,47.38,49.38,126081.16,Normal,0
2020-07-09 18:00:00,902.73,724.64,97.95,96.4,101.35,63.29,70.15,2.11,45.39,47.79,158662.35,Normal,0
2020-07-09 19:00:00,1103.48,901.15,109.35,107.2,112.23,68.4,76.45,2.47,45.54,49.89,201511.31,Normal,0
2020-07-09 20:00:00,1089.92,901.16,112.81,110.58,115.44,71.3,79.59,2.52,45.39,48.45,193908.5,Normal,0
2020-07-09 21:00:00,1101.21,900.5,113.94,111.51,116.27,72.15,80.62,2.57,43.65,50.11,197911.87,Normal,0
2020-07-09 22:00:00,1113.29,901.17,114.61,112.08,116.76,72.01,81.14,2.45,43.99,47.51,203632.47,Normal,0
2020-07-09 23:00:00,1108.51,901.16,114.5,111.9,116.6,71.36,80.83,2.54,40.17,45.44,202997.81,Normal,0
2020-07-10 00:00:00,1097.9,901.18,113.63,111.06,115.7,70.4,79.86,2.63,38.84,45.47,199916.48,Normal,0
2020-07-10 01:00:00,1093.28,901.19,112.76,110.25,114.84,69.59,78.85,2.65,36.32,42.0,198690.09,Normal,0
2020-07-10 02:00:00,1095.85,901.18,111.74,109.21,113.79,68.68,77.96,2.61,34.94,40.78,200158.25,Normal,0
2020-07-10 03:00:00,1091.81,901.05,110.81,108.23,112.85,68.01,77.21,2.57,34.06,40.22,197330.3,Normal,0
2020-07-10 04:00:00,1087.1,901.17,109.9,107.31,112.02,67.22,76.7,2.48,34.12,38.99,196120.46,Normal,0
2020-07-10 05:00:00,1088.42,901.17,109.31,106.69,111.38,66.6,75.92,2.5,33.69,37.6,196479.95,Normal,0
2020-07-10 06:00:00,1075.02,901.17,108.76,106.19,110.88,66.05,75.52,2.52,32.76,35.9,193930.7,Normal,0
2020-07-10 07:00:00,1071.92,901.18,108.12,105.66,110.36,65.59,74.76,2.51,32.51,34.09,192676.48,Normal,0
2020-07-10 08:00:00,1070.63,901.19,108.0,105.53,110.29,65.83,74.82,2.48,34.23,35.06,189595.15,Normal,0
2020-07-10 09:00:00,1072.76,901.19,108.27,105.84,110.67,66.47,75.36,2.55,35.57,38.18,190836.64,Normal,0
2020-07-10 10:00:00,1066.49,901.18,109.62,107.29,112.23,68.41,76.52,2.61,38.72,46.04,190426.91,Normal,0
2020-07-10 11:00:00,1099.8,899.99,113.2,110.97,115.94,71.37,78.92,2.55,43.05,52.64,203076.43,Normal,0
2020-07-10 12:00:00,1091.72,901.13,116.04,113.77,118.71,74.08,81.81,2.44,48.81,55.21,199035.17,Normal,0
2020-07-10 13:00:00,1081.58,901.16,117.65,115.37,120.24,75.42,83.59,2.47,50.95,57.18,194991.44,Normal,0
2020-07-10 14:00:00,1080.42,901.14,118.88,116.52,121.44,76.89,84.65,2.48,51.62,58.02,195423.47,Normal,0
2020-07-10 15:00:00,1081.23,901.16,120.15,117.78,122.73,78.86,85.92,2.46,52.19,58.49,194643.87,Normal,0
2020-07-10 16:00:00,1085.19,901.02,121.53,119.17,124.16,80.0,87.23,2.45,55.39,59.49,195735.99,Normal,0
2020-07-10 17:00:00,1096.09,901.06,122.92,120.52,125.47,80.68,88.45,2.51,54.42,59.5,199109.48,Normal,0
2020-07-10 18:00:00,1107.53,901.15,124.31,121.83,126.77,81.35,89.29,2.49,55.14,59.63,203986.15,Normal,0
2020-07-10 19:00:00,1097.68,901.12,124.7,122.2,127.03,81.82,90.12,2.44,55.57,58.33,199482.48,Normal,0
2020-07-10 20:00:00,1098.94,901.16,123.82,121.24,125.99,81.31,89.58,2.43,54.41,57.12,198358.52,Normal,0
2020-07-10 21:00:00,1098.1,901.15,122.37,119.75,124.52,80.2,88.5,2.46,53.23,55.65,197718.54,Normal,0
2020-07-10 22:00:00,1089.71,901.16,120.91,118.29,123.11,78.73,87.28,2.55,52.0,52.84,196178.83,Normal,0
2020-07-10 23:00:00,1080.97,901.15,119.82,117.18,122.04,78.09,86.87,2.74,48.05,52.46,195771.71,Normal,0
2020-07-11 00:00:00,1087.99,901.14,118.86,116.26,121.0,77.01,85.85,2.75,46.3,51.01,197267.94,Normal,0
2020-07-11 01:00:00,1096.11,901.11,117.8,115.19,119.92,76.19,84.67,2.8,44.63,50.05,198354.09,Normal,0
2020-07-11 02:00:00,1106.65,900.39,117.09,114.46,119.18,75.17,83.38,2.85,41.97,49.93,203233.22,Normal,0
2020-07-11 03:00:00,1108.19,900.83,116.69,114.04,118.76,74.33,82.29,2.88,39.65,47.25,204365.37,Normal,0
2020-07-11 04:00:00,1107.69,900.95,116.1,113.42,118.15,73.6,81.27,3.09,38.2,43.62,203888.94,Normal,0
2020-07-11 05:00:00,1108.55,900.67,115.68,113.0,117.74,72.79,80.65,3.14,37.09,44.38,205251.91,Normal,0
2020-07-11 06:00:00,1103.43,900.89,115.41,112.82,117.57,71.94,80.09,2.94,37.13,45.06,203897.28,Normal,0
2020-07-11 07:00:00,1097.81,900.85,115.9,113.39,118.18,72.54,80.01,2.68,38.48,46.89,203494.9,Normal,0
2020-07-11 08:00:00,1101.45,900.78,116.6,114.11,118.92,73.23,80.7,2.61,40.19,48.92,202709.84,Normal,0
2020-07-11 09:00:00,1101.51,900.76,117.65,115.2,120.07,74.61,82.02,2.58,42.37,50.38,201873.51,Normal,0
2020-07-11 10:00:00,1105.41,900.75,119.13,116.68,121.63,76.93,83.69,2.57,44.84,53.57,202311.43,Normal,0
2020-07-11 11:00:00,1097.54,900.7,121.12,118.76,123.75,79.03,86.09,2.47,48.3,57.28,199912.31,Normal,0
2020-07-11 12:00:00,37.74,40.27,108.21,106.75,111.99,78.67,82.71,0.6,54.27,59.38,12051.32,Normal,0
2020-07-11 13:00:00,635.83,522.16,103.75,102.05,108.83,76.12,79.35,1.65,51.45,53.59,106386.83,Normal,0
2020-07-11 14:00:00,1087.85,901.15,118.93,116.48,122.12,80.61,86.72,2.49,54.0,60.36,191627.06,Normal,0
2020-07-11 15:00:00,1080.56,901.17,123.95,121.66,126.89,82.95,90.04,2.44,58.21,63.34,190044.76,Normal,0
2020-07-11 16:00:00,1082.96,901.15,126.62,124.41,129.47,85.17,92.2,2.39,60.6,64.75,190228.86,Normal,0
2020-07-11 17:00:00,1089.82,900.98,127.97,125.63,130.53,85.77,93.46,2.42,60.4,63.86,192554.93,Normal,0
2020-07-11 18:00:00,892.32,748.72,127.37,124.91,129.64,85.16,93.84,2.11,59.29,62.19,164268.66,Normal,0
2020-07-11 19:00:00,1050.88,862.15,122.14,119.77,124.65,83.13,92.23,2.4,54.8,58.29,180926.24,Normal,0
2020-07-11 20:00:00,920.29,749.85,123.42,120.84,125.88,83.9,91.96,2.14,51.56,58.91,164535.36,Normal,0
2020-07-11 21:00:00,852.27,711.2,118.58,116.08,121.14,81.5,88.74,2.01,49.73,55.05,153813.09,Normal,0
2020-07-11 22:00:00,326.1,259.39,104.7,102.64,108.23,76.53,81.82,1.22,49.35,50.39,56306.25,Normal,0
2020-07-11 23:00:00,459.42,364.75,101.37,99.06,105.05,73.75,79.03,1.35,48.87,48.26,82167.82,Normal,0
2020-07-12 00:00:00,156.39,96.36,88.37,86.83,90.89,67.96,72.41,0.77,47.71,45.78,18591.9,Normal,0
2020-07-12 01:00:00,1102.62,900.21,102.84,100.52,104.92,69.4,74.93,2.56,44.62,46.92,203428.93,Normal,0
2020-07-12 02:00:00,1092.33,901.15,112.66,110.46,114.15,73.85,79.57,3.61,45.55,49.12,200071.22,Normal,0
2020-07-12 03:00:00,1090.22,899.41,116.11,113.91,117.33,76.1,82.14,3.55,47.08,48.87,194312.34,Normal,0
2020-07-12 04:00:00,1101.9,901.16,117.79,115.52,118.81,77.24,83.76,3.5,48.12,49.65,198030.8,Normal,0
2020-07-12 05:00:00,1100.77,901.16,118.45,116.1,119.32,77.26,84.36,3.25,51.08,52.28,197866.74,Normal,0
2020-07-12 06:00:00,1089.06,901.15,118.08,115.72,118.8,76.53,83.85,3.25,48.53,51.77,196707.42,Normal,0
2020-07-12 07:00:00,1085.62,901.15,117.38,115.02,118.06,75.82,82.81,3.25,45.28,52.14,195540.61,Normal,0
2020-07-12 08:00:00,1075.01,901.18,117.04,114.72,117.92,76.01,82.4,3.24,44.62,52.09,191882.75,Normal,0
2020-07-12 09:00:00,1086.63,900.29,117.65,115.35,118.6,76.89,82.83,3.06,45.6,53.5,195235.06,Normal,0
2020-07-12 10:00:00,1101.76,901.15,119.56,117.23,120.59,78.33,84.05,2.98,48.97,54.01,202051.39,Normal,0
2020-07-12 11:00:00,1104.35,900.95,121.51,119.29,122.59,79.85,85.7,3.05,52.56,56.39,201188.13,Normal,0
2020-07-12 12:00:00,1095.66,901.16,122.56,120.29,123.47,80.4,86.95,2.88,52.85,56.77,198703.12,Normal,0
2020-07-12 13:00:00,1098.23,901.17,123.14,120.91,124.05,81.01,87.44,2.81,53.81,57.48,199488.79,Normal,0
2020-07-12 14:00:00,1093.37,901.18,123.89,121.65,124.82,81.59,88.44,2.8,54.09,56.94,197778.92,Normal,0
2020-07-12 15:00:00,1082.72,901.15,124.23,122.02,125.2,82.19,89.08,2.54,54.96,58.52,191265.63,Normal,0
2020-07-12 16:00:00,1080.55,901.17,124.73,122.51,125.66,82.77,89.64,2.56,56.16,58.14,192614.12,Normal,0
2020-07-12 17:00:00,1085.03,901.19,125.11,122.9,125.99,82.93,90.08,2.52,56.02,58.78,193955.42,Normal,0
2020-07-12 18:00:00,1087.56,901.16,125.51,123.29,126.35,82.97,90.46,2.63,55.67,56.85,195528.17,Normal,0
2020-07-12 19:00:00,1090.02,901.16,125.54,123.29,126.29,82.63,90.4,2.77,55.71,55.75,196087.25,Normal,0
2020-07-12 20:00:00,1099.84,901.2,125.12,122.75,125.78,81.75,89.82,3.0,53.11,55.61,196754.58,Normal,0
2020-07-12 21:00:00,1083.64,901.19,123.65,121.23,124.29,80.58,88.58,2.89,51.98,53.86,193610.75,Normal,0
2020-07-12 22:00:00,1075.19,901.1,122.35,119.95,123.04,79.57,87.4,2.84,50.53,50.43,191849.14,Normal,0
2020-07-12 23:00:00,1083.6,901.16,121.26,118.86,121.97,78.93,86.0,2.91,49.4,48.71,193415.62,Normal,0
2020-07-13 00:00:00,1088.87,901.17,120.3,117.86,120.91,78.05,84.82,3.05,46.6,48.03,195098.83,Normal,0
2020-07-13 01:00:00,1084.25,901.16,118.99,116.5,119.57,76.71,83.37,3.04,44.23,47.01,195491.63,Normal,0
2020-07-13 02:00:00,1085.39,901.17,117.51,115.06,118.03,74.84,81.94,3.09,41.09,45.29,196911.52,Normal,0
2020-07-13 03:00:00,1091.41,901.19,116.02,113.53,116.53,72.85,80.82,3.21,38.75,44.26,197023.38,Normal,0
2020-07-13 04:00:00,1091.86,901.16,114.76,112.23,115.36,71.43,79.93,3.21,37.63,43.51,198586.48,Normal,0
2020-07-13 05:00:00,1087.02,901.0,113.91,111.42,114.5,70.43,79.28,3.07,36.96,42.81,195659.5,Normal,0
2020-07-13 06:00:00,1088.16,901.09,113.21,110.72,113.85,69.58,78.2,2.6,37.83,42.2,199179.56,Normal,0
2020-07-13 07:00:00,1095.78,901.17,112.89,110.41,113.61,69.22,77.68,2.79,38.01,42.24,199451.01,Normal,0
2020-07-13 08:00:00,1095.67,901.21,113.02,110.5,113.75,69.29,77.98,2.98,39.92,43.09,199088.1,Normal,0
2020-07-13 09:00:00,1116.44,910.21,113.83,111.32,114.7,70.57,78.7,3.31,41.66,45.44,198740.38,Normal,0
2020-07-13 10:00:00,1115.85,912.61,115.99,113.54,117.01,72.67,80.56,3.49,44.24,48.69,197758.97,Normal,0
2020-07-13 11:00:00,1108.39,912.54,117.78,115.38,118.74,74.63,82.16,3.38,47.24,49.95,196365.96,Normal,0
2020-07-13 12:00:00,1109.04,912.56,119.35,116.93,120.26,76.21,83.37,3.38,49.46,51.02,196670.4,Normal,0
2020-07-13 13:00:00,1122.77,912.5,121.16,118.73,122.11,77.49,84.82,3.16,50.56,53.24,201673.05,Normal,0
2020-07-13 14:00:00,1137.85,912.55,123.98,121.49,124.97,79.46,87.21,2.52,50.49,54.48,209533.57,Normal,0
2020-07-13 15:00:00,1112.53,912.57,125.64,123.24,126.64,81.33,89.14,2.56,51.68,55.89,197908.09,Normal,0
2020-07-13 16:00:00,1110.87,912.58,126.98,124.58,127.94,82.91,90.36,2.7,54.95,55.41,197893.53,Normal,0
2020-07-13 17:00:00,1106.42,912.51,127.81,125.38,128.69,83.73,91.27,2.58,55.81,55.47,195175.0,Normal,0
2020-07-13 18:00:00,1113.33,912.57,128.42,125.95,129.26,83.93,92.05,2.47,54.66,55.58,197963.54,Normal,0
2020-07-13 19:00:00,1113.28,912.57,128.25,125.69,128.88,83.4,92.44,2.66,54.39,54.15,198211.13,Normal,0
2020-07-13 20:00:00,1129.76,912.55,127.44,124.8,127.93,82.13,91.04,3.64,52.04,50.15,203041.2,Normal,0
2020-07-13 21:00:00,189.12,155.03,113.47,111.64,114.04,79.46,84.85,1.0,52.86,50.02,35998.75,Normal,0
2020-07-13 22:00:00,0.0,0.0,97.16,96.04,98.52,74.34,74.86,0.45,49.75,44.19,0.0,Normal,0
2020-07-13 23:00:00,0.0,0.0,90.82,88.58,91.91,70.66,69.97,0.45,45.85,39.94,37.17,Normal,0
2020-07-14 00:00:00,282.74,193.03,91.55,88.39,92.44,67.41,69.79,1.03,41.79,39.7,44333.69,Normal,0
2020-07-14 01:00:00,902.82,717.04,95.53,92.61,96.81,65.77,70.24,2.13,39.84,41.68,159788.48,Normal,0
2020-07-14 02:00:00,849.59,704.58,106.6,103.95,107.41,68.89,75.04,2.1,40.06,44.99,154080.45,Normal,0
2020-07-14 03:00:00,940.37,749.7,102.26,99.89,103.27,65.71,73.47,2.14,38.99,41.57,160815.77,Normal,0
2020-07-14 04:00:00,1142.0,912.14,109.81,107.26,110.72,68.76,76.53,2.52,41.1,43.42,204666.35,Normal,0
2020-07-14 05:00:00,1135.18,912.07,112.96,110.36,113.65,69.95,78.68,3.27,40.15,43.15,203923.86,Normal,0
2020-07-14 06:00:00,1126.91,912.01,114.52,111.85,115.11,70.64,79.25,3.7,42.06,43.18,204420.41,Normal,0
2020-07-14 07:00:00,1124.2,903.48,115.49,112.83,116.0,70.71,79.34,2.93,42.69,42.7,209796.8,Normal,0
2020-07-14 08:00:00,1118.94,911.4,116.45,113.88,117.05,71.64,80.47,2.98,42.05,41.8,202242.06,Normal,0
2020-07-14 09:00:00,1110.15,912.04,117.25,114.73,117.91,73.18,82.1,2.66,43.53,41.66,193920.03,Normal,0
2020-07-14 10:00:00,1121.64,912.35,118.82,116.31,119.57,74.99,84.2,2.55,45.65,42.01,198800.45,Normal,0
2020-07-14 11:00:00,1117.06,912.29,121.1,118.62,121.83,76.47,86.29,2.7,47.2,42.63,203921.56,Normal,0
2020-07-14 12:00:00,1113.89,912.43,122.38,119.89,123.05,78.12,87.44,2.98,50.09,43.56,201078.44,Normal,0
2020-07-14 13:00:00,1111.91,912.37,123.38,120.88,124.03,78.28,88.37,2.83,50.96,44.94,200749.37,Normal,0
2020-07-14 14:00:00,1115.16,912.27,124.61,122.11,125.31,79.67,89.47,2.81,51.92,46.03,201852.88,Normal,0
2020-07-14 15:00:00,1108.76,912.28,125.93,123.46,126.64,80.99,90.3,2.8,53.6,47.1,201210.91,Normal,0
2020-07-14 16:00:00,1106.81,912.34,126.9,124.48,127.59,81.83,90.87,2.73,54.55,48.62,198626.96,Normal,0
2020-07-14 17:00:00,1106.19,912.42,127.65,125.23,128.26,82.39,91.3,2.72,53.97,49.37,197911.76,Normal,0
2020-07-14 18:00:00,859.97,714.64,126.38,123.98,126.82,82.81,91.26,2.24,54.25,49.73,153344.28,Normal,0
2020-07-14 19:00:00,0.0,0.0,106.19,105.38,106.77,79.93,81.46,0.46,53.92,48.25,0.0,Normal,0
2020-07-14 20:00:00,0.0,0.0,96.27,95.31,94.66,76.51,72.37,0.45,48.09,42.6,0.0,Normal,0
2020-07-14 21:00:00,0.0,0.0,90.26,88.62,87.37,73.53,67.06,0.45,44.74,40.24,0.0,Normal,0
2020-07-14 22:00:00,0.0,0.0,85.71,83.3,84.26,70.2,64.74,0.45,43.46,39.52,0.0,Normal,0
2020-07-14 23:00:00,175.35,134.39,82.65,79.78,83.11,66.62,63.42,0.89,41.67,38.28,26978.84,Normal,0
2020-07-15 00:00:00,1138.02,907.38,102.49,99.38,103.17,66.52,70.26,2.96,42.52,41.2,209302.1,Normal,0
2020-07-15 01:00:00,1121.55,912.51,111.84,109.25,112.69,70.98,75.75,2.92,43.99,42.87,200788.41,Normal,0
2020-07-15 02:00:00,1114.87,912.48,115.46,112.96,116.22,73.05,79.69,2.84,44.93,42.22,200740.82,Normal,0
2020-07-15 03:00:00,1115.27,912.5,117.13,114.61,117.74,73.4,82.08,2.83,44.63,41.14,201460.85,Normal,0
2020-07-15 04:00:00,1116.98,912.47,117.88,115.3,118.36,73.52,83.12,2.85,42.63,39.91,201719.55,Normal,0
2020-07-15 05:00:00,1097.76,909.89,117.98,115.35,118.43,74.21,83.35,2.75,41.24,39.22,193151.85,Normal,0
2020-07-15 06:00:00,146.6,140.43,103.98,102.01,105.39,73.23,79.04,0.82,43.66,41.32,29216.6,Normal,0
2020-07-15 07:00:00,0.0,0.0,88.88,86.47,93.66,69.06,69.77,0.45,42.19,37.68,24.67,Normal,0
2020-07-15 08:00:00,0.0,0.0,82.68,79.2,87.8,66.22,65.21,0.45,39.83,34.93,0.0,Normal,0
2020-07-15 09:00:00,0.0,0.0,78.11,74.03,83.31,64.06,61.74,0.45,38.45,34.21,0.0,Normal,0
2020-07-15 10:00:00,0.0,0.0,74.56,70.57,79.69,62.21,59.49,0.46,38.31,34.52,2.28,Normal,0
2020-07-15 11:00:00,0.0,0.0,72.01,68.56,76.79,60.81,58.11,0.47,38.45,35.78,0.0,Normal,0
2020-07-15 12:00:00,0.0,0.0,70.12,67.26,74.38,59.85,56.89,0.48,38.74,36.95,0.0,Normal,0
2020-07-15 13:00:00,0.0,0.0,68.61,66.25,72.41,59.08,55.73,0.48,39.03,38.01,0.0,Normal,0
2020-07-15 14:00:00,0.0,0.0,67.32,65.44,70.89,58.37,54.8,0.47,39.35,38.92,0.0,Normal,0
2020-07-15 15:00:00,0.0,0.0,66.19,64.63,69.65,57.55,54.14,0.46,39.75,39.65,0.0,Normal,0
2020-07-15 16:00:00,0.0,0.0,65.2,63.86,68.66,56.82,53.66,0.45,40.22,40.23,0.0,Normal,0
2020-07-15 17:00:00,376.23,291.74,67.91,66.59,71.39,56.47,54.15,1.4,41.6,41.8,66339.89,Normal,0
2020-07-15 18:00:00,1141.17,903.47,96.65,94.78,99.31,62.46,65.62,2.55,49.17,50.22,217306.85,Normal,0
2020-07-15 19:00:00,1123.94,903.6,111.24,109.29,113.19,71.88,76.4,2.52,51.26,50.65,209275.73,Normal,0
2020-07-15 20:00:00,1135.2,910.46,118.14,115.98,119.46,76.82,83.17,2.62,51.82,49.7,207446.96,Normal,0
2020-07-15 21:00:00,1130.66,912.44,122.02,119.68,122.95,79.54,87.28,2.59,51.96,50.14,203531.98,Normal,0
2020-07-15 22:00:00,1120.67,912.51,123.69,121.2,124.36,80.98,89.3,2.62,51.24,49.59,199030.22,Normal,0
2020-07-15 23:00:00,1108.01,912.53,124.5,121.94,125.09,81.84,90.85,2.63,49.5,48.59,197220.55,Normal,0
2020-07-16 00:00:00,1110.39,912.53,125.34,122.82,125.9,82.81,91.74,2.69,49.32,48.08,198367.26,Normal,0
2020-07-16 01:00:00,1112.87,912.5,125.87,123.37,126.35,83.27,92.06,2.66,50.18,47.04,198695.96,Normal,0
2020-07-16 02:00:00,855.35,722.09,123.3,120.83,123.64,82.81,91.13,2.2,49.71,46.01,155062.59,Normal,0
2020-07-16 03:00:00,1108.85,911.7,120.89,118.33,121.48,81.17,88.86,2.59,46.11,44.91,197435.62,Normal,0
2020-07-16 04:00:00,1124.18,912.51,122.55,119.91,122.93,81.45,87.71,2.68,45.93,44.5,199277.65,Normal,0
2020-07-16 05:00:00,1111.96,912.49,122.65,120.04,122.99,81.03,87.68,2.77,45.39,44.07,199695.41,Normal,0
2020-07-16 06:00:00,1118.37,912.45,122.92,120.35,123.25,80.73,87.61,2.93,45.37,43.62,202945.15,Normal,0
2020-07-16 07:00:00,1123.37,912.47,122.93,120.34,123.22,80.29,87.18,3.03,44.47,43.39,201815.48,Normal,0
2020-07-16 08:00:00,1129.3,912.41,122.84,120.23,123.16,80.13,86.76,2.96,44.41,43.95,202836.53,Normal,0
2020-07-16 09:00:00,1125.82,912.38,123.46,120.83,123.87,80.78,86.83,2.83,47.48,45.82,202841.94,Normal,0
2020-07-16 10:00:00,1116.63,912.39,124.74,122.22,125.3,82.22,88.04,2.68,50.23,47.76,201120.75,Normal,0
2020-07-16 11:00:00,1122.33,912.43,126.31,123.84,126.91,83.67,89.48,2.63,51.21,49.47,199737.34,Normal,0
2020-07-16 12:00:00,1114.52,912.37,128.06,125.63,128.76,85.63,91.02,2.65,53.24,52.27,198853.6,Normal,0
2020-07-16 13:00:00,1109.01,912.38,129.78,127.37,130.49,87.6,92.5,2.7,54.48,54.47,197500.43,Normal,0
2020-07-16 14:00:00,1109.89,912.41,131.3,128.9,132.02,89.07,93.8,2.68,56.73,55.53,197823.58,Normal,0
2020-07-16 15:00:00,1114.07,912.44,132.61,130.19,133.32,90.11,95.18,2.72,58.01,56.76,199621.72,Normal,0
2020-07-16 16:00:00,1120.12,912.41,133.96,131.55,134.64,91.16,96.58,2.75,58.87,58.09,199231.93,Normal,0
2020-07-16 17:00:00,1116.69,912.37,134.84,132.37,135.42,91.64,97.77,2.69,59.26,59.65,200389.36,Normal,0
2020-07-16 18:00:00,1113.55,912.31,135.12,132.63,135.58,91.43,98.73,2.93,59.02,58.91,200776.67,Normal,0
2020-07-16 19:00:00,1127.45,912.11,134.67,132.05,134.94,90.31,98.31,3.02,57.23,56.92,205340.89,Normal,0
2020-07-16 20:00:00,1123.86,912.22,133.83,131.16,134.12,89.47,97.5,3.43,55.82,55.73,205896.25,Normal,0
2020-07-16 21:00:00,1119.49,912.26,132.91,130.24,133.17,88.41,96.44,4.04,55.0,54.59,204439.59,Normal,0
2020-07-16 22:00:00,1103.64,912.37,131.18,128.55,131.41,86.75,95.47,3.85,53.86,53.56,198965.29,Normal,0
2020-07-16 23:00:00,1106.78,912.31,129.78,127.11,130.09,85.52,94.46,4.12,52.8,52.26,200269.83,Normal,0
2020-07-17 00:00:00,1105.55,912.26,128.58,125.95,128.87,84.54,93.57,3.96,50.86,51.2,199763.56,Normal,0
2020-07-17 01:00:00,1109.24,912.26,127.77,125.16,128.09,83.69,92.77,4.06,50.12,51.15,200219.2,Normal,0
2020-07-17 02:00:00,1118.55,912.14,127.16,124.51,127.47,82.53,91.95,4.17,49.21,50.78,203435.49,Normal,0
2020-07-17 03:00:00,1098.31,899.59,126.33,123.75,126.67,80.61,91.16,3.23,48.48,50.21,204779.98,Normal,0
2020-07-17 04:00:00,1117.06,911.85,125.86,123.31,126.27,79.9,90.46,3.08,48.04,49.14,201569.56,Normal,0
2020-07-17 05:00:00,1114.55,912.49,125.7,123.1,126.07,79.81,90.09,3.82,47.61,48.19,199514.35,Normal,0
2020-07-17 06:00:00,1114.78,912.47,125.29,122.64,125.58,79.28,89.46,4.73,46.85,45.7,199400.7,Normal,0
2020-07-17 07:00:00,1121.49,912.29,124.54,121.85,124.84,78.71,88.63,4.85,47.24,45.1,200523.76,Normal,0
2020-07-17 08:00:00,1121.4,912.31,124.52,121.88,124.92,78.7,88.45,4.97,47.48,45.04,202088.04,Normal,0
2020-07-17 09:00:00,1117.24,911.09,124.89,122.27,125.39,79.53,88.39,3.81,48.97,46.72,199839.72,Normal,0
2020-07-17 10:00:00,1137.66,905.54,126.39,123.86,127.03,80.9,88.95,2.58,49.51,47.88,209029.76,Normal,0
2020-07-17 11:00:00,1117.6,912.33,127.89,125.39,128.58,81.75,90.4,2.72,51.49,48.78,200629.37,Normal,0
2020-07-17 12:00:00,1118.57,912.42,128.92,126.41,129.56,82.98,92.15,3.42,53.85,50.17,198664.95,Normal,0
2020-07-17 13:00:00,1121.69,912.37,129.9,127.39,130.51,85.08,93.47,3.82,55.17,51.92,199603.24,Normal,0
2020-07-17 14:00:00,1120.45,912.39,130.76,128.26,131.41,86.24,94.03,3.81,55.99,53.08,198223.84,Normal,0
2020-07-17 15:00:00,1116.06,912.34,131.49,128.97,132.15,87.1,94.65,3.67,56.74,53.52,197464.83,Normal,0
2020-07-17 16:00:00,1116.77,911.84,132.31,129.81,132.96,87.76,95.05,3.67,57.06,54.12,199649.27,Normal,0
2020-07-17 17:00:00,1121.41,912.16,132.71,130.16,133.16,87.28,95.04,2.63,54.88,53.02,201746.82,Normal,0
2020-07-17 18:00:00,1117.53,912.35,132.44,129.91,132.76,86.61,95.1,3.66,54.65,50.77,202758.87,Normal,0
2020-07-17 19:00:00,1119.08,912.2,131.77,129.19,132.0,85.74,94.88,4.63,53.73,49.27,203963.77,Normal,0
2020-07-17 20:00:00,1060.94,886.59,129.02,126.53,129.27,84.35,93.44,3.35,51.51,47.22,196927.53,Normal,0
2020-07-17 21:00:00,1117.72,898.74,126.98,124.37,127.24,82.37,91.37,3.93,49.35,45.92,208339.92,Normal,0
2020-07-17 22:00:00,1139.6,909.62,126.31,123.62,126.5,80.13,89.93,4.66,48.02,44.56,209167.74,Normal,0
2020-07-17 23:00:00,1136.02,911.77,125.51,122.77,125.65,78.96,88.72,4.83,46.94,43.56,208060.28,Normal,0
2020-07-18 00:00:00,1132.36,911.43,124.53,121.77,124.65,77.75,87.44,4.87,45.4,42.58,208042.14,Normal,0
2020-07-18 01:00:00,1123.41,911.59,123.39,120.69,123.6,76.81,86.36,4.89,44.82,42.72,205739.15,Normal,0
2020-07-18 02:00:00,1115.22,911.49,122.84,120.2,123.13,76.39,85.64,5.0,44.46,42.63,206536.29,Normal,0
2020-07-18 03:00:00,1122.58,911.9,122.29,119.61,122.55,75.83,85.11,5.08,42.94,42.0,205849.69,Normal,0
2020-07-18 04:00:00,1122.17,911.82,121.68,118.98,121.93,75.45,84.56,4.93,42.75,41.64,205935.83,Normal,0
2020-07-18 05:00:00,1121.57,912.08,121.15,118.44,121.39,74.84,84.05,4.88,42.48,41.14,205115.59,Normal,0
2020-07-18 06:00:00,1125.49,912.1,120.41,117.7,120.61,73.61,83.36,4.5,41.86,39.26,205585.76,Normal,0
2020-07-18 07:00:00,1135.06,911.7,119.35,116.59,119.5,72.58,82.04,4.55,40.22,38.68,207436.56,Normal,0
2020-07-18 08:00:00,1118.55,905.15,118.14,115.46,118.36,71.71,80.73,3.32,39.99,39.43,207279.64,Normal,0
2020-07-18 09:00:00,1122.1,912.2,118.25,115.66,118.7,72.01,81.0,3.4,41.91,40.63,205579.14,Normal,0
2020-07-18 10:00:00,1129.55,912.23,119.32,116.75,119.83,72.0,82.17,3.87,43.18,41.7,205825.85,Normal,0
2020-07-18 11:00:00,1130.03,912.19,120.76,118.27,121.32,72.17,83.55,3.94,45.48,43.26,204542.51,Normal,0
2020-07-18 12:00:00,1129.09,912.34,122.18,119.7,122.82,73.34,85.18,3.74,47.21,45.18,203214.61,Normal,0
2020-07-18 13:00:00,1129.4,912.29,123.72,121.23,124.38,75.27,86.85,3.05,48.52,47.93,203272.83,Normal,0
2020-07-18 14:00:00,1130.54,912.25,125.37,122.89,126.03,77.07,88.57,2.8,49.71,49.99,202386.99,Normal,0
2020-07-18 15:00:00,1124.95,912.3,126.84,124.37,127.53,78.68,90.11,2.78,51.31,51.16,201531.3,Normal,0
2020-07-18 16:00:00,1123.14,912.32,127.9,125.43,128.53,79.25,91.36,2.72,52.74,51.51,201537.79,Normal,0
2020-07-18 17:00:00,1122.18,912.29,128.72,126.24,129.25,79.96,92.14,2.74,52.99,51.25,202553.51,Normal,0
2020-07-18 18:00:00,1124.63,911.94,129.05,126.49,129.44,79.92,92.3,2.84,52.26,50.39,203728.3,Normal,0
2020-07-18 19:00:00,0.0,8.3,112.35,111.04,112.69,79.12,85.27,0.51,53.71,50.78,4833.74,Normal,0
2020-07-18 20:00:00,0.0,0.0,98.81,97.99,98.51,75.82,75.25,0.45,48.97,45.17,0.0,Normal,0
2020-07-18 21:00:00,0.0,0.0,92.68,90.88,91.86,73.0,70.18,0.45,45.64,41.56,0.0,Normal,0
2020-07-18 22:00:00,0.0,0.0,87.98,85.28,88.29,70.18,67.51,0.45,43.9,39.75,0.0,Normal,0
2020-07-18 23:00:00,0.0,0.0,83.89,80.86,84.8,67.43,64.93,0.45,41.63,37.17,0.0,Normal,0
2020-07-19 00:00:00,991.08,787.03,96.35,92.99,96.48,66.92,68.19,2.82,38.84,37.38,176480.95,Normal,0
2020-07-19 01:00:00,1105.27,912.53,109.43,106.68,110.0,70.27,74.55,3.03,40.87,40.78,198548.77,Normal,0
2020-07-19 02:00:00,1095.81,912.52,112.85,110.41,113.6,71.14,77.78,2.86,40.86,40.38,195928.33,Normal,0
2020-07-19 03:00:00,1098.33,912.53,114.37,111.89,115.03,71.43,78.82,2.81,39.39,39.52,196418.27,Normal,0
2020-07-19 04:00:00,1100.53,912.52,115.04,112.48,115.57,71.16,79.2,2.77,38.14,39.07,197146.58,Normal,0
2020-07-19 05:00:00,1103.91,912.52,115.58,113.04,116.12,71.21,79.6,2.71,38.14,39.36,198369.41,Normal,0
2020-07-19 06:00:00,1107.25,912.51,115.96,113.36,116.41,70.54,79.9,2.69,38.47,39.21,199321.99,Normal,0
2020-07-19 07:00:00,1116.0,912.49,116.08,113.49,116.56,71.26,80.01,2.67,38.84,40.19,198937.16,Normal,0
2020-07-19 08:00:00,1116.05,912.49,116.92,114.39,117.52,72.61,80.72,2.69,41.71,42.01,198373.1,Normal,0
2020-07-19 09:00:00,1097.03,912.52,118.28,115.85,119.05,74.24,82.24,2.64,44.46,44.66,193639.0,Normal,0
2020-07-19 10:00:00,1098.95,912.52,120.09,117.71,120.91,76.3,84.0,2.62,46.75,46.68,193254.36,Normal,0
2020-07-19 11:00:00,1104.95,912.52,121.75,119.39,122.54,77.94,86.35,2.61,48.1,48.1,192897.97,Normal,0
2020-07-19 12:00:00,1112.06,912.5,123.19,120.77,123.91,79.23,87.92,2.59,50.03,49.61,194218.05,Normal,0
2020-07-19 13:00:00,1109.84,912.47,124.43,121.96,125.17,80.62,89.07,2.56,51.37,51.05,193217.29,Normal,0
2020-07-19 14:00:00,1112.67,912.42,125.96,123.5,126.74,80.75,90.61,2.51,53.36,52.3,197347.78,Normal,0
2020-07-19 15:00:00,1110.11,912.46,127.79,125.35,128.63,80.44,92.11,2.55,55.71,53.1,196829.59,Normal,0
2020-07-19 16:00:00,1110.32,912.38,129.31,126.88,130.02,80.62,94.16,2.56,56.68,53.32,199550.77,Normal,0
2020-07-19 17:00:00,1111.44,912.34,130.32,127.9,130.99,81.69,95.54,2.6,57.41,53.63,200637.29,Normal,0
2020-07-19 18:00:00,854.96,713.78,129.93,127.53,130.47,82.77,95.99,2.14,58.55,54.36,159556.6,Normal,0
2020-07-19 19:00:00,0.0,0.0,110.52,109.63,111.12,81.6,86.92,0.47,58.75,51.72,0.0,Normal,0
2020-07-19 20:00:00,0.0,0.0,100.47,99.25,99.41,78.52,77.57,0.45,52.43,46.54,0.0,Normal,0
2020-07-19 21:00:00,0.0,0.0,94.77,92.48,93.49,75.72,72.6,0.45,48.17,43.02,0.0,Normal,0
2020-07-19 22:00:00,0.0,0.0,90.07,87.19,88.95,73.08,68.77,0.45,45.44,40.72,0.0,Normal,0
2020-07-19 23:00:00,0.0,0.0,85.97,82.59,85.91,70.34,66.04,0.45,43.82,39.67,0.0,Normal,0
2020-07-20 00:00:00,525.96,426.74,88.42,84.76,89.29,67.35,65.79,1.55,41.2,38.64,92569.52,Normal,0
2020-07-20 01:00:00,1126.13,909.02,108.16,105.09,108.88,66.9,74.75,2.74,42.47,43.18,207818.79,Normal,0
2020-07-20 02:00:00,1127.96,912.37,114.91,112.34,115.74,67.96,78.72,2.83,43.54,44.26,205833.28,Normal,0
2020-07-20 03:00:00,1117.7,912.43,117.85,115.39,118.65,69.54,81.57,2.73,43.7,44.61,204512.0,Normal,0
2020-07-20 04:00:00,1119.7,912.4,119.71,117.2,120.37,70.77,83.46,2.7,43.87,44.8,205186.52,Normal,0
2020-07-20 05:00:00,1120.0,912.25,120.9,118.4,121.48,71.51,84.75,2.62,44.47,44.62,206782.24,Normal,0
2020-07-20 06:00:00,1121.98,912.17,121.73,119.22,122.25,72.46,85.55,2.59,44.58,45.26,207687.93,Normal,0
2020-07-20 07:00:00,1127.41,911.85,122.45,119.92,122.9,73.02,86.25,2.54,44.56,45.55,208181.99,Normal,0
2020-07-20 08:00:00,1133.82,911.75,123.28,120.72,123.74,73.82,87.04,2.54,45.53,46.42,208768.55,Normal,0
2020-07-20 09:00:00,1118.7,907.23,123.86,121.28,124.34,74.56,87.85,2.48,46.61,47.31,204557.76,Normal,0
2020-07-20 10:00:00,1093.79,900.91,123.76,121.29,124.41,75.51,89.01,2.46,48.69,48.94,199834.21,Normal,0
2020-07-20 11:00:00,1092.69,900.74,124.67,122.27,125.48,76.91,90.4,2.48,51.58,51.72,197464.68,Normal,0
2020-07-20 12:00:00,1080.8,900.87,126.13,123.81,127.03,78.73,91.93,2.57,53.26,53.15,198222.91,Normal,0
2020-07-20 13:00:00,1079.66,900.85,127.26,124.95,128.12,79.38,92.9,2.5,54.49,53.82,198386.77,Normal,0
2020-07-20 14:00:00,1063.95,893.41,128.24,125.9,129.13,80.17,93.95,2.48,55.83,54.65,198848.06,Normal,0
2020-07-20 15:00:00,447.95,355.09,116.73,115.04,118.18,79.74,89.55,1.43,56.64,54.93,77187.57,Normal,0
2020-07-20 16:00:00,504.4,422.84,117.94,115.85,118.93,79.45,88.45,1.54,54.51,54.77,94057.14,Normal,0
2020-07-20 17:00:00,50.03,16.81,101.2,100.48,102.27,77.86,79.2,0.57,53.5,51.61,3159.74,Normal,0
2020-07-20 18:00:00,883.39,737.22,112.03,109.81,111.96,74.74,81.3,2.27,48.93,48.92,167655.39,Normal,0
2020-07-20 19:00:00,268.16,204.46,101.45,99.91,101.92,72.58,78.34,0.97,49.68,49.1,41273.6,Normal,0
2020-07-20 20:00:00,36.65,36.3,96.05,94.18,97.25,70.01,75.2,0.56,49.29,48.57,11274.71,Normal,0
2020-07-20 21:00:00,0.0,0.0,86.07,83.89,89.3,67.29,69.33,0.49,48.03,45.59,0.0,Normal,0
2020-07-20 22:00:00,193.94,145.32,86.03,83.15,88.97,65.41,67.44,0.84,44.97,43.01,33046.63,Normal,0
2020-07-20 23:00:00,0.0,0.0,80.04,77.39,83.38,64.02,64.69,0.46,45.49,42.6,0.0,Normal,0
2020-07-21 00:00:00,476.88,362.76,85.41,82.71,87.05,61.2,64.33,1.42,40.62,38.73,86119.21,Normal,0
2020-07-21 01:00:00,266.21,209.43,80.71,78.69,82.55,58.91,63.04,0.93,41.62,39.21,42788.25,Normal,0
2020-07-21 02:00:00,1105.29,901.12,97.3,94.9,98.68,58.43,66.19,2.63,38.74,39.38,203920.18,Normal,0
2020-07-21 03:00:00,1105.63,900.87,105.33,103.04,106.39,60.2,69.93,2.76,38.39,39.77,201766.55,Normal,0
2020-07-21 04:00:00,1079.31,900.87,107.99,105.75,108.9,61.46,72.59,3.34,38.07,38.65,193418.49,Normal,0
2020-07-21 05:00:00,1081.1,900.91,109.43,107.16,110.19,62.24,74.13,3.33,38.63,38.17,194359.66,Normal,0
2020-07-21 06:00:00,1080.46,900.9,110.24,107.93,110.87,62.66,75.95,3.14,37.53,37.55,196236.6,Normal,0
2020-07-21 07:00:00,1083.74,900.94,110.92,108.6,111.49,62.94,76.98,3.11,37.11,36.88,199594.99,Normal,0
2020-07-21 08:00:00,1076.57,901.02,111.08,108.77,111.65,63.18,77.1,3.1,37.29,37.58,196268.83,Normal,0
2020-07-21 09:00:00,1080.63,900.91,111.2,108.87,111.78,63.41,77.33,2.92,37.84,37.3,195042.02,Normal,0
2020-07-21 10:00:00,1086.04,900.87,111.72,109.39,112.3,63.9,77.75,2.92,38.64,37.07,198092.93,Normal,0
2020-07-21 11:00:00,93.58,77.92,98.65,97.12,100.12,64.14,73.39,0.69,42.19,40.02,19994.55,Normal,0
2020-07-21 12:00:00,0.0,0.0,85.6,84.29,89.32,62.06,66.36,0.45,41.33,38.51,0.0,Normal,0
2020-07-21 13:00:00,0.0,0.0,80.41,78.49,84.37,60.85,63.09,0.45,39.88,37.73,0.0,Normal,0
2020-07-21 14:00:00,897.15,724.92,90.84,88.32,93.5,60.65,65.47,2.22,39.33,39.79,156474.15,Normal,0
2020-07-21 15:00:00,427.06,367.17,97.05,95.27,98.75,63.22,69.67,1.48,44.46,44.9,71082.35,Normal,0
2020-07-21 16:00:00,1083.42,892.26,104.03,102.15,105.7,63.53,71.24,2.58,43.42,44.85,201076.74,Normal,0
2020-07-21 17:00:00,1057.91,900.8,112.02,110.01,113.4,66.53,77.51,2.56,45.81,47.66,187430.84,Normal,0
2020-07-21 18:00:00,1071.6,900.1,115.71,113.65,116.9,68.84,82.03,2.55,47.26,48.35,192166.38,Normal,0
2020-07-21 19:00:00,1086.94,900.72,118.71,116.51,119.62,70.34,84.15,2.51,46.83,47.43,199307.81,Normal,0
2020-07-21 20:00:00,1081.61,900.68,119.05,116.75,119.74,70.63,84.6,2.49,46.49,45.62,194668.11,Normal,0
2020-07-21 21:00:00,1085.87,900.69,118.48,116.07,119.04,70.31,84.38,2.48,45.9,44.22,194045.25,Normal,0
2020-07-21 22:00:00,90.09,80.57,104.17,102.57,105.42,69.44,78.75,0.69,48.43,45.41,20622.6,Normal,0
2020-07-21 23:00:00,361.91,284.91,93.43,92.0,95.16,66.18,70.7,1.16,42.8,38.62,60537.47,Normal,0
2020-07-22 00:00:00,1127.17,907.19,108.58,105.75,108.77,64.42,74.69,2.57,38.68,38.95,208976.95,Normal,0
2020-07-22 01:00:00,1129.7,907.85,113.01,110.46,113.4,64.29,77.04,2.56,38.94,39.93,210113.7,Normal,0
2020-07-22 02:00:00,1122.21,906.99,114.32,111.84,114.72,64.56,78.06,2.55,37.55,39.91,207390.4,Normal,0
2020-07-22 03:00:00,1132.38,911.18,115.04,112.54,115.4,64.78,78.92,2.61,37.94,39.86,209071.69,Normal,0
2020-07-22 04:00:00,1133.74,911.8,115.58,113.08,115.89,65.51,79.15,2.63,39.13,40.1,206995.03,Normal,0
2020-07-22 05:00:00,1128.47,911.91,115.85,113.27,116.09,66.01,79.43,2.66,40.6,39.91,205277.92,Normal,0
2020-07-22 06:00:00,1123.64,911.93,115.62,113.06,115.83,65.69,79.48,2.73,40.87,39.28,205147.32,Normal,0
2020-07-22 07:00:00,1122.16,911.94,115.16,112.62,115.36,65.13,79.35,2.69,40.72,38.89,203997.93,Normal,0
2020-07-22 08:00:00,1132.52,911.89,114.76,112.27,115.03,64.99,79.14,2.63,41.23,39.47,204242.0,Normal,0
2020-07-22 09:00:00,1124.2,910.55,114.78,112.31,115.11,65.32,79.04,2.6,41.28,40.46,199155.25,Normal,0
2020-07-22 10:00:00,18.2,25.34,99.34,98.04,100.54,65.9,74.11,0.56,44.54,44.18,7828.43,Normal,0
2020-07-22 11:00:00,0.0,0.0,87.15,86.35,89.39,64.42,66.59,0.45,42.66,40.48,9.27,Normal,0
2020-07-22 12:00:00,390.99,310.57,85.85,84.22,87.95,63.23,64.28,1.24,40.54,39.22,67834.6,Normal,0
2020-07-22 13:00:00,1122.76,899.35,105.08,102.66,106.16,64.48,72.03,2.68,42.98,45.03,206963.87,Normal,0
2020-07-22 14:00:00,1122.5,912.5,113.78,111.59,114.86,67.4,78.97,2.58,47.99,48.6,198384.25,Normal,0
2020-07-22 15:00:00,1115.81,912.44,118.44,116.31,119.45,70.48,82.66,2.5,50.49,50.0,197024.28,Normal,0
2020-07-22 16:00:00,1117.94,912.44,121.42,119.26,122.26,72.83,85.26,2.51,51.6,50.34,197491.87,Normal,0
2020-07-22 17:00:00,1116.66,912.19,123.42,121.17,124.16,75.28,87.28,2.57,52.47,50.67,198998.79,Normal,0
2020-07-22 18:00:00,1106.84,912.05,124.66,122.39,125.26,76.91,88.62,2.68,52.4,50.09,197443.82,Normal,0
2020-07-22 19:00:00,1111.28,911.98,124.86,122.55,125.27,76.63,88.7,2.96,51.77,48.64,198731.66,Normal,0
2020-07-22 20:00:00,1125.15,911.96,124.31,121.85,124.57,75.53,88.37,3.42,50.44,46.65,200356.8,Normal,0
2020-07-22 21:00:00,1126.92,911.86,123.11,120.58,123.3,74.12,87.46,3.28,48.93,45.09,201816.65,Normal,0
2020-07-22 22:00:00,1135.73,911.7,122.33,119.74,122.54,72.66,86.24,3.35,47.75,43.84,207346.99,Normal,0
2020-07-22 23:00:00,1123.41,911.88,121.3,118.75,121.5,70.97,85.75,3.08,46.55,42.51,202833.78,Normal,0
2020-07-23 00:00:00,1126.71,911.84,120.19,117.63,120.32,69.66,84.96,2.83,45.25,41.51,202764.67,Normal,0
2020-07-23 01:00:00,1119.62,911.79,119.1,116.56,119.24,68.72,84.16,2.75,44.3,40.79,203298.06,Normal,0
2020-07-23 02:00:00,1122.85,911.81,118.24,115.75,118.42,68.22,83.42,2.76,44.01,41.0,202827.04,Normal,0
2020-07-23 03:00:00,1131.68,911.88,117.54,115.02,117.76,68.01,82.8,2.7,43.26,40.6,201242.0,Normal,0
2020-07-23 04:00:00,1130.79,911.82,117.07,114.52,117.27,67.53,82.34,2.75,42.6,40.04,203107.77,Normal,0
2020-07-23 05:00:00,1114.86,911.91,116.51,113.97,116.7,66.87,81.7,2.74,41.86,39.41,202814.24,Normal,0
2020-07-23 06:00:00,1128.17,911.88,116.0,113.42,116.16,66.27,80.91,2.72,41.27,39.09,203969.69,Normal,0
2020-07-23 07:00:00,1134.82,911.71,115.46,112.89,115.67,65.9,80.31,2.73,41.17,39.03,205417.9,Normal,0
2020-07-23 08:00:00,1131.43,911.73,115.0,112.42,115.19,65.45,79.69,2.73,41.46,39.44,205140.09,Normal,0
2020-07-23 09:00:00,1128.8,911.78,115.15,112.65,115.5,66.04,79.82,2.67,42.91,41.24,203673.49,Normal,0
2020-07-23 10:00:00,1104.98,898.74,116.39,113.96,116.93,67.63,81.06,2.56,44.93,43.52,199494.2,Normal,0
2020-07-23 11:00:00,623.36,487.3,107.06,105.25,107.96,67.83,78.2,1.61,45.56,44.7,106167.75,Normal,0
2020-07-23 12:00:00,1110.69,911.49,114.35,112.03,115.06,68.37,80.32,2.52,44.34,46.29,195274.47,Normal,0
2020-07-23 13:00:00,1103.72,912.0,117.95,115.67,118.72,70.39,82.84,2.64,45.51,48.75,194166.87,Normal,0
2020-07-23 14:00:00,1098.05,912.0,120.45,118.17,121.22,72.62,85.46,3.0,47.55,50.15,192486.27,Normal,0
2020-07-23 15:00:00,1091.94,911.87,122.35,120.08,123.12,75.01,87.32,2.99,49.97,50.75,190378.31,Normal,0
2020-07-23 16:00:00,1110.56,911.78,124.13,121.77,124.82,76.86,88.9,3.06,51.94,51.29,196075.64,Normal,0
2020-07-23 17:00:00,1112.95,911.74,125.75,123.37,126.33,78.66,90.12,3.1,52.91,51.46,198308.98,Normal,0
2020-07-23 18:00:00,1109.18,911.72,126.83,124.48,127.33,79.5,90.84,3.41,52.83,50.8,198883.37,Normal,0
2020-07-23 19:00:00,314.75,260.97,117.14,115.33,117.37,78.86,87.17,1.21,53.27,50.75,57365.47,Normal,0
2020-07-23 20:00:00,0.0,0.0,99.4,98.73,99.1,75.78,75.74,0.47,49.72,45.78,0.0,Normal,0
2020-07-23 21:00:00,0.0,0.0,92.29,90.89,90.46,73.09,69.0,0.47,45.33,40.9,6.58,Normal,0
2020-07-23 22:00:00,0.0,0.0,87.08,85.06,84.57,70.44,64.63,0.47,42.6,37.94,0.0,Normal,0
2020-07-23 23:00:00,0.0,0.0,82.83,80.19,81.29,67.29,62.17,0.47,41.07,36.59,0.0,Normal,0
2020-07-24 00:00:00,901.57,725.17,93.0,89.86,92.56,63.17,65.24,2.29,37.38,36.15,162120.14,Normal,0
2020-07-24 01:00:00,575.9,474.3,102.22,99.71,102.51,62.63,70.45,1.72,41.31,41.68,105724.58,Normal,0
2020-07-24 02:00:00,963.36,783.41,99.53,97.57,100.43,60.81,69.16,2.41,38.39,37.96,174075.93,Normal,0
2020-07-24 03:00:00,1105.68,911.71,108.61,106.23,109.24,62.02,73.93,2.73,39.53,39.79,199053.8,Normal,0
2020-07-24 04:00:00,1122.55,911.91,111.58,109.24,112.17,62.99,76.28,2.75,40.73,40.09,204488.55,Normal,0
2020-07-24 05:00:00,1123.18,911.92,113.31,110.9,113.79,63.97,77.81,2.94,41.83,39.56,204670.38,Normal,0
2020-07-24 06:00:00,1124.66,911.66,114.47,112.02,114.88,64.86,78.96,3.33,42.07,38.74,207786.1,Normal,0
2020-07-24 07:00:00,1126.68,911.84,115.08,112.54,115.35,65.42,79.7,3.35,42.15,38.32,206778.53,Normal,0
2020-07-24 08:00:00,1121.79,911.9,115.67,113.11,116.0,66.07,80.43,3.12,43.6,39.86,205435.46,Normal,0
2020-07-24 09:00:00,1129.14,911.87,116.65,114.18,117.09,67.17,81.11,2.94,45.39,41.72,205647.3,Normal,0
2020-07-24 10:00:00,1123.99,911.89,117.76,115.33,118.24,68.97,82.02,2.81,47.13,43.68,201550.39,Normal,0
2020-07-24 11:00:00,1119.78,911.85,119.12,116.7,119.63,70.79,83.11,2.75,48.56,45.28,201565.21,Normal,0
2020-07-24 12:00:00,1116.27,911.87,120.56,118.15,121.11,72.57,84.46,2.87,49.74,46.83,201743.67,Normal,0
2020-07-24 13:00:00,1112.8,911.8,122.06,119.69,122.63,74.05,85.75,2.65,51.16,48.55,201092.91,Normal,0
2020-07-24 14:00:00,1113.4,911.75,123.39,121.0,123.99,75.69,87.38,2.64,52.39,49.72,199962.55,Normal,0
2020-07-24 15:00:00,1116.72,911.7,124.67,122.27,125.24,77.23,88.85,2.65,53.45,50.63,200012.04,Normal,0
2020-07-24 16:00:00,1119.88,911.68,125.93,123.54,126.46,78.19,90.26,2.72,54.28,50.98,202531.36,Normal,0
2020-07-24 17:00:00,1122.82,911.59,127.08,124.68,127.54,78.85,91.78,2.89,54.39,50.71,205275.1,Normal,0
2020-07-24 18:00:00,561.51,465.57,122.42,120.25,122.72,79.35,90.48,1.81,55.84,51.59,107587.12,Normal,0
2020-07-24 19:00:00,0.0,0.0,102.44,101.88,103.19,76.76,79.23,0.47,52.95,48.17,0.0,Normal,0
2020-07-24 20:00:00,0.0,0.0,94.26,93.26,92.81,74.41,70.96,0.46,46.89,42.66,0.0,Normal,0
2020-07-24 21:00:00,0.0,0.0,88.71,86.99,86.51,71.68,66.33,0.46,43.69,39.96,0.0,Normal,0
2020-07-24 22:00:00,0.0,0.0,84.5,82.12,83.38,68.54,64.02,0.46,41.92,38.28,0.0,Normal,0
2020-07-24 23:00:00,0.0,0.0,80.76,77.85,80.83,65.35,62.04,0.46,40.27,36.5,0.0,Normal,0
2020-07-25 00:00:00,793.08,638.18,88.84,85.62,89.34,61.9,64.08,2.72,39.29,36.18,145322.13,Normal,0
2020-07-25 01:00:00,1137.98,909.05,105.68,103.0,106.29,62.18,71.28,3.05,43.95,40.52,209243.06,Normal,0
2020-07-25 02:00:00,1139.68,911.7,111.5,109.1,112.19,63.75,74.75,2.63,44.32,41.14,207091.24,Normal,0
2020-07-25 03:00:00,1134.03,911.53,114.39,111.93,114.95,65.34,77.65,2.59,44.43,41.35,208377.6,Normal,0
2020-07-25 04:00:00,1129.01,911.75,116.01,113.53,116.41,66.4,79.46,2.61,44.25,41.11,207808.12,Normal,0
2020-07-25 05:00:00,1129.64,911.42,116.87,114.38,117.21,67.14,80.29,2.6,43.94,40.85,209343.2,Normal,0
2020-07-25 06:00:00,1130.63,911.55,117.21,114.64,117.42,67.4,80.75,2.6,43.62,40.55,208306.75,Normal,0
2020-07-25 07:00:00,1130.22,911.75,117.09,114.55,117.31,67.46,80.91,2.69,44.02,40.91,206601.79,Normal,0
2020-07-25 08:00:00,1125.71,911.84,117.34,114.79,117.63,67.96,81.22,2.71,45.19,42.03,205427.66,Normal,0
2020-07-25 09:00:00,1123.54,908.72,117.7,115.2,118.06,68.54,81.78,2.64,45.72,42.64,203610.41,Normal,0
2020-07-25 10:00:00,1134.5,907.95,118.03,115.6,118.44,69.28,83.01,2.48,46.32,43.62,209455.32,Normal,0
2020-07-25 11:00:00,1139.15,910.14,119.56,117.1,119.99,70.76,84.32,2.61,48.14,45.27,209797.49,Normal,0
2020-07-25 12:00:00,1138.81,911.08,121.12,118.68,121.57,72.39,85.84,2.77,49.93,46.96,209200.06,Normal,0
2020-07-25 13:00:00,1134.84,911.38,122.77,120.33,123.25,74.13,87.79,2.58,51.56,48.48,208144.92,Normal,0
2020-07-25 14:00:00,1132.32,911.17,124.34,121.88,124.84,76.26,89.39,2.61,53.0,49.4,208851.75,Normal,0
2020-07-25 15:00:00,1128.7,911.05,125.81,123.36,126.31,78.36,90.88,2.62,54.21,50.12,207991.09,Normal,0
2020-07-25 16:00:00,1129.72,911.35,127.05,124.6,127.54,79.58,91.97,2.67,55.26,50.94,208060.32,Normal,0
2020-07-25 17:00:00,1114.05,911.6,127.75,125.32,128.21,80.16,92.68,2.61,55.55,51.25,201564.12,Normal,0
2020-07-25 18:00:00,627.28,519.02,123.6,121.34,123.92,80.02,91.71,1.73,56.5,52.27,116007.0,Normal,0
2020-07-25 19:00:00,0.0,0.0,103.56,102.85,105.06,77.2,81.29,0.48,54.62,50.17,0.0,Normal,0
2020-07-25 20:00:00,0.0,0.0,95.79,94.4,97.08,74.16,74.56,0.46,49.33,45.12,17.0,Normal,0
2020-07-25 21:00:00,0.0,0.0,90.76,88.65,91.33,71.77,69.97,0.46,45.54,41.52,0.0,Normal,0
2020-07-25 22:00:00,0.0,0.0,86.42,83.89,86.41,69.41,66.27,0.46,43.07,39.14,0.0,Normal,0
2020-07-25 23:00:00,0.0,0.0,82.54,79.76,82.21,66.95,63.02,0.46,40.9,37.0,11.43,Normal,0
2020-07-26 00:00:00,833.67,657.4,91.05,87.95,90.84,63.64,64.85,3.31,40.06,36.84,146298.38,Normal,0
2020-07-26 01:00:00,1134.03,911.6,107.66,104.94,108.03,63.45,71.65,4.63,44.54,40.42,208061.67,Normal,0
2020-07-26 02:00:00,1123.02,911.82,112.49,110.1,113.09,64.38,74.72,3.53,45.1,39.84,206738.69,Normal,0
2020-07-26 03:00:00,1120.13,911.76,114.87,112.49,115.43,65.59,77.06,3.07,45.09,40.26,206532.56,Normal,0
2020-07-26 04:00:00,1124.56,911.3,116.19,113.76,116.6,66.39,78.77,2.8,44.5,39.92,205623.34,Normal,0
2020-07-26 05:00:00,1105.13,897.01,115.94,113.51,116.29,66.21,80.04,2.57,42.75,39.72,209296.19,Normal,0
2020-07-26 06:00:00,1124.53,904.65,115.78,113.29,116.05,66.1,80.28,2.43,42.05,39.57,209782.87,Normal,0
2020-07-26 07:00:00,1124.09,901.54,115.87,113.32,116.1,66.36,79.79,2.43,42.48,39.86,210026.36,Normal,0
2020-07-26 08:00:00,1132.28,905.69,116.25,113.78,116.56,66.71,79.51,2.46,43.74,41.08,209683.48,Normal,0
2020-07-26 09:00:00,1120.81,906.18,116.83,114.35,117.18,67.25,79.73,2.49,44.82,42.34,207776.45,Normal,0
2020-07-26 10:00:00,1103.3,907.05,117.22,114.88,117.74,68.5,80.75,2.56,46.4,44.05,201646.63,Normal,0
2020-07-26 11:00:00,1122.24,911.64,119.41,117.07,119.96,70.08,83.25,2.5,47.96,45.85,204350.85,Normal,0
2020-07-26 12:00:00,1126.85,911.65,121.09,118.75,121.64,71.87,85.56,2.52,49.59,47.66,204072.61,Normal,0
2020-07-26 13:00:00,1119.77,911.62,122.7,120.33,123.27,73.63,87.5,2.51,51.29,49.21,203192.75,Normal,0
2020-07-26 14:00:00,1118.68,911.55,124.32,121.96,124.92,75.41,89.42,2.52,53.38,50.75,204188.79,Normal,0
2020-07-26 15:00:00,1118.08,911.47,126.2,123.89,126.8,77.22,91.29,2.58,55.3,52.06,203687.8,Normal,0
2020-07-26 16:00:00,1123.48,911.36,127.97,125.59,128.56,78.78,92.84,2.58,56.54,52.92,206249.72,Normal,0
2020-07-26 17:00:00,785.43,640.8,126.91,124.52,127.36,79.95,93.71,1.96,57.93,54.11,144828.19,Normal,0
2020-07-26 18:00:00,0.0,0.0,107.22,106.23,109.56,78.49,85.22,0.48,57.7,53.52,0.0,Normal,0
2020-07-26 19:00:00,0.0,0.0,98.48,97.05,100.88,75.81,77.79,0.47,51.92,48.06,0.0,Normal,0
2020-07-26 20:00:00,0.0,0.0,93.19,90.87,95.05,73.3,73.36,0.46,47.96,44.01,0.0,Normal,0
2020-07-26 21:00:00,0.0,0.0,88.5,85.49,89.95,70.42,69.65,0.46,45.05,41.45,6.44,Normal,0
2020-07-26 22:00:00,0.0,0.0,84.34,81.13,85.24,67.83,65.84,0.46,42.33,38.64,101.66,Normal,0
2020-07-26 23:00:00,0.0,0.0,80.62,77.37,81.04,65.38,62.52,0.46,40.34,36.8,0.02,Normal,0
2020-07-27 00:00:00,944.7,742.57,92.51,89.28,92.76,62.47,66.12,2.45,40.22,37.52,172586.22,Normal,0
2020-07-27 01:00:00,1126.92,910.01,107.63,105.02,108.26,63.22,73.98,2.79,44.81,41.17,205916.47,Normal,0
2020-07-27 02:00:00,1109.04,911.81,112.55,110.23,113.32,65.13,79.21,2.78,46.25,42.48,200458.85,Normal,0
2020-07-27 03:00:00,1113.67,911.79,115.55,113.21,116.24,66.98,82.54,2.72,46.87,43.06,200089.44,Normal,0
2020-07-27 04:00:00,811.05,652.95,111.66,109.45,112.27,66.96,81.8,2.11,45.82,42.33,146659.12,Normal,0
2020-07-27 05:00:00,1137.94,909.77,113.81,111.4,114.47,66.56,81.0,2.52,44.47,42.12,206683.28,Normal,0
2020-07-27 06:00:00,1129.65,911.64,116.33,113.84,116.73,66.91,81.63,2.69,44.7,41.76,206044.5,Normal,0
2020-07-27 07:00:00,1135.33,911.52,117.25,114.74,117.59,67.43,81.9,2.82,44.94,41.87,206941.58,Normal,0
2020-07-27 08:00:00,1132.04,911.57,118.11,115.62,118.48,68.22,82.18,3.03,45.73,42.59,206437.11,Normal,0
2020-07-27 09:00:00,1128.03,911.43,118.71,116.2,119.07,68.65,82.63,2.85,46.14,42.81,205537.6,Normal,0
2020-07-27 10:00:00,1126.11,910.51,119.53,117.06,119.91,69.6,83.04,2.58,46.88,44.06,208035.43,Normal,0
2020-07-27 11:00:00,1116.54,908.27,120.44,118.02,120.93,71.09,83.76,2.44,47.72,45.53,206904.12,Normal,0
2020-07-27 12:00:00,1109.82,910.17,121.75,119.41,122.31,72.71,84.99,2.43,48.99,47.5,204459.8,Normal,0
2020-07-27 13:00:00,1089.99,890.06,122.46,120.18,123.04,74.1,86.41,2.49,49.42,48.3,209931.49,Normal,0
2020-07-27 14:00:00,1125.5,908.81,123.71,121.35,124.28,75.18,88.18,2.43,50.8,49.43,207933.65,Normal,0
2020-07-27 15:00:00,1117.78,912.1,125.21,122.83,125.76,76.73,89.69,2.49,52.69,50.72,202179.68,Normal,0
2020-07-27 16:00:00,1123.02,912.07,126.65,124.29,127.24,78.47,91.1,2.6,54.32,51.75,202927.74,Normal,0
2020-07-27 17:00:00,1124.31,912.06,127.93,125.52,128.46,79.79,92.4,2.62,55.27,52.08,203635.1,Normal,0
2020-07-27 18:00:00,723.42,595.0,125.5,123.1,125.86,80.48,92.2,1.92,56.67,52.88,133769.75,Normal,0
2020-07-27 19:00:00,0.0,0.0,105.46,104.58,107.69,77.97,82.97,0.48,56.13,51.69,0.0,Normal,0
2020-07-27 20:00:00,0.0,0.0,97.13,95.64,99.19,74.95,75.89,0.46,50.4,46.05,0.0,Normal,0
2020-07-27 21:00:00,0.0,0.0,91.92,89.61,93.27,72.42,71.44,0.45,46.14,42.25,0.0,Normal,0
2020-07-27 22:00:00,0.0,0.0,87.47,84.61,88.22,69.68,67.8,0.46,43.61,39.72,0.0,Normal,0
2020-07-27 23:00:00,0.0,0.0,83.36,80.02,84.76,66.58,65.16,0.46,41.86,37.92,0.0,Normal,0
2020-07-28 00:00:00,1009.69,806.13,96.47,93.03,97.32,63.61,68.38,3.52,40.64,37.93,183805.26,Normal,0
2020-07-28 01:00:00,1122.7,912.32,109.94,107.25,110.6,64.4,73.94,4.03,44.43,41.11,205514.41,Normal,0
2020-07-28 02:00:00,1113.59,912.34,113.88,111.48,114.53,65.09,76.63,3.44,44.58,40.78,205678.26,Normal,0
2020-07-28 03:00:00,1121.61,912.25,115.57,113.15,116.02,65.64,78.17,3.1,43.6,39.67,206383.7,Normal,0
2020-07-28 04:00:00,1118.06,912.37,115.93,113.45,116.24,65.8,78.91,2.89,42.9,39.26,205828.1,Normal,0
2020-07-28 05:00:00,1116.09,912.33,115.84,113.32,116.1,65.71,79.2,2.73,42.53,39.23,205618.82,Normal,0
2020-07-28 06:00:00,781.95,655.94,113.06,110.58,113.25,65.64,78.56,2.0,42.98,39.79,149399.58,Normal,0
2020-07-28 07:00:00,0.0,0.0,93.1,91.86,94.25,64.2,70.47,0.48,44.84,38.83,15.37,Normal,0
2020-07-28 08:00:00,557.03,465.54,90.74,88.6,91.6,61.17,65.96,1.62,38.23,34.24,95906.93,Normal,0
2020-07-28 09:00:00,1083.01,912.47,104.63,101.96,105.07,61.55,70.22,2.56,38.48,38.72,191533.77,Normal,0
2020-07-28 10:00:00,1100.77,912.44,109.87,107.55,110.67,63.0,72.98,2.59,41.4,41.43,200694.47,Normal,0
2020-07-28 11:00:00,1110.72,912.34,113.61,111.35,114.42,65.07,76.27,2.55,43.77,43.32,204235.18,Normal,0
2020-07-28 12:00:00,1114.07,912.28,116.57,114.3,117.32,67.33,79.73,2.55,45.97,45.22,204748.1,Normal,0
2020-07-28 13:00:00,978.45,808.82,118.44,116.13,119.16,69.57,82.85,2.3,47.98,47.32,179471.15,Normal,0
2020-07-28 14:00:00,598.18,476.66,107.02,105.31,108.48,69.28,80.2,1.67,47.94,47.5,105627.17,Normal,0
2020-07-28 15:00:00,1129.07,909.41,116.23,113.92,117.2,70.22,82.47,2.49,46.68,48.21,207006.32,Normal,0
2020-07-28 16:00:00,1122.38,912.15,120.89,118.59,121.69,72.35,85.76,2.54,49.2,49.53,203955.66,Normal,0
2020-07-28 17:00:00,1126.71,912.38,123.65,121.32,124.32,74.33,88.02,2.81,50.75,49.69,205609.44,Normal,0
2020-07-28 18:00:00,796.18,644.25,123.12,120.77,123.52,75.87,88.72,2.2,51.78,49.88,148610.78,Normal,0
2020-07-28 19:00:00,0.0,0.0,103.15,102.32,104.68,74.56,79.53,0.49,52.08,49.42,0.0,Normal,0
2020-07-28 20:00:00,0.0,0.0,94.1,92.96,94.7,72.2,71.56,0.46,46.51,43.11,0.0,Normal,0
2020-07-28 21:00:00,0.0,0.0,88.45,86.58,87.4,70.0,66.33,0.45,42.82,39.03,44.27,Normal,0
2020-07-28 22:00:00,0.0,0.0,83.91,81.41,82.97,67.2,63.26,0.45,40.94,37.15,0.0,Normal,0
2020-07-28 23:00:00,0.0,0.0,79.96,77.07,79.65,64.15,60.66,0.45,38.48,34.49,0.0,Normal,0
2020-07-29 00:00:00,727.36,571.3,86.09,82.92,85.74,60.61,61.44,2.12,36.23,33.49,131340.41,Normal,0
2020-07-29 01:00:00,1115.33,897.16,102.74,100.01,103.12,59.8,68.02,2.54,39.91,37.92,209609.87,Normal,0
2020-07-29 02:00:00,1121.39,902.96,108.07,105.67,108.77,60.77,71.88,2.53,40.97,39.02,210132.01,Normal,0
2020-07-29 03:00:00,1109.91,902.06,110.68,108.33,111.34,62.01,75.15,2.53,41.16,39.14,209945.85,Normal,0
2020-07-29 04:00:00,1129.84,910.25,112.55,110.14,113.08,63.01,77.35,2.55,40.76,38.63,209551.56,Normal,0
2020-07-29 05:00:00,1134.52,912.04,113.5,110.98,113.88,63.58,78.42,2.52,40.84,38.75,206923.98,Normal,0
2020-07-29 06:00:00,1127.92,911.7,113.9,111.32,114.24,64.03,78.61,2.5,40.92,38.73,208375.27,Normal,0
2020-07-29 07:00:00,1132.59,911.66,114.25,111.68,114.55,64.27,78.63,2.51,41.07,38.87,208541.33,Normal,0
2020-07-29 08:00:00,1132.49,911.51,114.53,111.92,114.79,64.51,78.65,2.52,41.18,39.04,209311.64,Normal,0
2020-07-29 09:00:00,1133.46,911.23,114.91,112.37,115.25,65.0,78.94,2.49,42.03,39.98,208815.93,Normal,0
2020-07-29 10:00:00,1127.45,911.57,116.0,113.54,116.46,66.32,80.3,2.49,43.69,41.85,208521.44,Normal,0
2020-07-29 11:00:00,1126.02,911.72,117.44,115.06,117.92,67.65,81.98,2.47,45.18,43.25,207713.22,Normal,0
2020-07-29 12:00:00,1130.25,911.86,118.86,116.44,119.35,69.27,83.87,2.5,46.93,45.06,206928.43,Normal,0
2020-07-29 13:00:00,1126.11,912.11,120.43,118.01,120.97,71.23,85.19,2.53,48.87,47.01,205719.49,Normal,0
2020-07-29 14:00:00,1114.99,912.21,122.08,119.73,122.7,73.47,87.25,2.51,50.74,48.66,204622.12,Normal,0
2020-07-29 15:00:00,395.75,339.34,113.78,111.97,114.95,74.59,85.72,1.27,52.44,51.76,68776.98,Normal,0
2020-07-29 16:00:00,1103.62,912.39,116.42,114.27,117.8,72.94,84.47,2.44,48.57,48.87,198031.98,Normal,0
2020-07-29 17:00:00,1113.58,912.5,122.36,120.03,123.15,74.2,87.03,2.63,50.69,50.51,201209.49,Normal,0
2020-07-29 18:00:00,828.96,690.63,123.07,120.76,123.66,75.42,88.52,2.54,53.13,51.16,152562.24,Normal,0
2020-07-29 19:00:00,0.0,0.0,104.11,103.18,106.09,74.94,80.67,0.49,54.19,51.08,0.0,Normal,0
2020-07-29 20:00:00,0.0,0.0,94.93,93.76,96.3,72.91,73.08,0.48,49.15,45.13,0.0,Normal,0
2020-07-29 21:00:00,0.0,0.0,89.56,87.58,89.91,70.71,68.55,0.47,45.5,41.67,0.0,Normal,0
2020-07-29 22:00:00,0.0,0.0,85.07,82.53,84.78,68.18,64.65,0.46,42.1,38.11,0.0,Normal,0
2020-07-29 23:00:00,0.0,0.0,81.02,78.13,80.66,65.36,61.66,0.46,40.02,36.06,0.0,Normal,0
2020-07-30 00:00:00,131.94,99.52,77.9,74.76,77.59,62.06,59.02,0.82,37.27,33.44,17875.64,Normal,0
2020-07-30 01:00:00,1106.64,901.4,94.85,91.8,95.01,58.74,63.57,3.46,37.14,36.28,207115.96,Normal,0
2020-07-30 02:00:00,1121.11,907.4,105.47,103.05,106.15,60.09,69.3,3.16,39.97,37.82,210067.15,Normal,0
2020-07-30 03:00:00,1119.1,907.91,109.56,107.26,110.2,61.54,73.48,3.0,40.8,37.79,209773.8,Normal,0
2020-07-30 04:00:00,1129.35,910.32,111.76,109.4,112.25,62.79,76.33,2.79,40.98,37.9,208349.3,Normal,0
2020-07-30 05:00:00,1134.3,909.32,113.11,110.66,113.51,63.99,78.12,2.75,40.99,38.03,209906.08,Normal,0
2020-07-30 06:00:00,1125.27,910.81,114.25,111.74,114.62,64.91,79.11,2.78,41.41,38.56,209450.66,Normal,0
2020-07-30 07:00:00,1122.55,911.49,114.84,112.33,115.13,65.1,79.37,2.81,41.14,38.36,208240.54,Normal,0
2020-07-30 08:00:00,1133.58,910.19,115.15,112.62,115.41,65.52,79.73,2.79,42.23,39.74,209829.76,Normal,0
2020-07-30 09:00:00,1136.16,912.03,116.11,113.62,116.47,66.73,80.57,2.77,43.47,40.94,207352.98,Normal,0
2020-07-30 10:00:00,1137.81,912.27,117.18,114.74,117.54,67.98,81.42,2.65,44.22,41.85,205759.97,Normal,0
2020-07-30 11:00:00,1124.82,912.28,118.44,116.05,118.83,69.44,82.75,2.58,45.79,43.81,204309.12,Normal,0
2020-07-30 12:00:00,1119.44,912.33,119.87,117.51,120.36,71.23,84.36,2.51,47.84,46.25,203017.59,Normal,0
2020-07-30 13:00:00,1121.49,912.12,121.6,119.28,122.19,73.07,85.85,2.48,49.87,48.48,204239.48,Normal,0
2020-07-30 14:00:00,1118.89,912.02,123.5,121.15,124.14,74.96,87.19,2.47,51.69,50.11,204361.11,Normal,0
2020-07-30 15:00:00,1128.97,912.12,125.38,123.0,125.98,76.84,88.53,2.46,52.98,51.05,205035.0,Normal,0
2020-07-30 16:00:00,1126.82,912.12,126.85,124.47,127.42,78.24,89.82,2.58,54.09,51.54,205149.48,Normal,0
2020-07-30 17:00:00,1128.22,912.19,128.22,125.81,128.76,79.72,91.11,2.6,54.98,51.97,205376.13,Normal,0
2020-07-30 18:00:00,655.88,543.28,124.93,122.55,125.14,79.95,90.57,1.72,54.78,51.52,121689.07,Normal,0
2020-07-30 19:00:00,0.0,0.0,101.98,101.13,104.02,74.99,81.06,0.46,54.44,50.51,0.0,Normal,0
2020-07-30 20:00:00,0.0,0.0,93.92,92.73,95.76,73.53,74.07,0.45,50.08,46.31,0.0,Normal,0
2020-07-30 21:00:00,0.0,0.0,89.21,87.4,90.36,72.19,69.74,0.45,46.94,43.47,0.0,Normal,0
2020-07-30 22:00:00,0.0,0.0,85.29,83.18,85.97,70.06,66.37,0.46,44.57,41.11,0.0,Normal,0
2020-07-30 23:00:00,0.0,0.0,81.75,79.39,82.13,67.84,63.42,0.46,42.79,39.29,0.0,Normal,0
2020-07-31 00:00:00,702.17,551.59,88.07,85.15,88.96,64.82,64.07,1.81,41.03,38.96,124152.42,Normal,0
2020-07-31 01:00:00,1124.59,911.85,106.81,104.09,107.43,63.99,71.21,2.62,43.77,41.51,205103.75,Normal,0
2020-07-31 02:00:00,1102.18,912.44,112.27,109.95,113.0,65.4,74.81,2.56,45.12,42.89,196959.88,Normal,0
2020-07-31 03:00:00,1099.79,912.4,114.91,112.61,115.65,67.15,78.6,2.48,44.98,43.89,193451.19,Normal,0
2020-07-31 04:00:00,1092.3,912.51,116.45,114.15,117.17,68.9,82.35,2.51,44.57,44.79,191004.2,Normal,0
2020-07-31 05:00:00,1122.69,912.35,118.04,115.57,118.52,69.3,83.62,2.48,44.0,43.24,204776.48,Normal,0
2020-07-31 06:00:00,1120.35,912.28,117.92,115.4,118.18,68.97,82.76,2.48,43.68,42.23,205546.85,Normal,0
2020-07-31 07:00:00,1131.49,912.21,118.65,116.17,119.0,70.08,82.69,2.47,44.68,43.19,205969.93,Normal,0
2020-07-31 08:00:00,1136.17,912.19,119.83,117.36,120.27,71.58,83.59,2.53,46.68,45.41,205459.73,Normal,0
2020-07-31 09:00:00,1122.63,912.18,120.53,118.07,120.89,71.67,84.31,2.59,46.4,44.36,204298.81,Normal,0
2020-07-31 10:00:00,1119.28,912.15,120.69,118.31,121.01,71.96,84.56,2.51,47.32,45.38,204033.21,Normal,0
2020-07-31 11:00:00,1122.1,912.14,121.55,119.24,121.96,72.98,85.64,2.51,48.71,46.94,203947.47,Normal,0
2020-07-31 12:00:00,1121.89,912.27,122.87,120.58,123.34,74.5,87.6,2.47,50.62,49.01,202503.72,Normal,0
2020-07-31 13:00:00,1125.81,912.32,124.51,122.19,125.04,76.31,89.43,2.49,52.64,51.01,202703.38,Normal,0
2020-07-31 14:00:00,1123.57,912.32,126.23,123.91,126.84,78.48,90.89,2.49,54.82,52.7,201301.56,Normal,0
2020-07-31 15:00:00,1120.08,912.35,128.01,125.65,128.68,80.37,92.68,2.51,56.67,54.13,199528.05,Normal,0
2020-07-31 16:00:00,681.91,548.98,118.43,116.39,119.0,77.68,89.38,1.72,54.26,52.17,121130.0,Normal,0
2020-07-31 17:00:00,1136.12,912.13,124.73,122.41,125.53,79.44,89.7,2.52,54.66,53.69,203716.08,Normal,0
2020-07-31 18:00:00,895.13,728.5,127.06,124.63,127.61,80.32,90.75,2.38,55.52,53.52,166478.45,Normal,0
2020-07-31 19:00:00,0.0,0.0,107.47,105.6,110.61,79.56,82.49,0.47,57.02,53.44,0.0,Normal,0
2020-07-31 20:00:00,0.0,0.0,96.16,93.48,102.05,77.55,74.44,0.45,51.77,48.31,0.0,Normal,0
2020-07-31 21:00:00,0.0,0.0,90.38,87.23,96.24,75.16,71.19,0.45,49.15,46.16,0.0,Normal,0
2020-07-31 22:00:00,0.0,0.0,86.76,83.76,90.98,72.51,68.67,0.45,46.91,43.36,22.13,Normal,0
2020-07-31 23:00:00,0.0,0.0,83.59,80.61,86.87,70.33,66.18,0.45,45.26,42.03,0.0,Normal,0
2020-08-01 00:00:00,789.25,626.71,92.26,89.08,94.24,67.38,67.32,2.3,42.88,41.62,141288.98,Normal,0
2020-08-01 01:00:00,1123.55,912.25,110.99,108.27,111.95,67.78,75.05,2.74,45.74,46.56,201310.76,Normal,0
2020-08-01 02:00:00,1124.44,912.39,117.66,115.33,118.59,69.89,79.82,2.63,47.36,47.96,203831.23,Normal,0
2020-08-01 03:00:00,1123.24,912.32,121.05,118.68,121.76,71.67,83.73,2.67,48.37,48.15,205205.78,Normal,0
2020-08-01 04:00:00,1132.69,912.26,123.02,120.54,123.57,73.24,86.75,2.74,49.47,48.28,205393.1,Normal,0
2020-08-01 05:00:00,1120.33,912.15,123.96,121.42,124.4,74.12,88.49,2.69,50.04,47.79,202744.77,Normal,0
2020-08-01 06:00:00,1117.48,912.4,124.45,121.94,124.87,74.69,89.21,2.73,50.03,47.32,201975.69,Normal,0
2020-08-01 07:00:00,1124.12,912.41,123.88,121.25,124.08,73.69,88.62,2.86,48.31,44.84,201288.9,Normal,0
2020-08-01 08:00:00,1129.56,912.44,122.38,119.72,122.41,72.17,86.7,2.84,47.04,43.38,202141.33,Normal,0
2020-08-01 09:00:00,1130.71,912.43,121.33,118.72,121.48,71.69,85.03,2.7,47.18,43.86,201837.8,Normal,0
2020-08-01 10:00:00,1123.57,912.33,121.09,118.53,121.4,71.77,84.44,2.62,47.55,44.63,201421.88,Normal,0
2020-08-01 11:00:00,1123.15,912.34,121.45,118.95,121.86,72.53,84.6,2.58,48.62,46.23,201331.37,Normal,0
2020-08-01 12:00:00,1135.54,912.24,122.83,120.36,123.33,73.96,85.75,2.6,50.1,48.05,203981.34,Normal,0
2020-08-01 13:00:00,1107.39,912.4,123.8,121.38,124.38,76.3,87.38,2.47,51.7,49.83,195504.32,Normal,0
2020-08-01 14:00:00,1111.26,912.36,125.37,123.02,126.01,78.36,89.85,2.46,53.72,51.93,197982.13,Normal,0
2020-08-01 15:00:00,1114.06,912.31,127.1,124.79,127.8,80.25,92.08,2.47,55.5,53.21,197716.38,Normal,0
2020-08-01 16:00:00,1113.5,912.25,128.64,126.25,129.28,81.9,93.61,2.48,56.71,53.8,199217.62,Normal,0
2020-08-01 17:00:00,1109.08,912.23,129.71,127.33,130.28,82.9,94.77,2.5,57.35,53.76,199464.88,Normal,0
2020-08-01 18:00:00,928.78,753.86,128.79,126.31,129.13,82.52,94.35,2.2,56.21,52.43,165247.34,Normal,0
2020-08-01 19:00:00,102.44,91.34,109.95,107.76,111.59,79.31,86.31,0.67,54.99,52.4,19733.62,Normal,0
2020-08-01 20:00:00,0.0,0.0,95.87,93.4,100.77,76.12,77.13,0.46,53.2,50.06,0.0,Normal,0
2020-08-01 21:00:00,0.0,0.0,90.69,88.13,94.91,74.21,72.96,0.46,50.38,47.18,0.0,Normal,0
2020-08-01 22:00:00,0.0,0.0,86.97,84.44,89.36,72.48,69.04,0.46,47.92,44.19,0.0,Normal,0
2020-08-01 23:00:00,0.0,0.0,83.67,80.87,85.43,70.09,66.4,0.46,46.55,42.77,0.0,Normal,0
2020-08-02 00:00:00,0.0,0.0,80.72,77.81,82.28,67.62,64.04,0.46,44.53,40.17,0.0,Normal,0
2020-08-02 01:00:00,0.0,0.0,77.88,74.88,78.8,65.27,61.37,0.46,43.01,38.59,0.0,Normal,0
2020-08-02 02:00:00,0.0,0.0,75.14,72.01,76.74,63.28,59.03,0.46,41.5,37.79,0.0,Normal,0
2020-08-02 03:00:00,0.0,0.0,72.46,69.11,74.93,61.58,56.92,0.46,40.26,37.45,0.0,Normal,0
2020-08-02 04:00:00,0.0,0.0,70.16,66.86,73.13,59.79,55.21,0.46,39.14,36.68,0.0,Normal,0
2020-08-02 05:00:00,0.0,0.0,67.97,64.84,71.39,58.23,53.57,0.46,38.17,36.02,0.0,Normal,0
2020-08-02 06:00:00,0.0,0.0,65.81,62.73,69.54,56.54,51.82,0.46,36.97,35.23,0.0,Normal,0
2020-08-02 07:00:00,0.0,0.0,63.85,60.95,67.83,54.65,50.54,0.46,36.2,34.97,0.0,Normal,0
2020-08-02 08:00:00,0.0,0.0,62.29,59.65,66.34,53.09,49.77,0.46,35.86,34.67,0.0,Normal,0
2020-08-02 09:00:00,0.0,0.0,61.06,58.81,64.78,51.88,49.03,0.46,35.41,34.32,0.0,Normal,0
2020-08-02 10:00:00,0.0,0.0,60.0,58.1,63.35,50.93,48.46,0.46,35.51,34.74,0.0,Normal,0
2020-08-02 11:00:00,0.0,0.0,59.14,57.56,62.41,50.4,48.1,0.46,36.13,35.71,0.0,Normal,0
2020-08-02 12:00:00,0.0,0.0,58.54,57.19,61.88,50.14,48.1,0.46,36.92,37.0,0.0,Normal,0
2020-08-02 13:00:00,0.0,0.0,58.04,56.89,61.42,49.9,48.1,0.46,37.62,38.24,0.0,Normal,0
2020-08-02 14:00:00,0.0,0.0,57.58,56.57,61.01,49.71,48.1,0.46,38.25,39.12,0.0,Normal,0
2020-08-02 15:00:00,0.0,0.0,56.98,56.2,60.43,49.33,47.95,0.46,38.57,39.45,0.0,Normal,0
2020-08-02 16:00:00,0.0,0.0,56.39,55.65,59.49,48.79,47.41,0.46,38.6,39.19,0.0,Normal,0
2020-08-02 17:00:00,0.0,0.0,55.76,55.11,58.55,48.32,46.82,0.46,38.56,38.85,0.0,Normal,0
2020-08-02 18:00:00,0.0,0.0,55.16,54.52,57.76,47.78,46.28,0.46,38.34,38.4,0.0,Normal,0
2020-08-02 19:00:00,0.0,0.0,54.53,53.9,56.93,47.19,45.65,0.46,37.8,37.61,0.0,Normal,0
2020-08-02 20:00:00,0.0,0.0,53.87,53.2,56.15,46.42,44.97,0.46,37.06,36.69,12.13,Normal,0
2020-08-02 21:00:00,0.0,0.0,53.24,52.51,55.54,45.46,44.41,0.46,36.36,35.83,0.0,Normal,0
2020-08-02 22:00:00,0.0,0.0,52.6,51.73,55.05,44.5,43.89,0.46,35.62,34.69,0.0,Normal,0
2020-08-02 23:00:00,0.0,0.0,51.91,51.0,54.17,43.7,43.04,0.46,34.88,33.44,0.0,Normal,0
2020-08-03 00:00:00,886.01,709.77,66.16,64.81,71.45,44.54,47.33,2.67,36.03,35.89,154406.68,Normal,0
2020-08-03 01:00:00,1131.03,912.3,90.72,89.02,96.67,50.43,59.3,2.69,38.95,40.07,205418.11,Normal,0
2020-08-03 02:00:00,874.74,701.33,94.93,93.24,98.35,54.29,64.08,2.1,38.13,39.3,153835.85,Normal,0
2020-08-03 03:00:00,1113.71,912.45,103.49,101.46,105.96,58.39,67.92,2.56,37.91,40.17,199658.59,Normal,0
2020-08-03 04:00:00,1104.93,912.46,108.33,106.17,110.51,62.43,71.35,2.57,38.14,40.73,198693.37,Normal,0
2020-08-03 05:00:00,864.57,717.15,106.65,104.47,108.34,65.61,72.29,2.16,37.12,38.6,155689.8,Normal,0
2020-08-03 06:00:00,1140.99,912.18,108.27,105.91,109.83,67.3,72.15,2.58,36.09,38.5,207125.47,Normal,0
2020-08-03 07:00:00,1128.08,912.29,111.2,108.77,112.66,69.39,73.71,2.59,36.75,39.3,204863.87,Normal,0
2020-08-03 08:00:00,1111.93,912.4,112.66,110.22,114.11,70.52,75.51,2.54,38.45,40.45,196431.73,Normal,0
2020-08-03 09:00:00,1117.79,912.44,114.04,111.59,115.53,71.5,77.09,2.5,40.57,41.87,198652.2,Normal,0
2020-08-03 10:00:00,1117.28,912.47,115.5,113.06,117.0,72.92,78.78,2.52,42.68,43.32,197514.77,Normal,0
2020-08-03 11:00:00,939.27,778.15,116.3,113.93,117.85,74.51,80.36,2.21,45.38,45.4,167842.67,Normal,0
2020-08-03 12:00:00,0.0,0.0,98.69,97.72,101.81,72.36,74.95,0.48,49.07,48.15,0.07,Normal,0
2020-08-03 13:00:00,0.0,0.0,89.33,88.24,93.0,68.11,68.77,0.46,45.12,43.7,0.0,Normal,0
2020-08-03 14:00:00,0.0,0.0,84.45,82.77,86.81,65.61,64.77,0.46,42.44,40.99,6.11,Normal,0
2020-08-03 15:00:00,0.0,0.0,80.59,78.64,82.09,64.38,62.03,0.46,40.99,39.44,0.0,Normal,0
2020-08-03 16:00:00,0.0,0.0,77.25,75.4,77.88,63.14,59.38,0.46,39.97,38.52,0.0,Normal,0
2020-08-03 17:00:00,0.0,0.0,74.25,72.46,74.43,61.72,57.1,0.46,39.13,37.83,0.0,Normal,0
2020-08-03 18:00:00,0.0,0.0,71.53,69.86,71.44,60.2,54.98,0.46,38.15,36.74,0.0,Normal,0
2020-08-03 19:00:00,0.0,0.0,68.94,67.35,68.48,58.52,52.76,0.46,36.9,35.25,0.0,Normal,0
2020-08-03 20:00:00,0.0,0.0,66.48,64.91,65.93,56.49,50.77,0.46,35.6,34.02,0.0,Normal,0
2020-08-03 21:00:00,0.0,0.0,64.31,62.63,64.34,54.15,49.49,0.46,34.72,32.91,0.0,Normal,0
2020-08-03 22:00:00,0.0,0.0,62.4,60.66,62.94,52.0,48.26,0.46,33.9,31.65,0.0,Normal,0
2020-08-03 23:00:00,0.0,0.0,60.56,58.71,61.58,50.05,47.05,0.46,32.97,30.36,0.0,Normal,0
2020-08-04 00:00:00,0.0,0.0,58.82,56.82,59.69,47.98,45.6,0.46,32.03,29.14,6.9,Normal,0
2020-08-04 01:00:00,0.0,0.0,57.17,55.09,58.32,46.09,44.42,0.46,31.18,27.93,0.19,Normal,0
2020-08-04 02:00:00,0.0,0.0,55.62,53.52,57.05,44.51,43.41,0.46,30.58,27.41,0.0,Normal,0
2020-08-04 03:00:00,0.0,0.0,54.12,51.99,56.3,43.17,42.26,0.46,29.87,27.16,0.0,Normal,0
2020-08-04 04:00:00,0.0,0.0,52.56,50.42,55.57,42.15,41.03,0.46,28.96,26.55,49.2,Normal,0
2020-08-04 05:00:00,0.0,0.0,51.16,49.08,54.84,41.34,39.99,0.45,28.28,26.33,0.0,Normal,0
2020-08-04 06:00:00,0.0,0.0,49.87,47.9,54.0,40.53,39.23,0.46,27.8,26.11,14.64,Normal,0
2020-08-04 07:00:00,619.93,492.09,57.18,55.22,66.44,40.41,41.32,1.63,27.95,27.66,105694.6,Normal,0
2020-08-04 08:00:00,1119.63,912.29,83.38,81.42,95.31,45.92,52.98,2.71,32.92,35.17,198786.66,Normal,0
2020-08-04 09:00:00,1108.65,912.35,95.64,93.76,107.33,52.07,62.08,2.79,36.31,38.13,196563.28,Normal,0
2020-08-04 10:00:00,1104.38,912.42,102.68,100.71,114.15,57.31,68.27,2.72,38.78,39.68,196716.43,Normal,0
2020-08-04 11:00:00,1108.48,912.21,107.92,105.87,119.25,61.55,73.85,2.65,41.91,41.75,198134.56,Normal,0
2020-08-04 12:00:00,1100.31,912.42,112.03,109.93,123.33,66.8,78.56,2.64,44.88,43.86,193472.79,Normal,0
2020-08-04 13:00:00,1098.62,912.3,115.05,112.86,126.37,73.04,81.98,2.7,47.64,45.89,192638.36,Normal,0
2020-08-04 14:00:00,1101.0,912.15,117.59,115.34,129.01,76.0,84.41,2.73,49.68,47.33,193525.46,Normal,0
2020-08-04 15:00:00,1091.3,912.07,119.92,117.63,131.4,77.75,86.64,2.72,51.35,48.32,193503.38,Normal,0
2020-08-04 16:00:00,1085.93,912.05,121.62,119.35,133.11,78.8,88.3,2.7,52.8,49.21,192076.84,Normal,0
2020-08-04 17:00:00,1099.76,912.05,123.13,120.79,134.56,79.47,89.67,2.67,53.67,49.5,195419.25,Normal,0
2020-08-04 18:00:00,1056.5,894.12,123.93,121.55,135.23,79.86,90.5,2.65,54.04,49.67,190832.94,Normal,0
2020-08-04 19:00:00,0.0,0.23,107.52,106.31,118.95,78.24,83.53,0.48,55.33,50.44,907.04,Normal,0
2020-08-04 20:00:00,0.0,0.0,95.14,94.22,105.68,74.24,73.24,0.44,49.07,44.62,0.0,Normal,0
2020-08-04 21:00:00,0.0,0.0,89.29,87.44,98.92,71.21,67.62,0.44,44.66,40.45,0.0,Normal,0
2020-08-04 22:00:00,0.0,0.0,84.81,82.31,94.63,68.26,64.41,0.44,42.08,38.3,0.0,Normal,0
2020-08-04 23:00:00,0.0,0.0,80.93,78.01,91.38,65.17,62.04,0.44,40.02,36.02,19.03,Normal,0
2020-08-05 00:00:00,417.81,317.63,81.23,78.0,89.66,61.86,60.22,1.84,37.1,33.5,70526.01,Normal,0
2020-08-05 01:00:00,1119.73,907.59,101.01,97.99,106.83,60.16,67.41,4.26,42.12,36.89,207457.86,Normal,0
2020-08-05 02:00:00,1119.52,912.25,107.95,105.49,114.28,61.08,73.19,4.87,44.04,38.5,203535.14,Normal,0
2020-08-05 03:00:00,1117.19,912.17,110.92,108.52,117.28,62.75,75.4,4.69,45.85,38.74,202375.09,Normal,0
2020-08-05 04:00:00,1113.55,912.23,112.43,109.99,118.69,63.83,76.77,4.67,46.16,38.1,202028.06,Normal,0
2020-08-05 05:00:00,1112.53,912.15,113.28,110.79,119.45,64.46,77.65,4.38,44.97,37.64,202900.71,Normal,0
2020-08-05 06:00:00,1109.79,912.18,113.83,111.33,120.05,66.81,78.25,4.35,45.43,38.28,202606.92,Normal,0
2020-08-05 07:00:00,1111.59,912.18,114.72,112.23,120.94,70.4,78.93,4.55,45.24,38.45,202599.19,Normal,0
2020-08-05 08:00:00,1102.0,912.11,114.01,111.45,120.08,70.46,78.59,4.51,44.32,37.85,194905.37,Normal,0
2020-08-05 09:00:00,1093.72,912.09,113.42,110.95,119.66,71.01,78.77,4.31,45.87,40.42,190138.23,Normal,0
2020-08-05 10:00:00,865.67,719.8,113.96,111.64,120.43,73.34,80.3,3.39,49.87,44.29,156478.74,Normal,0
2020-08-05 11:00:00,383.53,318.46,99.86,98.63,107.61,70.68,74.77,1.91,49.17,44.15,66263.88,Normal,0
2020-08-05 12:00:00,1102.85,912.02,111.48,109.15,118.29,71.61,78.08,4.58,49.47,44.38,193405.5,Normal,0
2020-08-05 13:00:00,1099.62,912.2,116.34,114.06,123.17,74.63,82.36,4.44,52.07,47.17,194614.53,Normal,0
2020-08-05 14:00:00,1107.58,912.11,119.74,117.47,126.63,76.69,84.8,4.34,53.8,49.03,196962.85,Normal,0
2020-08-05 15:00:00,1100.22,912.04,122.13,119.88,129.05,79.08,86.8,4.45,55.55,50.64,194249.13,Normal,0
2020-08-05 16:00:00,1104.92,912.05,124.08,121.75,130.91,80.52,88.25,4.24,56.59,51.36,197120.59,Normal,0
2020-08-05 17:00:00,1104.63,912.07,125.55,123.21,132.29,81.15,89.49,4.33,56.16,51.36,198776.61,Normal,0
2020-08-05 18:00:00,1048.39,874.66,126.35,123.99,133.0,81.27,90.21,4.39,56.66,50.78,193300.1,Normal,0
2020-08-05 19:00:00,0.0,0.02,109.33,108.02,116.54,79.32,83.31,0.48,56.84,52.58,185.93,Normal,0
2020-08-05 20:00:00,0.0,0.0,97.13,96.02,104.26,75.3,74.2,0.44,50.26,46.32,0.0,Normal,0
2020-08-05 21:00:00,0.0,0.0,91.38,89.4,97.76,72.39,69.51,0.44,46.14,42.36,0.0,Normal,0
2020-08-05 22:00:00,0.0,0.0,86.92,84.32,93.14,69.59,66.25,0.44,42.96,38.82,14.02,Normal,0
2020-08-05 23:00:00,0.0,0.0,82.88,79.94,88.35,67.12,62.86,0.44,40.53,35.99,0.0,Normal,0
2020-08-06 00:00:00,835.07,675.1,91.55,88.34,96.86,63.73,64.24,3.08,40.35,36.29,152160.53,Normal,0
2020-08-06 01:00:00,1118.09,903.89,107.1,104.42,113.55,63.46,71.46,4.81,44.49,41.04,208422.42,Normal,0
2020-08-06 02:00:00,1120.51,912.2,111.99,109.59,118.7,64.34,75.16,4.57,45.38,41.61,205259.86,Normal,0
2020-08-06 03:00:00,1117.42,912.14,114.29,111.85,120.94,65.41,77.4,4.9,46.1,41.16,205458.84,Normal,0
2020-08-06 04:00:00,1116.3,912.13,115.06,112.55,121.53,65.6,78.27,4.53,46.42,40.12,205239.56,Normal,0
2020-08-06 05:00:00,1115.46,912.15,115.2,112.65,121.58,65.6,78.45,5.14,43.55,39.54,205567.82,Normal,0
2020-08-06 06:00:00,1110.53,912.11,115.34,112.82,121.79,65.77,78.56,5.06,44.13,39.32,204514.97,Normal,0
2020-08-06 07:00:00,1104.37,912.1,114.75,112.21,121.09,65.04,78.46,5.26,43.0,37.97,199963.94,Normal,0
2020-08-06 08:00:00,1102.91,912.16,113.97,111.46,120.34,64.7,78.3,4.65,42.8,38.41,197727.18,Normal,0
2020-08-06 09:00:00,1109.65,912.16,114.03,111.56,120.53,65.07,78.43,4.99,43.82,39.95,198359.63,Normal,0
2020-08-06 10:00:00,1108.23,912.19,114.7,112.22,121.32,65.85,79.14,4.81,44.34,41.29,198140.95,Normal,0
2020-08-06 11:00:00,1112.31,912.21,115.78,113.33,122.51,66.92,80.35,5.05,45.94,42.8,198234.52,Normal,0
2020-08-06 12:00:00,1110.6,912.09,117.38,115.05,124.22,68.68,82.51,5.26,47.58,45.4,199453.29,Normal,0
2020-08-06 13:00:00,864.76,703.23,115.27,113.12,122.44,70.42,83.92,3.53,49.16,47.6,149990.24,Normal,0
2020-08-06 14:00:00,1109.1,912.07,117.87,115.6,125.38,71.72,84.75,4.15,50.54,48.55,197992.27,Normal,0
2020-08-06 15:00:00,1107.44,912.1,121.0,118.68,128.51,73.36,86.64,3.59,52.42,49.79,200281.81,Normal,0
2020-08-06 16:00:00,1108.23,912.08,123.13,120.76,130.59,74.57,88.14,3.57,54.96,49.59,202682.21,Normal,0
2020-08-06 17:00:00,1113.36,912.07,124.49,122.08,131.95,76.17,89.18,4.48,53.87,49.61,202731.62,Normal,0
2020-08-06 18:00:00,927.9,762.61,124.71,122.32,132.4,77.65,89.9,3.74,55.57,50.98,171493.13,Normal,0
2020-08-06 19:00:00,0.0,0.0,106.16,104.87,115.66,76.16,82.73,0.48,56.72,51.51,0.39,Normal,0
2020-08-06 20:00:00,0.0,0.0,95.77,94.22,104.63,73.15,73.68,0.45,48.66,43.79,0.0,Normal,0
2020-08-06 21:00:00,0.0,0.0,89.77,87.37,96.87,70.73,67.86,0.45,44.01,39.87,0.0,Normal,0
2020-08-06 22:00:00,0.0,0.0,84.99,81.81,92.05,67.79,64.37,0.45,41.2,37.0,0.0,Normal,0
2020-08-06 23:00:00,0.0,0.0,80.78,77.24,88.08,64.89,61.3,0.45,38.81,34.68,0.0,Normal,0
2020-08-07 00:00:00,0.0,0.0,77.04,73.49,84.35,62.3,58.43,0.45,36.97,32.85,17.87,Normal,0
2020-08-07 01:00:00,0.0,0.0,73.66,70.15,80.76,59.82,55.68,0.45,35.43,31.33,0.0,Normal,0
2020-08-07 02:00:00,0.0,0.0,70.52,67.19,77.62,57.39,53.23,0.45,33.93,29.8,0.0,Normal,0
2020-08-07 03:00:00,0.0,0.0,67.77,64.51,75.33,54.92,51.53,0.45,33.24,29.28,0.0,Normal,0
2020-08-07 04:00:00,0.0,0.0,65.35,62.26,73.59,52.68,50.24,0.45,32.36,28.47,0.0,Normal,0
2020-08-07 05:00:00,0.0,0.0,63.19,60.28,71.83,50.91,48.98,0.45,31.73,28.17,0.0,Normal,0
2020-08-07 06:00:00,0.0,0.0,61.22,58.4,70.22,49.35,47.76,0.45,31.17,27.79,0.0,Normal,0
2020-08-07 07:00:00,0.0,0.0,59.27,56.6,68.19,47.39,46.31,0.45,30.13,26.74,0.0,Normal,0
2020-08-07 08:00:00,0.0,0.0,57.6,55.13,66.41,46.11,45.16,0.45,29.59,26.55,0.0,Normal,0
2020-08-07 09:00:00,0.0,0.0,56.02,53.71,65.3,45.08,44.04,0.45,29.02,26.82,1.15,Normal,0
2020-08-07 10:00:00,971.67,0.0,54.56,52.35,64.45,44.67,43.17,0.49,29.29,27.4,0.01,Normal,0
2020-08-07 11:00:00,1100.0,0.0,53.47,51.49,63.31,44.23,42.59,0.49,29.61,28.24,0.0,Normal,0
2020-08-07 12:00:00,779.25,386.86,58.37,56.61,66.98,44.16,43.92,1.6,33.37,31.29,82203.79,Normal,0
2020-08-07 13:00:00,1087.28,912.51,85.58,83.78,93.32,50.29,57.11,4.44,46.17,40.98,188314.43,Normal,0
2020-08-07 14:00:00,1092.98,912.51,99.68,97.96,107.31,57.28,67.92,4.53,48.65,45.49,190999.62,Normal,0
2020-08-07 15:00:00,1091.25,912.52,107.68,105.78,115.11,62.44,75.33,3.58,48.98,47.62,189629.59,Normal,0
2020-08-07 16:00:00,1098.23,912.46,113.12,111.07,120.33,66.25,80.72,3.9,50.93,48.49,193357.23,Normal,0
2020-08-07 17:00:00,1095.67,912.43,116.81,114.65,123.81,68.84,84.63,3.49,51.84,47.88,192974.37,Normal,0
2020-08-07 18:00:00,832.64,690.13,117.59,115.35,124.3,70.83,86.25,2.96,52.95,48.24,151197.23,Normal,0
2020-08-07 19:00:00,0.0,0.0,99.22,98.42,107.0,70.56,78.11,0.46,52.42,48.77,0.0,Normal,0
2020-08-07 20:00:00,0.0,0.0,90.53,89.46,98.27,68.47,70.65,0.45,47.2,43.44,0.0,Normal,0
2020-08-07 21:00:00,0.0,0.0,85.61,83.64,93.03,66.34,66.73,0.45,43.99,40.01,0.0,Normal,0
2020-08-07 22:00:00,0.0,0.0,81.34,78.55,88.99,63.75,63.9,0.45,41.35,37.66,0.0,Normal,0
2020-08-07 23:00:00,0.0,0.0,77.47,74.42,84.8,61.24,60.74,0.45,38.98,34.58,0.0,Normal,0
2020-08-08 00:00:00,167.8,119.44,74.85,71.71,81.71,58.75,58.05,0.91,36.76,32.78,25031.28,Normal,0
2020-08-08 01:00:00,1123.06,905.49,94.31,91.25,100.7,57.16,62.89,4.53,38.51,35.93,207973.0,Normal,0
2020-08-08 02:00:00,1127.14,912.18,104.77,102.33,111.44,58.99,68.94,4.77,41.85,38.28,206479.65,Normal,0
2020-08-08 03:00:00,1121.89,912.28,109.49,107.18,116.21,61.49,74.31,4.7,43.08,38.95,205893.53,Normal,0
2020-08-08 04:00:00,1118.37,912.18,112.48,110.13,119.14,63.6,77.59,4.3,42.74,39.19,205902.26,Normal,0
2020-08-08 05:00:00,1112.72,912.29,114.36,111.94,120.94,65.26,79.88,4.47,42.29,40.19,205411.53,Normal,0
2020-08-08 06:00:00,1120.13,912.38,115.62,113.14,122.11,66.2,81.35,4.52,43.55,39.98,204775.17,Normal,0
2020-08-08 07:00:00,1122.34,912.36,115.78,113.21,122.07,65.88,81.24,4.47,42.48,38.99,205047.02,Normal,0
2020-08-08 08:00:00,1117.07,912.41,115.24,112.66,121.5,65.6,81.37,4.41,41.98,39.16,201614.0,Normal,0
2020-08-08 09:00:00,1107.52,912.48,114.73,112.21,121.1,65.66,81.1,4.3,43.39,39.99,197714.05,Normal,0
2020-08-08 10:00:00,1108.28,912.48,114.98,112.48,121.45,66.26,81.67,4.25,44.27,40.94,198566.42,Normal,0
2020-08-08 11:00:00,1110.3,912.52,115.85,113.43,122.41,67.16,82.16,4.29,45.53,42.68,196587.27,Normal,0
2020-08-08 12:00:00,1109.55,912.55,117.01,114.65,123.7,68.48,83.66,4.56,46.26,44.66,195900.99,Normal,0
2020-08-08 13:00:00,1111.96,912.52,118.64,116.28,125.41,70.2,85.15,4.51,48.85,46.78,197535.55,Normal,0
2020-08-08 14:00:00,1110.97,912.43,120.42,118.08,127.27,72.08,86.61,4.39,50.15,48.55,198449.31,Normal,0
2020-08-08 15:00:00,1109.27,912.36,122.26,119.92,129.19,73.81,88.12,4.2,51.55,49.82,199550.41,Normal,0
2020-08-08 16:00:00,1101.6,912.3,123.71,121.33,130.62,75.43,89.16,3.7,51.82,50.48,197491.72,Normal,0
2020-08-08 17:00:00,1113.71,912.23,124.93,122.52,131.81,76.66,90.22,4.03,52.34,50.91,200232.65,Normal,0
2020-08-08 18:00:00,1111.07,912.34,125.57,123.14,132.39,76.9,90.71,4.14,52.15,50.55,199043.68,Normal,0
2020-08-08 19:00:00,1112.66,912.34,125.62,123.15,132.34,76.49,90.58,4.23,51.36,49.2,199409.28,Normal,0
2020-08-08 20:00:00,1121.92,912.25,125.07,122.48,131.63,75.72,89.98,4.38,49.76,47.0,201822.69,Normal,0
2020-08-08 21:00:00,1115.58,912.36,123.96,121.33,130.38,74.75,88.78,4.42,48.58,45.51,201195.01,Normal,0
2020-08-08 22:00:00,1108.87,912.29,122.75,120.18,129.19,73.47,87.56,4.54,48.16,44.41,201498.0,Normal,0
2020-08-08 23:00:00,1106.19,912.32,121.5,118.97,127.93,72.22,86.44,4.0,45.89,43.71,200012.23,Normal,0
2020-08-09 00:00:00,1111.22,912.19,120.42,117.85,126.8,71.0,85.24,4.22,45.11,42.42,201332.41,Normal,0
2020-08-09 01:00:00,1117.18,912.15,119.3,116.7,125.66,69.88,83.69,4.58,44.42,41.39,203020.18,Normal,0
2020-08-09 02:00:00,1118.06,912.07,118.31,115.72,124.65,68.9,82.32,4.7,42.94,40.72,204061.93,Normal,0
2020-08-09 03:00:00,1118.7,911.85,117.49,114.92,123.86,68.39,81.09,4.97,42.23,40.4,205474.17,Normal,0
2020-08-09 04:00:00,1114.49,911.84,117.25,114.71,123.71,68.3,80.59,4.93,42.79,40.6,205030.98,Normal,0
2020-08-09 05:00:00,1115.39,911.92,117.26,114.75,123.75,68.3,81.62,4.29,42.31,40.84,204382.99,Normal,0
2020-08-09 06:00:00,1117.91,912.0,117.24,114.72,123.7,67.75,82.41,4.55,41.42,40.19,205146.97,Normal,0
2020-08-09 07:00:00,1116.23,912.05,116.24,113.61,122.55,66.53,81.15,4.68,40.79,39.33,204490.39,Normal,0
2020-08-09 08:00:00,1119.92,912.05,115.54,112.94,121.92,66.26,80.07,4.47,41.29,40.2,204285.93,Normal,0
2020-08-09 09:00:00,1118.66,912.0,115.44,112.9,121.94,66.56,80.11,4.51,42.72,41.09,204523.81,Normal,0
2020-08-09 10:00:00,1116.74,912.01,116.41,113.97,123.13,67.88,81.56,4.47,43.54,43.18,203779.85,Normal,0
2020-08-09 11:00:00,1122.84,912.06,118.04,115.67,124.81,69.5,83.5,3.96,45.48,44.59,204851.18,Normal,0
2020-08-09 12:00:00,1122.41,912.11,119.7,117.35,126.49,71.26,85.44,4.32,47.4,46.54,202411.28,Normal,0
2020-08-09 13:00:00,1121.58,911.74,121.67,119.33,128.62,73.56,87.14,4.35,49.5,48.76,205217.25,Normal,0
2020-08-09 14:00:00,1119.05,912.04,123.81,121.43,130.82,76.31,88.56,4.37,50.89,50.21,202777.99,Normal,0
2020-08-09 15:00:00,1100.25,912.31,125.46,123.1,132.56,78.91,89.85,4.38,52.87,50.7,197784.75,Normal,0
2020-08-09 16:00:00,1100.2,911.44,126.7,124.36,133.84,80.22,91.66,4.02,53.24,51.53,198113.09,Normal,0
2020-08-09 17:00:00,1105.79,911.69,127.97,125.62,135.05,81.0,92.76,3.42,53.92,51.56,199443.19,Normal,0
2020-08-09 18:00:00,848.86,701.29,126.85,124.42,133.65,80.84,92.39,2.95,53.05,50.09,155194.97,Normal,0
2020-08-09 19:00:00,0.0,0.0,106.9,105.67,115.46,78.09,84.36,0.47,53.92,49.97,0.0,Normal,0
2020-08-09 20:00:00,0.0,0.0,97.47,95.69,106.71,74.49,77.12,0.45,49.71,45.2,0.0,Normal,0
2020-08-09 21:00:00,0.0,0.0,91.94,89.27,100.82,71.79,72.67,0.45,46.26,41.53,0.0,Normal,0
2020-08-09 22:00:00,0.0,0.0,87.34,84.19,94.7,69.58,68.02,0.45,43.2,38.0,9.75,Normal,0
2020-08-09 23:00:00,0.0,0.0,83.21,79.75,89.62,67.04,64.38,0.46,40.92,35.66,0.0,Normal,0
2020-08-10 00:00:00,867.27,692.16,92.65,89.08,98.67,63.61,65.32,3.35,38.63,35.0,157329.16,Normal,0
2020-08-10 01:00:00,1130.82,911.4,107.63,104.8,114.14,63.51,71.14,4.5,41.44,37.54,207285.07,Normal,0
2020-08-10 02:00:00,1119.54,912.4,111.75,109.31,118.49,64.16,74.07,4.23,42.02,36.7,203456.55,Normal,0
2020-08-10 03:00:00,1122.13,912.28,113.54,111.1,120.2,64.95,75.8,4.37,40.09,36.77,205102.96,Normal,0
2020-08-10 04:00:00,1115.89,912.25,114.93,112.47,121.6,66.18,77.28,4.56,39.99,38.54,204764.25,Normal,0
2020-08-10 05:00:00,1113.01,912.35,116.05,113.57,122.74,67.4,78.78,4.74,40.81,39.91,203542.42,Normal,0
2020-08-10 06:00:00,1115.96,912.45,117.23,114.79,123.99,68.6,81.28,4.79,42.0,40.56,201813.98,Normal,0
2020-08-10 07:00:00,1115.95,912.4,118.0,115.5,124.68,68.92,83.19,4.56,42.54,40.28,203144.52,Normal,0
2020-08-10 08:00:00,1117.04,912.4,117.55,115.02,124.08,68.21,83.0,4.5,41.67,38.62,202958.56,Normal,0
2020-08-10 09:00:00,1119.75,912.39,117.17,114.65,123.73,68.28,82.58,4.12,41.36,39.1,203049.12,Normal,0
2020-08-10 10:00:00,1125.56,912.38,117.23,114.68,123.87,68.58,82.4,4.31,42.97,39.98,203053.25,Normal,0
2020-08-10 11:00:00,1118.16,912.31,117.78,115.28,124.55,69.28,82.83,4.63,44.19,41.54,204035.17,Normal,0
2020-08-10 12:00:00,1111.03,912.13,118.67,116.21,125.53,70.48,83.99,4.27,45.12,43.2,197297.76,Normal,0
2020-08-10 13:00:00,1111.71,912.44,119.62,117.17,126.51,72.51,85.21,4.01,45.96,44.63,202618.39,Normal,0
2020-08-10 14:00:00,1105.89,912.5,120.54,118.11,127.48,74.04,86.14,4.02,46.25,44.79,198941.11,Normal,0
2020-08-10 15:00:00,1107.63,912.45,121.16,118.71,128.07,74.84,87.05,4.22,47.47,45.32,199146.01,Normal,0
2020-08-10 16:00:00,1102.92,912.41,121.82,119.4,128.74,75.3,87.69,4.29,47.7,45.65,199682.33,Normal,0
2020-08-10 17:00:00,1104.43,912.4,122.39,119.98,129.24,75.3,88.19,4.48,48.17,45.67,198768.63,Normal,0
2020-08-10 18:00:00,1026.53,860.88,122.77,120.37,129.68,76.0,88.64,4.4,48.61,46.56,187986.85,Normal,0
2020-08-10 19:00:00,0.0,0.0,105.92,104.46,113.95,75.21,82.84,0.49,51.34,47.68,85.1,Normal,0
2020-08-10 20:00:00,0.0,0.0,94.54,92.93,103.28,71.85,74.44,0.46,47.44,42.5,0.0,Normal,0
2020-08-10 21:00:00,0.0,0.0,88.82,86.04,97.43,69.23,69.36,0.46,44.39,39.69,0.0,Normal,0
2020-08-10 22:00:00,0.0,0.0,84.03,80.54,93.27,67.46,65.34,0.45,41.86,37.56,13.76,Normal,0
2020-08-10 23:00:00,0.0,0.0,80.02,76.36,89.19,65.27,62.31,0.46,39.65,35.78,18.47,Normal,0
2020-08-11 00:00:00,573.47,468.38,83.67,79.9,91.9,62.25,61.57,2.51,38.08,34.84,91873.03,Normal,0
2020-08-11 01:00:00,1114.01,912.42,101.96,99.02,109.06,61.14,68.16,4.38,44.96,38.47,202569.16,Normal,0
2020-08-11 02:00:00,1104.01,912.52,108.01,105.58,114.96,61.76,71.49,3.99,44.89,38.39,197995.62,Normal,0
2020-08-11 03:00:00,1095.99,909.14,110.3,107.94,117.1,62.71,74.08,4.06,42.99,38.21,194460.95,Normal,0
2020-08-11 04:00:00,1113.14,912.39,111.65,109.29,118.39,63.39,75.51,4.01,44.94,38.1,203441.17,Normal,0
2020-08-11 05:00:00,1111.51,912.42,112.51,110.11,119.12,63.82,76.05,4.15,44.96,37.31,201425.27,Normal,0
2020-08-11 06:00:00,1115.15,912.29,113.12,110.68,119.71,64.16,76.84,3.85,45.97,37.04,204660.84,Normal,0
2020-08-11 07:00:00,1134.46,912.16,113.82,111.28,120.32,64.5,77.56,4.1,45.56,37.21,206407.59,Normal,0
2020-08-11 08:00:00,1113.7,912.38,113.84,111.3,120.34,64.76,77.8,4.22,45.92,37.35,202414.37,Normal,0
2020-08-11 09:00:00,1115.99,912.42,113.78,111.23,120.3,64.9,77.7,3.82,46.33,37.3,201605.1,Normal,0
2020-08-11 10:00:00,1116.66,912.45,113.62,111.1,120.17,64.94,77.76,4.04,46.89,37.8,200488.91,Normal,0
2020-08-11 11:00:00,1120.78,912.41,113.9,111.4,120.49,65.34,78.01,3.76,47.83,38.23,201589.09,Normal,0
2020-08-11 12:00:00,1107.57,912.47,114.52,112.08,121.17,66.22,78.63,3.98,49.56,39.64,198217.89,Normal,0
2020-08-11 13:00:00,1111.45,912.48,115.46,113.04,122.22,67.43,79.5,3.78,50.38,40.87,198572.91,Normal,0
2020-08-11 14:00:00,1113.61,912.46,116.72,114.36,123.55,69.04,80.51,4.11,50.86,41.78,197963.31,Normal,0
2020-08-11 15:00:00,1117.14,912.41,117.98,115.59,124.86,70.36,81.69,3.73,52.61,42.57,200388.08,Normal,0
2020-08-11 16:00:00,1113.2,912.37,119.32,116.92,126.14,71.15,82.58,3.62,53.31,42.66,203149.46,Normal,0
2020-08-11 17:00:00,900.56,739.25,116.5,114.25,123.25,71.4,82.05,2.79,53.1,42.81,160234.29,Normal,0
2020-08-11 18:00:00,914.6,773.32,116.49,114.17,123.25,71.66,81.64,3.67,50.9,42.4,168657.88,Normal,0
2020-08-11 21:00:00,0.0,0.0,82.47,80.33,85.86,65.58,59.86,0.46,38.92,33.08,0.0,Normal,0
2020-08-11 22:00:00,0.0,0.0,77.77,75.07,80.66,63.15,56.03,0.45,36.01,31.08,0.0,Normal,0
2020-08-11 23:00:00,0.0,0.0,73.77,70.74,77.03,60.48,53.3,0.46,34.12,29.59,0.0,Normal,0
2020-08-12 00:00:00,1045.71,826.32,87.76,84.56,92.7,56.94,57.72,3.33,37.05,30.02,185658.8,Normal,0
2020-08-12 01:00:00,1136.51,911.96,101.34,98.78,107.81,57.02,64.78,3.64,41.89,33.11,207885.76,Normal,0
2020-08-12 02:00:00,1121.92,910.36,105.84,103.46,112.59,58.33,68.62,3.46,43.51,34.6,204432.77,Normal,0
2020-08-12 03:00:00,1124.59,911.18,108.02,105.66,114.72,59.69,72.14,3.5,44.15,35.05,205051.69,Normal,0
2020-08-12 04:00:00,1131.22,911.71,109.79,107.33,116.4,60.73,73.95,4.07,44.14,35.03,208389.68,Normal,0
2020-08-12 05:00:00,1128.02,911.81,110.89,108.41,117.42,61.5,74.93,4.04,43.88,34.92,208032.25,Normal,0
2020-08-12 06:00:00,1121.63,911.61,111.49,109.02,118.0,62.13,75.7,4.13,43.23,35.12,208576.02,Normal,0
2020-08-12 07:00:00,1116.13,911.69,111.89,109.45,118.4,62.79,76.36,4.23,42.7,35.37,207784.81,Normal,0
2020-08-12 08:00:00,1127.2,912.03,112.2,109.7,118.67,63.28,77.04,3.99,46.87,50.96,205882.44,Normal,0
2020-08-12 09:00:00,1123.29,912.03,112.59,110.09,119.16,64.07,78.32,3.73,49.33,55.75,205281.98,Normal,0
2020-08-12 10:00:00,1112.22,912.09,113.06,110.57,119.65,64.67,79.21,3.94,49.59,56.99,204702.94,Normal,0
2020-08-12 11:00:00,976.75,793.04,113.13,110.62,119.71,65.27,79.62,3.6,50.6,59.01,180418.72,Normal,0
2020-08-12 12:00:00,535.35,425.16,100.03,98.31,107.77,64.27,74.28,1.81,51.36,57.5,89982.5,Normal,0
2020-08-12 13:00:00,1122.01,912.15,109.53,107.04,116.58,64.26,75.89,3.62,54.75,58.32,201921.2,Normal,0
2020-08-12 14:00:00,1123.54,912.28,113.59,111.21,120.55,65.92,78.63,3.57,55.51,60.62,203799.14,Normal,0
2020-08-12 15:00:00,163.68,146.9,102.64,101.04,110.13,66.75,76.43,0.95,56.41,63.67,32848.65,Normal,0
2020-08-12 16:00:00,833.09,653.01,99.75,98.05,108.04,64.78,71.99,2.42,51.98,55.01,146747.21,Normal,0
2020-08-12 17:00:00,1111.57,912.55,112.74,110.32,119.79,66.73,76.37,3.3,57.11,61.09,199274.82,Normal,0
2020-08-12 18:00:00,769.85,651.11,114.21,111.98,121.07,68.38,78.49,2.88,58.29,63.52,141096.96,Normal,0
2020-08-12 19:00:00,0.0,0.0,95.47,94.75,102.39,67.83,70.63,0.45,53.27,56.76,0.0,Normal,0
2020-08-12 20:00:00,0.0,0.0,86.37,85.49,91.2,65.95,62.99,0.45,44.47,43.88,6.18,Normal,0
2020-08-12 21:00:00,0.0,0.0,80.63,79.08,83.94,63.72,58.31,0.45,39.94,38.04,0.0,Normal,0
2020-08-12 22:00:00,0.0,0.0,76.37,74.17,80.48,60.8,56.07,0.45,37.55,34.64,0.0,Normal,0
2020-08-12 23:00:00,0.0,0.0,72.82,70.27,78.09,57.79,54.56,0.45,35.68,32.85,10.26,Normal,0
2020-08-13 00:00:00,920.52,715.54,84.05,81.03,90.09,54.79,57.24,3.73,39.49,39.38,161600.52,Normal,0
2020-08-13 01:00:00,824.74,663.95,98.51,95.92,104.98,55.86,64.19,2.96,47.57,51.85,156242.08,Normal,0
2020-08-13 02:00:00,801.8,622.48,92.52,90.66,99.52,55.52,62.69,2.7,45.22,47.69,141285.56,Normal,0
2020-08-13 03:00:00,1133.11,909.07,103.03,100.66,109.75,57.2,66.0,3.74,46.27,51.26,209889.84,Normal,0
2020-08-13 04:00:00,1132.77,910.43,106.56,104.17,113.25,58.34,69.61,4.06,46.76,52.37,207262.5,Normal,0
2020-08-13 05:00:00,1125.89,905.2,108.16,105.76,114.78,59.27,71.74,3.76,47.3,52.05,210109.58,Normal,0
2020-08-13 06:00:00,1108.51,899.86,108.8,106.36,115.4,59.95,72.79,4.27,48.09,51.52,210218.3,Normal,0
2020-08-13 07:00:00,1096.64,896.25,108.94,106.58,115.56,60.45,73.32,3.42,47.69,51.41,210005.98,Normal,0
2020-08-13 08:00:00,1117.35,902.23,109.39,106.94,115.94,60.88,73.83,3.19,47.05,51.81,209830.89,Normal,0
2020-08-13 09:00:00,1116.09,903.17,109.9,107.43,116.43,61.45,74.45,3.16,46.04,52.08,210001.83,Normal,0
2020-08-13 10:00:00,1118.3,904.54,110.61,108.18,117.23,62.37,75.23,3.13,47.05,53.08,209942.42,Normal,0
2020-08-13 11:00:00,1127.2,906.15,112.04,109.66,118.79,64.06,76.29,3.1,48.4,54.5,209954.41,Normal,0
2020-08-13 12:00:00,1096.23,891.68,113.42,111.11,120.23,65.61,77.06,3.07,49.05,56.22,210156.2,Normal,0
2020-08-13 13:00:00,1088.55,888.12,114.2,111.95,121.15,66.92,78.1,3.31,48.54,57.31,209624.92,Normal,0
2020-08-13 14:00:00,1093.17,888.24,115.64,113.4,122.65,68.95,79.68,3.57,48.38,58.41,209904.03,Normal,0
2020-08-13 15:00:00,1093.42,887.75,117.05,114.81,124.14,71.22,81.38,3.63,49.51,59.31,210142.79,Normal,0
2020-08-13 16:00:00,1098.73,893.92,118.6,116.34,125.7,72.53,83.11,3.07,51.05,60.08,209834.89,Normal,0
2020-08-13 17:00:00,1087.46,889.58,119.98,117.72,127.07,73.48,84.87,3.07,51.53,60.4,210121.12,Normal,0
2020-08-13 18:00:00,725.73,607.07,118.43,116.25,125.35,73.83,84.84,2.26,53.33,61.52,145284.13,Normal,0
2020-08-13 19:00:00,0.0,0.0,99.02,98.15,106.98,71.79,75.79,0.46,51.05,55.68,0.0,Normal,0
2020-08-13 20:00:00,0.0,0.0,90.43,88.93,97.75,69.02,68.45,0.45,45.0,45.58,0.0,Normal,0
2020-08-13 21:00:00,0.0,0.0,85.29,82.94,92.2,66.55,64.43,0.45,41.46,40.25,0.0,Normal,0
2020-08-13 22:00:00,0.0,0.0,81.06,78.23,88.17,63.68,61.79,0.45,38.86,36.89,31.84,Normal,0
2020-08-13 23:00:00,0.0,0.0,77.24,74.14,84.46,60.88,59.14,0.45,36.51,33.72,0.08,Normal,0
2020-08-14 00:00:00,959.93,778.16,89.27,86.0,95.82,57.65,61.28,3.31,36.45,38.7,179439.02,Normal,0
2020-08-14 01:00:00,1097.55,894.22,101.97,99.44,108.8,57.78,66.43,3.57,41.8,49.19,209978.87,Normal,0
2020-08-14 02:00:00,1091.57,894.6,105.96,103.68,112.92,59.0,69.0,3.43,42.67,50.86,210014.48,Normal,0
2020-08-14 03:00:00,1093.64,895.19,107.81,105.55,114.71,59.83,70.58,3.33,42.87,50.6,209907.66,Normal,0
2020-08-14 04:00:00,1104.67,896.14,108.79,106.47,115.54,60.32,71.61,3.22,43.27,50.76,210102.5,Normal,0
2020-08-14 05:00:00,1100.61,894.37,109.0,106.66,115.67,60.4,72.0,3.32,42.17,50.39,210038.31,Normal,0
2020-08-14 06:00:00,1095.35,894.15,109.0,106.63,115.7,60.48,71.9,3.4,42.5,50.13,209882.64,Normal,0
2020-08-14 07:00:00,1107.52,901.78,109.52,107.08,116.2,60.6,72.0,3.45,43.62,50.15,209764.43,Normal,0
2020-08-14 08:00:00,1116.79,902.88,110.01,107.53,116.6,60.76,72.41,3.45,43.72,50.86,210032.56,Normal,0
2020-08-14 09:00:00,1105.16,901.16,110.4,107.97,117.1,61.58,72.84,3.43,43.17,51.5,210071.84,Normal,0
2020-08-14 10:00:00,1108.02,901.52,111.24,108.88,118.06,62.68,73.99,3.53,45.07,52.54,209899.47,Normal,0
2020-08-14 11:00:00,1116.56,904.16,112.79,110.49,119.67,64.21,76.22,4.07,47.17,54.3,209952.64,Normal,0
2020-08-14 12:00:00,407.92,345.43,106.57,104.67,113.77,66.14,76.91,1.96,49.98,58.73,81482.39,Normal,0
2020-08-14 13:00:00,0.0,0.0,89.55,88.73,99.11,64.58,69.28,0.49,47.01,51.02,0.0,Normal,0
2020-08-14 14:00:00,0.0,0.0,83.51,82.05,92.97,63.48,64.48,0.49,42.58,43.92,0.0,Normal,0
2020-08-14 15:00:00,0.0,0.0,79.37,77.56,88.25,62.51,61.42,0.49,40.27,40.69,27.28,Normal,0
2020-08-14 16:00:00,1046.52,843.96,93.88,91.39,101.59,61.59,65.82,4.1,46.06,48.81,179175.08,Normal,0
2020-08-14 17:00:00,1129.93,912.39,108.78,106.46,116.22,64.4,74.24,4.3,51.16,58.25,203918.36,Normal,0
2020-08-14 18:00:00,830.1,679.45,112.93,110.73,120.12,67.01,78.62,3.29,52.88,59.86,154292.16,Normal,0
2020-08-14 19:00:00,0.0,0.0,95.11,94.37,102.19,67.26,71.25,0.46,49.95,53.22,0.0,Normal,0
2020-08-14 20:00:00,0.0,0.0,86.14,85.09,91.95,65.42,63.8,0.45,43.66,43.8,0.0,Normal,0
2020-08-14 21:00:00,0.0,0.0,80.97,79.07,86.2,63.51,59.67,0.45,39.74,38.1,5.94,Normal,0
2020-08-14 22:00:00,0.0,0.0,76.77,74.38,81.6,61.43,56.49,0.45,36.97,34.33,0.0,Normal,0
2020-08-14 23:00:00,0.0,0.0,73.23,70.51,78.57,59.0,54.38,0.45,35.13,32.46,0.0,Normal,0
2020-08-15 00:00:00,833.0,671.13,82.86,79.84,88.97,55.9,56.77,2.85,37.04,37.82,153426.5,Normal,0
2020-08-15 01:00:00,1113.44,899.87,99.09,96.6,105.83,55.83,64.43,3.78,41.25,48.56,209923.45,Normal,0
2020-08-15 02:00:00,1104.65,899.22,104.25,101.98,111.26,57.12,69.08,3.86,43.57,49.8,209866.45,Normal,0
2020-08-15 03:00:00,1108.95,902.03,106.91,104.63,113.82,58.43,71.85,3.45,46.38,50.77,209994.48,Normal,0
2020-08-15 04:00:00,1105.01,899.84,108.18,105.81,115.02,59.31,73.44,3.77,45.55,50.82,210045.63,Normal,0
2020-08-15 05:00:00,1108.72,897.49,108.67,106.22,115.4,59.88,74.24,4.0,44.02,49.91,209987.2,Normal,0
2020-08-15 06:00:00,1112.77,901.29,108.87,106.45,115.54,60.35,74.39,3.95,44.06,49.56,209946.62,Normal,0
2020-08-15 07:00:00,1106.44,901.15,109.27,106.81,115.9,60.85,74.55,3.89,44.45,49.64,210019.12,Normal,0
2020-08-15 08:00:00,1116.51,904.81,109.68,107.26,116.35,61.25,74.92,4.55,43.47,50.22,209331.8,Normal,0
2020-08-15 09:00:00,1136.72,911.89,110.64,108.13,117.3,61.9,75.88,4.56,45.0,51.46,208267.83,Normal,0
2020-08-15 10:00:00,1142.74,911.16,111.67,109.15,118.44,63.04,77.3,4.56,46.6,52.48,208928.51,Normal,0
2020-08-15 11:00:00,1140.36,911.79,113.09,110.58,119.95,64.33,78.85,4.84,48.35,53.99,208860.7,Normal,0
2020-08-15 12:00:00,1130.71,912.25,114.61,112.15,121.5,65.93,80.51,4.63,48.12,55.51,204983.98,Normal,0
2020-08-15 13:00:00,1128.99,912.19,116.03,113.58,123.0,67.69,82.01,4.56,48.12,56.58,204062.99,Normal,0
2020-08-15 14:00:00,1132.96,912.04,117.56,115.13,124.58,69.32,83.36,4.56,48.43,57.61,205544.94,Normal,0
2020-08-15 15:00:00,1119.34,912.0,119.08,116.65,126.12,70.9,84.73,4.71,49.24,58.53,205669.25,Normal,0
2020-08-15 16:00:00,1123.05,911.66,120.61,118.21,127.65,72.95,85.67,4.68,51.39,58.94,207796.08,Normal,0
2020-08-15 17:00:00,1123.46,912.23,121.51,119.11,128.47,73.8,86.53,4.72,50.85,59.09,204331.24,Normal,0
2020-08-15 18:00:00,1122.74,912.21,121.6,119.13,128.43,74.07,86.78,4.47,49.38,57.96,204523.2,Normal,0
2020-08-15 19:00:00,1121.4,912.25,121.1,118.62,127.81,73.37,85.92,4.47,47.56,56.51,205235.14,Normal,0
2020-08-15 20:00:00,1127.76,911.21,120.1,117.51,126.62,72.0,84.68,4.47,47.06,54.58,208107.69,Normal,0
2020-08-15 21:00:00,1117.74,908.48,118.83,116.24,125.38,69.82,83.25,4.09,45.72,53.22,209950.88,Normal,0
2020-08-15 22:00:00,1126.18,910.31,117.54,114.95,124.06,67.74,81.81,4.41,44.17,51.8,209275.1,Normal,0
2020-08-15 23:00:00,1134.16,910.29,116.24,113.59,122.78,66.65,80.3,4.63,45.0,50.46,209227.95,Normal,0
2020-08-16 00:00:00,1131.88,907.3,114.83,112.16,121.32,65.41,78.62,4.56,44.2,49.97,209701.72,Normal,0
2020-08-16 01:00:00,1126.58,909.64,113.7,111.07,120.2,64.21,77.12,4.47,44.33,49.24,209724.07,Normal,0
2020-08-16 02:00:00,1131.76,907.99,112.8,110.21,119.28,63.26,75.92,4.6,41.53,49.13,210121.53,Normal,0
2020-08-16 03:00:00,1117.54,902.07,111.5,108.94,118.01,62.48,74.74,4.39,40.6,48.52,210149.27,Normal,0
2020-08-16 04:00:00,1122.31,905.02,110.66,108.08,117.18,61.93,73.68,3.96,41.25,48.23,209901.38,Normal,0
2020-08-16 05:00:00,1127.26,905.8,110.22,107.64,116.77,61.43,73.0,4.14,43.05,48.73,209923.74,Normal,0
2020-08-16 06:00:00,1124.0,908.0,109.99,107.4,116.57,61.3,72.52,4.08,43.2,48.4,209847.64,Normal,0
2020-08-16 07:00:00,1129.66,910.14,110.22,107.66,116.86,61.45,72.55,4.39,43.33,48.62,209684.46,Normal,0
2020-08-16 08:00:00,1123.95,907.28,110.2,107.65,116.78,61.3,72.76,4.3,43.31,48.68,209755.38,Normal,0
2020-08-16 09:00:00,1126.76,905.79,110.09,107.52,116.71,61.51,72.9,3.83,42.7,49.71,209958.16,Normal,0
2020-08-16 10:00:00,1136.85,910.34,110.84,108.32,117.63,62.39,73.76,4.81,42.98,51.01,209532.74,Normal,0
2020-08-16 11:00:00,1138.83,908.92,112.13,109.65,119.06,63.83,75.45,4.67,45.14,52.33,209737.43,Normal,0
2020-08-16 12:00:00,1133.98,908.09,113.58,111.14,120.57,65.39,77.8,4.69,46.65,53.66,209755.16,Normal,0
2020-08-16 13:00:00,1126.86,908.75,115.25,112.82,122.3,66.73,80.1,4.68,47.41,55.28,209601.38,Normal,0
2020-08-16 14:00:00,1131.15,910.43,117.21,114.81,124.3,68.76,82.22,4.84,48.78,56.48,208979.7,Normal,0
2020-08-16 15:00:00,1128.54,910.39,118.95,116.53,126.04,71.22,84.06,4.35,50.19,57.59,210031.0,Normal,0
2020-08-16 16:00:00,1121.52,907.69,120.25,117.85,127.35,72.82,85.33,4.26,51.19,57.95,209636.49,Normal,0
2020-08-16 17:00:00,1135.95,911.45,121.39,118.97,128.42,73.7,86.18,4.65,51.12,57.94,208756.13,Normal,0
2020-08-16 18:00:00,716.75,581.03,118.75,116.37,125.51,74.18,85.84,3.35,50.88,58.33,133903.72,Normal,0
2020-08-16 19:00:00,0.0,0.0,98.18,97.42,104.89,71.93,74.95,0.46,47.72,50.16,0.0,Normal,0
2020-08-16 20:00:00,0.0,0.0,89.14,87.94,93.87,69.15,65.99,0.45,41.62,40.53,0.0,Normal,0
2020-08-16 21:00:00,0.0,0.0,83.24,81.29,86.67,66.6,60.42,0.45,37.85,35.31,0.0,Normal,0
2020-08-16 22:00:00,0.0,0.0,78.56,76.02,81.97,63.67,56.82,0.45,35.42,32.01,0.0,Normal,0
2020-08-16 23:00:00,0.0,0.0,74.68,71.7,79.06,60.62,54.57,0.45,33.95,30.5,39.45,Normal,0
2020-08-17 00:00:00,763.11,603.44,82.23,79.02,87.86,56.75,56.94,2.68,35.7,34.68,135325.04,Normal,0
2020-08-17 01:00:00,1109.0,910.07,97.46,94.85,104.03,56.08,63.55,4.74,43.15,44.36,201594.74,Normal,0
2020-08-17 02:00:00,1117.97,912.22,102.35,100.05,109.29,56.91,66.74,4.46,45.05,47.99,198762.43,Normal,0
2020-08-17 03:00:00,1145.67,910.32,106.0,103.58,112.83,58.32,69.65,4.09,45.04,48.91,209597.38,Normal,0
2020-08-17 04:00:00,1142.25,908.76,107.96,105.51,114.69,59.43,72.05,4.18,43.92,48.63,209910.82,Normal,0
2020-08-17 05:00:00,904.21,722.88,103.49,101.08,109.94,58.58,70.53,3.24,41.12,44.35,165984.31,Normal,0
2020-08-17 06:00:00,1124.0,905.19,105.5,103.01,112.22,59.39,70.65,4.1,40.4,47.32,209753.13,Normal,0
2020-08-17 07:00:00,1128.3,905.97,107.67,105.22,114.4,60.32,71.82,4.57,40.41,47.05,209850.64,Normal,0
2020-08-17 08:00:00,135.98,112.27,95.45,93.48,103.13,60.72,68.03,0.97,45.91,50.91,29516.23,Normal,0
2020-08-17 09:00:00,0.0,0.0,81.28,79.73,91.47,58.57,61.01,0.46,41.44,40.88,0.0,Normal,0
2020-08-17 10:00:00,0.0,0.0,76.19,74.24,85.15,57.53,57.42,0.46,37.21,35.15,0.0,Normal,0
2020-08-17 11:00:00,0.0,0.0,72.56,70.44,80.1,56.84,54.49,0.47,34.73,32.53,0.0,Normal,0
2020-08-17 12:00:00,0.0,0.0,69.52,67.4,76.33,55.94,52.24,0.46,33.55,32.2,0.0,Normal,0
2020-08-17 13:00:00,0.0,0.0,67.03,65.01,74.35,54.85,51.09,0.46,33.38,32.75,0.0,Normal,0
2020-08-17 14:00:00,0.0,0.0,64.99,63.11,72.77,53.83,50.19,0.47,33.49,33.41,0.0,Normal,0
2020-08-17 15:00:00,0.0,0.0,63.14,61.48,70.81,53.19,49.02,0.47,33.6,33.7,0.0,Normal,0
2020-08-17 16:00:00,0.0,0.0,61.42,59.91,68.69,52.46,47.75,0.47,33.6,33.9,0.0,Normal,0
2020-08-17 17:00:00,0.0,0.0,59.88,58.52,67.08,51.62,46.71,0.45,33.87,33.9,0.0,Normal,0
2020-08-17 18:00:00,0.0,0.0,58.53,57.27,65.62,50.77,45.78,0.44,33.71,33.87,0.0,Normal,0
2020-08-17 19:00:00,252.73,198.24,59.08,57.81,66.0,49.62,45.07,1.11,33.53,33.71,43113.12,Normal,0
2020-08-17 20:00:00,854.99,687.41,76.81,75.13,80.73,49.83,51.79,2.66,42.57,43.51,151637.02,Normal,0
2020-08-17 21:00:00,1117.11,899.8,94.63,92.82,97.61,53.51,61.7,3.1,46.77,46.34,208636.51,Normal,0
2020-08-17 22:00:00,1112.17,903.58,103.23,101.21,105.95,56.97,68.73,3.28,47.71,46.25,207540.14,Normal,0
2020-08-17 23:00:00,1105.74,903.59,107.46,105.27,109.87,59.5,72.74,3.74,47.76,50.37,205676.28,Normal,0
2020-08-18 00:00:00,1104.42,903.6,109.71,107.38,111.86,61.08,75.25,4.27,46.34,51.76,206247.99,Normal,0
2020-08-18 01:00:00,1119.01,903.57,110.92,108.53,112.87,61.8,76.61,4.32,45.65,51.02,210143.82,Normal,0
2020-08-18 02:00:00,1107.49,903.55,111.16,108.74,113.06,62.02,77.56,4.65,44.12,50.74,206298.43,Normal,0
2020-08-18 03:00:00,1076.32,903.57,110.61,108.17,112.46,62.19,77.87,4.17,44.08,50.97,199456.08,Normal,0
2020-08-18 04:00:00,1059.32,903.52,109.75,107.37,111.64,62.0,77.06,4.34,42.94,50.53,195291.07,Normal,0
2020-08-18 05:00:00,1096.61,903.58,109.86,107.43,111.71,61.83,76.29,4.25,43.49,49.68,216682.34,Normal,0
2020-08-18 06:00:00,1124.15,903.59,110.76,108.22,112.51,61.7,75.59,3.79,43.14,48.58,228140.56,Normal,0
2020-08-18 07:00:00,145.29,127.69,98.19,96.16,100.99,61.78,70.6,0.92,45.26,51.94,33010.59,Normal,0
2020-08-18 08:00:00,0.0,0.0,83.36,81.33,89.23,60.16,62.29,0.46,41.43,42.96,0.0,Normal,0
2020-08-18 09:00:00,0.0,0.0,77.68,75.21,83.67,58.89,58.71,0.46,37.52,36.6,0.0,Normal,0
2020-08-18 10:00:00,0.0,0.0,73.94,71.35,78.88,57.86,56.17,0.46,35.09,33.52,0.0,Normal,0
2020-08-18 11:00:00,0.0,0.0,70.87,68.33,74.68,56.96,53.71,0.46,33.85,32.41,0.0,Normal,0
2020-08-18 12:00:00,0.0,0.0,68.34,65.91,71.89,56.04,52.11,0.46,33.47,32.51,0.0,Normal,0
2020-08-18 13:00:00,0.0,0.0,66.25,63.98,69.84,55.11,50.95,0.46,33.4,32.98,0.0,Normal,0
2020-08-18 14:00:00,0.0,0.0,64.48,62.36,68.03,54.31,49.88,0.46,33.54,33.6,0.0,Normal,0
2020-08-18 15:00:00,0.0,0.0,62.91,60.98,66.47,53.54,49.06,0.46,33.91,34.16,0.0,Normal,0
2020-08-18 16:00:00,0.0,0.0,61.54,59.74,65.04,52.83,48.25,0.46,34.13,34.51,0.0,Normal,0
2020-08-18 17:00:00,0.0,0.0,60.22,58.59,63.57,52.1,47.41,0.44,34.3,34.8,0.0,Normal,0
2020-08-18 18:00:00,0.0,0.0,59.01,57.53,62.23,51.27,46.59,0.43,34.3,34.8,0.0,Normal,0
2020-08-18 19:00:00,0.0,0.0,57.85,56.47,60.9,50.34,45.7,0.43,34.14,34.44,0.0,Normal,0
2020-08-18 20:00:00,0.0,0.0,56.69,55.33,59.55,49.16,44.8,0.43,33.56,33.83,0.0,Normal,0
2020-08-18 21:00:00,0.0,0.0,55.57,54.16,58.75,47.57,44.24,0.43,32.84,33.03,0.0,Normal,0
2020-08-18 22:00:00,0.0,0.0,54.45,52.9,57.93,45.86,43.6,0.43,32.26,32.18,0.0,Normal,0
2020-08-18 23:00:00,0.0,0.0,53.28,51.56,57.12,44.39,42.87,0.43,31.92,31.31,0.0,Normal,0
2020-08-19 00:00:00,0.0,0.0,52.14,50.31,56.37,43.13,42.13,0.43,31.46,30.61,0.0,Normal,0
2020-08-19 01:00:00,0.0,0.0,51.04,49.2,55.5,42.02,41.35,0.43,30.82,29.74,0.0,Normal,0
2020-08-19 02:00:00,0.0,0.0,49.99,48.24,54.22,41.15,40.33,0.43,30.04,28.59,0.0,Normal,0
2020-08-19 03:00:00,0.0,0.0,49.01,47.34,52.72,40.43,39.08,0.43,29.23,27.63,0.0,Normal,0
2020-08-19 04:00:00,0.0,0.0,48.07,46.42,51.52,39.58,38.19,0.43,28.76,27.07,0.0,Normal,0
2020-08-19 05:00:00,0.0,0.0,47.21,45.55,50.84,38.75,37.51,0.43,28.49,26.9,0.0,Normal,0
2020-08-19 06:00:00,0.0,0.0,46.28,44.65,50.42,38.2,36.65,0.43,28.02,26.9,0.0,Normal,0
2020-08-19 07:00:00,0.0,0.0,45.33,43.7,49.93,37.68,35.83,0.43,27.45,26.82,0.0,Normal,0
2020-08-19 08:00:00,0.0,0.0,44.49,42.88,49.47,37.23,35.26,0.45,27.16,26.78,0.0,Normal,0
2020-08-19 09:00:00,0.0,0.0,43.89,42.53,49.03,36.89,35.02,0.46,27.25,27.31,0.0,Normal,0
2020-08-19 10:00:00,0.0,0.0,43.51,42.24,48.71,36.78,35.11,0.46,27.53,27.99,0.0,Normal,0
2020-08-19 11:00:00,0.0,0.0,43.27,42.2,48.47,36.7,35.22,0.46,28.11,28.81,11.38,Normal,0
2020-08-19 12:00:00,0.0,0.0,43.1,42.34,48.4,36.8,35.53,0.46,28.9,30.09,0.0,Normal,0
2020-08-19 13:00:00,0.0,0.0,43.1,42.5,48.4,36.8,35.84,0.46,29.75,31.25,0.0,Normal,0
2020-08-19 14:00:00,0.0,0.0,43.1,42.64,48.4,36.94,36.18,0.46,30.63,32.3,0.0,Normal,0
2020-08-19 15:00:00,0.0,0.0,43.1,42.77,48.55,37.08,36.63,0.46,31.53,33.27,0.0,Normal,0
2020-08-19 16:00:00,0.0,0.0,43.1,42.96,48.75,37.3,37.06,0.44,32.33,33.96,0.0,Normal,0
2020-08-19 17:00:00,0.0,0.0,43.12,43.11,48.93,37.49,37.43,0.43,32.81,34.39,0.0,Normal,0
2020-08-19 18:00:00,0.0,0.0,43.4,43.4,49.08,37.5,37.67,0.43,33.2,34.51,0.0,Normal,0
2020-08-19 19:00:00,0.0,0.0,43.4,43.4,49.1,37.5,37.7,0.43,33.04,34.16,0.0,Normal,0
2020-08-19 20:00:00,0.0,0.0,43.4,43.35,48.92,37.36,37.51,0.43,32.66,33.62,0.0,Normal,0
2020-08-19 21:00:00,0.0,0.0,43.26,43.08,48.72,36.95,37.3,0.43,32.17,32.87,0.0,Normal,0
2020-08-19 22:00:00,0.0,0.0,43.06,42.82,48.48,36.5,36.91,0.43,31.49,31.98,0.0,Normal,0
2020-08-19 23:00:00,0.0,0.0,42.83,42.44,48.0,35.94,36.42,0.43,30.77,30.76,0.0,Normal,0
2020-08-25 13:00:00,1100.0,0.0,40.54,40.82,46.53,34.99,35.46,0.47,32.06,33.14,0.0,Normal,0
2020-08-25 14:00:00,1100.0,0.0,40.87,41.32,47.13,35.55,36.2,0.47,33.29,34.46,0.0,Normal,0
2020-08-25 15:00:00,1100.0,0.0,41.24,41.94,47.98,36.17,37.14,0.47,34.55,35.86,0.0,Normal,0
2020-08-25 16:00:00,1100.0,0.0,41.75,42.62,48.89,36.82,38.05,0.47,35.51,36.88,0.0,Normal,0
2020-08-25 17:00:00,1100.0,0.0,42.19,43.21,49.68,37.42,38.76,0.47,36.1,37.47,0.0,Normal,0
2020-08-25 18:00:00,1100.0,0.0,42.65,43.7,50.24,37.8,39.24,0.47,36.32,37.56,0.0,Normal,0
2020-08-25 19:00:00,1100.0,0.0,42.99,44.12,50.4,38.13,39.3,0.47,36.26,37.21,0.0,Normal,0
2020-08-25 20:00:00,1100.0,0.0,43.29,44.3,50.4,38.2,39.3,0.47,36.0,36.75,0.0,Normal,0
2020-08-25 21:00:00,1100.0,0.0,43.5,44.3,50.37,38.2,39.19,0.47,35.58,36.14,0.0,Normal,0
2020-08-25 22:00:00,1100.0,0.0,43.6,44.3,50.2,37.95,38.98,0.47,35.18,35.68,0.0,Normal,0
2020-08-25 23:00:00,1100.0,0.0,43.61,44.29,50.11,37.86,38.72,0.47,34.85,35.18,0.0,Normal,0
2020-08-26 00:00:00,1100.0,0.0,43.69,44.1,49.9,37.7,38.51,0.47,34.35,34.65,0.0,Normal,0
2020-08-26 01:00:00,1100.0,0.0,43.6,43.87,49.75,37.53,38.15,0.47,33.76,33.87,0.0,Normal,0
2020-08-26 02:00:00,1100.0,0.0,43.54,43.55,49.57,37.32,37.72,0.47,33.08,33.12,0.0,Normal,0
2020-08-26 03:00:00,1100.0,0.0,43.3,43.17,49.35,37.0,37.27,0.47,32.39,32.44,0.0,Normal,0
2020-08-26 04:00:00,1100.0,0.0,43.01,42.79,48.98,36.77,36.86,0.47,31.93,32.01,0.0,Normal,0
2020-08-26 05:00:00,1100.0,0.0,42.84,42.58,48.76,36.59,36.62,0.47,31.67,31.65,0.0,Normal,0
2020-08-26 06:00:00,1100.0,0.0,42.67,42.35,48.54,36.3,36.33,0.47,31.29,31.11,0.0,Normal,0
2020-08-26 07:00:00,1100.0,0.0,42.41,42.01,48.25,36.1,36.0,0.47,30.87,30.9,0.0,Normal,0
2020-08-26 08:00:00,1100.0,0.0,42.17,41.8,48.0,35.91,35.9,0.47,30.79,31.11,0.0,Normal,0
2020-08-26 09:00:00,1100.0,0.0,42.09,41.87,47.9,35.9,36.09,0.47,31.46,32.15,0.0,Normal,0
2020-08-26 10:00:00,1100.0,0.0,42.2,42.13,48.08,36.12,36.58,0.47,32.27,33.34,0.0,Normal,0
2020-08-26 11:00:00,1100.0,0.0,42.47,42.58,48.35,36.59,37.03,0.47,33.15,35.63,0.0,Normal,0
2020-08-26 12:00:00,1100.0,0.0,42.77,43.14,48.7,37.19,37.66,0.47,34.27,37.85,0.0,Normal,0
2020-08-26 13:00:00,1100.0,0.0,43.09,43.77,49.15,37.76,38.3,0.47,35.28,39.3,0.0,Normal,0
2020-08-26 14:00:00,1100.0,0.0,43.5,44.3,49.67,38.37,38.9,0.47,36.16,39.8,0.0,Normal,0
2020-08-26 15:00:00,1100.0,0.0,43.9,44.88,50.62,38.95,39.69,0.47,37.25,41.07,0.0,Normal,0
2020-08-26 16:00:00,1100.0,0.0,44.41,45.56,51.7,39.58,40.7,0.47,38.37,41.69,0.0,Normal,0
2020-08-26 17:00:00,1100.0,0.0,44.98,46.28,52.77,40.21,41.68,0.47,39.16,42.16,0.0,Normal,0
2020-08-26 18:00:00,1100.0,0.0,45.51,46.98,53.62,40.8,42.38,0.47,39.66,42.17,0.0,Normal,0
2020-08-26 19:00:00,1100.0,0.0,46.05,47.48,54.17,41.11,42.81,0.47,39.7,41.54,0.0,Normal,0
2020-08-26 20:00:00,1100.0,0.0,46.34,47.7,54.05,41.23,42.66,0.47,39.23,40.63,0.0,Normal,0
2020-08-26 21:00:00,1100.0,0.0,46.5,47.62,53.82,41.1,42.36,0.47,38.6,39.61,0.0,Normal,0
2020-08-26 22:00:00,1100.0,0.0,46.5,47.46,53.52,40.92,41.97,0.47,38.0,38.72,0.0,Normal,0
2020-08-26 23:00:00,1100.0,0.0,46.5,47.11,53.21,40.64,41.45,0.47,37.17,37.51,0.0,Normal,0
2020-08-27 00:00:00,1100.0,0.0,46.43,46.69,52.92,40.28,40.9,0.47,36.33,36.52,0.0,Normal,0
2020-08-27 01:00:00,1100.0,0.0,46.28,46.33,52.58,39.96,40.43,0.47,35.66,35.61,0.0,Normal,0
2020-08-27 02:00:00,1100.0,0.0,46.03,45.9,52.24,39.6,39.81,0.47,34.78,34.76,0.0,Normal,0
2020-08-27 03:00:00,1100.0,0.0,45.69,45.36,51.9,39.28,39.25,0.47,34.03,34.09,0.0,Normal,0
2020-08-27 04:00:00,1100.0,0.0,45.35,44.94,51.5,38.88,38.77,0.47,33.52,33.77,0.0,Normal,0
2020-08-27 05:00:00,1100.0,0.0,45.12,44.59,51.2,38.52,38.48,0.47,33.13,33.34,0.0,Normal,0
2020-08-27 06:00:00,1100.0,0.0,44.82,44.26,50.93,38.26,38.05,0.47,32.55,32.75,0.0,Normal,0
2020-08-27 07:00:00,1100.0,0.0,44.45,43.83,50.53,37.94,37.56,0.47,31.89,32.11,0.0,Normal,0
2020-08-27 08:00:00,1100.0,0.0,44.14,43.41,50.26,37.64,37.13,0.47,31.45,31.86,0.0,Normal,0
2020-08-27 09:00:00,1100.0,0.0,43.8,43.24,49.94,37.5,37.25,0.47,31.94,32.52,0.0,Normal,0
2020-08-27 10:00:00,1100.0,0.0,43.8,43.47,49.9,37.63,37.58,0.47,32.73,33.29,0.0,Normal,0
2020-08-27 11:00:00,1100.0,0.0,43.95,43.72,50.12,38.03,37.99,0.47,33.63,34.08,0.0,Normal,0
2020-08-27 12:00:00,1100.0,0.0,44.17,44.21,50.35,38.51,38.6,0.47,34.62,35.28,0.0,Normal,0
2020-08-27 13:00:00,1100.0,0.0,44.4,44.64,50.7,38.96,39.23,0.47,35.63,36.39,0.0,Normal,0
2020-08-27 14:00:00,1100.0,0.0,44.66,45.16,51.18,39.42,39.9,0.47,36.65,37.88,0.0,Normal,0
2020-08-27 15:00:00,1100.0,0.0,45.12,45.73,52.03,39.91,40.85,0.47,37.67,39.28,0.0,Normal,0
2020-08-27 16:00:00,1100.0,0.0,45.52,46.32,52.87,40.32,41.61,0.47,38.25,39.7,0.0,Normal,0
2020-08-27 17:00:00,1100.0,0.0,45.99,46.77,53.25,40.69,41.97,0.47,38.4,39.56,0.0,Normal,0
2020-08-27 18:00:00,1100.0,0.0,46.25,47.0,53.56,40.89,42.0,0.47,38.17,39.03,0.0,Normal,0
2020-08-27 19:00:00,1100.0,0.0,46.44,47.0,53.3,40.83,41.89,0.47,37.63,38.16,0.0,Normal,0
2020-08-27 20:00:00,1100.0,0.0,46.5,46.95,53.02,40.58,41.46,0.47,36.93,37.16,0.0,Normal,0
2020-08-27 21:00:00,1100.0,0.0,46.42,46.66,52.76,40.19,41.04,0.47,36.24,36.14,0.0,Normal,0
2020-08-27 22:00:00,1100.0,0.0,46.28,46.27,52.32,39.7,40.56,0.47,35.49,35.13,0.0,Normal,0
2020-08-27 23:00:00,1100.0,0.0,46.04,45.8,51.98,39.16,39.99,0.47,34.72,33.83,0.0,Normal,0
2020-08-28 00:00:00,1100.0,0.0,45.68,45.22,51.45,38.52,39.39,0.47,33.88,32.66,0.0,Normal,0
2020-08-28 01:00:00,1100.0,0.0,45.28,44.6,51.02,37.87,38.77,0.47,33.09,31.79,0.0,Normal,0
2020-08-28 02:00:00,1100.0,0.0,44.81,44.06,50.54,37.29,38.09,0.47,32.33,31.18,0.0,Normal,0
2020-08-28 03:00:00,1100.0,0.0,44.35,43.49,50.15,36.74,37.55,0.47,31.62,30.31,0.0,Normal,0
2020-08-28 04:00:00,1100.0,0.0,43.84,42.89,49.67,36.21,36.79,0.47,30.73,29.42,0.0,Normal,0
2020-08-28 05:00:00,1100.0,0.0,43.24,42.26,49.22,35.87,36.01,0.47,29.93,28.71,0.0,Normal,0
2020-08-28 06:00:00,1100.0,0.0,42.72,41.73,48.73,35.5,35.32,0.47,29.08,27.93,0.0,Normal,0
2020-08-28 07:00:00,1100.0,0.0,42.1,41.02,48.22,35.12,34.48,0.47,28.11,27.27,0.0,Normal,0
2020-08-28 08:00:00,1100.0,0.0,41.53,40.48,47.78,34.83,33.96,0.47,27.61,27.32,0.0,Normal,0
2020-08-28 09:00:00,1100.0,0.0,41.2,40.26,47.48,34.5,34.04,0.47,27.84,27.82,0.0,Normal,0
2020-08-28 10:00:00,1100.0,0.0,41.1,40.39,47.13,34.42,34.1,0.47,28.1,28.21,0.0,Normal,0
2020-08-28 11:00:00,1100.0,0.0,41.09,40.4,46.89,34.31,34.1,0.47,28.23,28.44,0.0,Normal,0
2020-08-28 12:00:00,1100.0,0.0,40.92,40.45,46.8,34.49,34.32,0.48,28.63,29.33,0.0,Normal,0
2020-08-28 13:00:00,1100.0,0.0,41.09,40.7,46.8,34.51,34.6,0.47,29.3,30.31,0.0,Normal,0
2020-08-28 14:00:00,1100.0,0.0,41.1,40.88,46.9,34.83,34.94,0.47,30.04,31.12,0.0,Normal,0
2020-08-28 15:00:00,1100.0,0.0,41.17,41.07,47.08,35.08,35.29,0.47,30.7,31.73,0.0,Normal,0
2020-08-28 16:00:00,1100.0,0.0,41.3,41.35,47.39,35.33,35.76,0.47,31.36,32.4,0.0,Normal,0
2020-08-28 17:00:00,1100.0,0.0,41.59,41.68,47.77,35.66,36.16,0.47,31.69,32.7,0.0,Normal,0
2020-08-28 18:00:00,1100.0,0.0,41.75,41.8,47.9,35.82,36.3,0.47,31.66,32.29,0.0,Normal,0
2020-08-28 19:00:00,1100.0,0.0,41.8,41.8,47.81,35.72,36.13,0.47,31.11,31.28,0.0,Normal,0
2020-08-28 20:00:00,1100.0,0.0,41.8,41.71,47.36,35.44,35.66,0.47,30.37,30.15,0.0,Normal,0
2020-08-28 21:00:00,1100.0,0.0,41.6,41.31,46.87,35.02,35.11,0.47,29.7,29.31,0.0,Normal,0
2020-08-28 22:00:00,1100.0,0.0,41.25,40.87,46.45,34.33,34.71,0.47,29.0,28.44,0.0,Normal,0
2020-08-28 23:00:00,1100.0,0.0,40.94,40.25,45.92,33.72,34.09,0.47,28.3,26.97,0.0,Normal,0
2020-08-29 00:00:00,1100.0,0.0,40.5,39.66,45.28,33.06,33.39,0.47,27.48,25.82,0.0,Normal,0
2020-08-29 01:00:00,1100.0,0.0,39.98,39.05,44.49,32.43,32.57,0.47,26.49,24.58,0.0,Normal,0
2020-08-29 02:00:00,1100.0,0.0,39.43,38.42,43.75,31.78,31.8,0.47,25.71,23.9,0.0,Normal,0
2020-08-29 03:00:00,1100.0,0.0,38.9,37.82,43.33,31.22,31.43,0.47,25.47,23.78,0.0,Normal,0
2020-08-29 04:00:00,1100.0,0.0,38.44,37.34,43.08,30.7,31.09,0.47,25.11,23.8,0.0,Normal,0
2020-08-29 05:00:00,1100.0,0.0,37.94,36.82,42.9,30.28,30.81,0.47,24.61,23.8,0.0,Normal,0
2020-08-29 06:00:00,1100.0,0.0,37.54,36.42,42.78,29.9,30.63,0.47,24.39,24.1,0.0,Normal,0
2020-08-29 07:00:00,1100.0,0.0,37.17,36.12,42.65,29.63,30.43,0.47,24.3,24.09,0.0,Normal,0
2020-08-29 08:00:00,1100.0,0.0,36.86,35.9,42.5,29.42,30.3,0.47,24.23,24.18,0.0,Normal,0
2020-08-29 09:00:00,1100.0,0.0,36.65,35.84,42.26,29.4,30.27,0.47,24.3,24.27,0.0,Normal,0
2020-08-29 10:00:00,1100.0,0.0,36.54,35.7,42.09,29.4,30.1,0.47,24.3,24.36,0.0,Normal,0
2020-08-29 11:00:00,1100.0,0.0,36.3,35.7,42.0,29.42,30.1,0.47,24.49,24.66,0.0,Normal,0
2020-08-29 12:00:00,1100.0,0.0,36.3,35.87,42.0,29.6,30.27,0.47,24.87,25.49,0.0,Normal,0
2020-08-29 13:00:00,1100.0,0.0,36.31,36.04,42.0,29.78,30.45,0.47,25.42,26.4,0.0,Normal,0
2020-08-29 14:00:00,1100.0,0.0,36.6,36.21,42.17,30.18,30.73,0.47,26.13,27.22,0.0,Normal,0
2020-08-29 15:00:00,1100.0,0.0,36.66,36.52,42.52,30.51,31.16,0.47,26.84,27.99,0.0,Normal,0
2020-08-29 16:00:00,1100.0,0.0,36.85,36.87,42.89,30.82,31.61,0.47,27.37,28.47,0.0,Normal,0
2020-08-29 17:00:00,1100.0,0.0,37.03,37.16,43.24,31.15,31.83,0.47,27.52,28.32,0.0,Normal,0
2020-08-29 18:00:00,1100.0,0.0,37.3,37.3,43.25,31.2,31.8,0.47,27.15,27.59,0.0,Normal,0
2020-08-29 19:00:00,1100.0,0.0,37.3,37.3,42.95,31.1,31.51,0.47,26.55,26.72,0.0,Normal,0
2020-08-29 20:00:00,1100.0,0.0,37.25,37.0,42.63,30.8,31.19,0.47,26.15,26.03,0.0,Normal,0
2020-08-29 21:00:00,1100.0,0.0,37.0,36.72,42.39,30.47,30.81,0.47,25.7,25.36,0.0,Normal,0
2020-08-29 22:00:00,1100.0,0.0,36.81,36.31,42.11,30.01,30.53,0.47,25.21,24.83,0.0,Normal,0
2020-08-29 23:00:00,1100.0,0.0,36.5,35.9,41.91,29.5,30.19,0.47,24.74,24.11,0.0,Normal,0
2020-08-30 00:00:00,1100.0,0.0,36.18,35.44,41.5,29.05,29.75,0.47,24.22,23.33,0.0,Normal,0
2020-08-30 01:00:00,1100.0,0.0,35.85,35.02,41.01,28.6,29.32,0.48,23.69,22.53,0.0,Normal,0
2020-08-30 02:00:00,1100.0,0.0,35.49,34.61,40.79,28.23,28.8,0.47,23.26,22.36,0.0,Normal,0
2020-08-30 03:00:00,1100.0,0.0,35.09,34.19,40.55,28.1,28.26,0.47,22.57,21.76,0.0,Normal,0
2020-08-30 04:00:00,1100.0,0.0,34.62,33.67,40.25,27.9,27.64,0.47,21.95,21.33,0.0,Normal,0
2020-08-30 05:00:00,1100.0,0.0,34.2,33.22,39.89,27.69,27.13,0.47,21.28,20.71,0.0,Normal,0
2020-08-30 06:00:00,1100.0,0.0,33.72,32.67,39.49,27.45,26.56,0.47,20.63,20.3,0.0,Normal,0
2020-08-30 07:00:00,1100.0,0.0,33.31,32.35,39.19,27.22,26.29,0.47,20.5,20.3,0.0,Normal,0
2020-08-30 08:00:00,1100.0,0.0,33.0,32.13,38.88,26.92,26.14,0.47,20.53,20.53,0.0,Normal,0
2020-08-30 09:00:00,1100.0,0.0,32.9,32.14,38.8,26.9,26.35,0.47,20.91,21.28,0.0,Normal,0
2020-08-30 10:00:00,1100.0,0.0,32.9,32.33,38.8,26.9,26.61,0.47,21.48,22.3,0.0,Normal,0
2020-08-30 11:00:00,1100.0,0.0,33.01,32.57,38.8,27.11,26.96,0.47,22.13,22.85,0.0,Normal,0
2020-08-30 12:00:00,1100.0,0.0,33.22,32.85,39.04,27.38,27.47,0.47,22.92,24.37,0.0,Normal,0
2020-08-30 13:00:00,1100.0,0.0,33.44,33.32,39.38,27.72,28.05,0.47,23.88,25.36,0.0,Normal,0
2020-08-30 14:00:00,1100.0,0.0,33.71,33.76,39.71,28.25,28.59,0.47,24.9,26.3,0.0,Normal,0
2020-08-30 15:00:00,1100.0,0.0,34.03,34.25,40.2,28.7,29.26,0.47,25.96,27.18,0.0,Normal,0
2020-08-30 16:00:00,1100.0,0.0,34.38,34.79,40.81,29.22,29.93,0.47,26.8,27.85,0.0,Normal,0
2020-08-30 17:00:00,1100.0,0.0,34.79,35.27,41.38,29.62,30.56,0.47,27.46,28.54,0.0,Normal,0
2020-08-30 18:00:00,1100.0,0.0,35.13,35.79,41.91,30.0,31.04,0.47,27.8,28.7,0.0,Normal,0
2020-08-30 19:00:00,1100.0,0.0,35.45,36.06,42.12,30.27,31.28,0.47,27.8,28.59,0.0,Normal,0
2020-08-30 20:00:00,1100.0,0.0,35.74,36.27,42.2,30.3,31.4,0.47,27.65,28.26,0.0,Normal,0
2020-08-30 21:00:00,1100.0,0.0,35.9,36.3,42.2,30.3,31.2,0.47,27.35,27.75,0.0,Normal,0
2020-08-30 22:00:00,1100.0,0.0,36.02,36.3,42.2,30.3,31.17,0.47,27.13,27.51,0.0,Normal,0
2020-08-30 23:00:00,1100.0,0.0,36.1,36.3,42.2,30.25,30.9,0.47,26.84,27.22,0.0,Normal,0
2020-08-31 00:00:00,1100.0,0.0,36.1,36.22,42.12,30.1,30.77,0.47,26.54,26.65,0.0,Normal,0
2020-08-31 01:00:00,1100.0,0.0,36.1,36.02,42.0,30.03,30.45,0.47,25.96,26.0,0.0,Normal,0
2020-08-31 02:00:00,1100.0,0.0,35.9,35.69,41.83,29.75,29.99,0.47,25.23,25.2,0.0,Normal,0
2020-08-31 03:00:00,1100.0,0.0,35.71,35.29,41.61,29.59,29.61,0.47,24.74,24.97,0.0,Normal,0
2020-08-31 04:00:00,1100.0,0.0,35.58,35.2,41.38,29.4,29.6,0.47,24.7,24.75,0.0,Normal,0
2020-08-31 05:00:00,1100.0,0.0,35.4,35.2,41.3,29.34,29.6,0.47,24.67,24.47,0.0,Normal,0
2020-08-31 06:00:00,1100.0,0.0,35.4,35.0,41.11,29.2,29.56,0.47,24.5,24.3,0.0,Normal,0
2020-08-31 07:00:00,1100.0,0.0,35.4,35.0,41.09,28.96,29.4,0.47,24.41,24.2,0.0,Normal,0
2020-08-31 08:00:00,1100.0,0.0,35.22,35.0,40.9,28.9,29.4,0.47,24.49,24.52,0.0,Normal,0
2020-08-31 09:00:00,1100.0,0.0,35.2,35.0,40.9,28.9,29.47,0.47,24.79,25.29,0.0,Normal,0
2020-08-31 10:00:00,1100.0,0.0,35.36,35.15,41.06,29.15,29.7,0.47,25.42,26.68,0.0,Normal,0
2020-08-31 11:00:00,1100.0,0.0,35.57,35.61,41.27,29.55,30.13,0.47,26.35,28.43,0.0,Normal,0
2020-08-31 12:00:00,1100.0,0.0,35.91,36.15,41.7,30.1,30.66,0.47,27.43,30.37,0.0,Normal,0
2020-08-31 13:00:00,1100.0,0.0,36.23,36.8,42.13,30.68,31.28,0.47,28.48,31.95,0.0,Normal,0
2020-08-31 14:00:00,1100.0,0.0,36.69,37.39,42.65,31.3,31.89,0.47,29.34,32.98,0.0,Normal,0
2020-08-31 15:00:00,1100.0,0.0,37.03,37.81,43.08,31.85,32.47,0.47,29.99,33.56,0.0,Normal,0
2020-08-31 16:00:00,1100.0,0.0,37.4,38.28,43.58,32.35,32.93,0.47,30.55,33.95,0.0,Normal,0
2020-08-31 17:00:00,1100.0,0.0,37.69,38.62,44.05,32.75,33.42,0.47,31.11,34.52,0.0,Normal,0
2020-08-31 18:00:00,1100.0,0.0,38.05,39.04,44.44,33.19,33.93,0.47,31.58,34.7,0.0,Normal,0
2020-08-31 19:00:00,1100.0,0.0,38.42,39.41,44.83,33.5,34.27,0.47,31.8,34.71,0.0,Normal,0
2020-08-31 20:00:00,1100.0,0.0,38.67,39.64,45.14,33.6,34.47,0.47,31.73,33.97,0.0,Normal,0
2020-08-31 21:00:00,1100.0,0.0,38.83,39.7,45.33,33.6,34.5,0.47,31.52,33.22,0.0,Normal,0
2020-08-31 22:00:00,1100.0,0.0,39.1,39.7,45.4,33.6,34.42,0.47,31.12,32.47,0.0,Normal,0
2020-08-31 23:00:00,1100.0,0.0,39.1,39.7,45.4,33.46,34.29,0.47,30.68,31.75,0.0,Normal,0
2020-09-01 00:00:00,1100.0,0.0,39.1,39.58,45.36,33.31,34.1,0.47,30.34,31.14,0.0,Normal,0
2020-09-01 01:00:00,1100.0,0.0,39.1,39.44,45.2,33.08,33.92,0.47,29.79,30.46,0.0,Normal,0
2020-09-01 02:00:00,1100.0,0.0,39.1,39.27,45.17,32.82,33.56,0.47,29.42,29.83,0.0,Normal,0
2020-09-01 03:00:00,1100.0,0.0,38.99,39.0,45.0,32.63,33.2,0.47,28.75,28.89,0.0,Normal,0
2020-09-01 04:00:00,1100.0,0.0,38.72,38.57,44.72,32.42,32.67,0.47,28.02,28.27,0.0,Normal,0
2020-09-01 05:00:00,1100.0,0.0,38.5,38.22,44.51,32.2,32.28,0.47,27.39,27.66,0.0,Normal,0
2020-09-01 06:00:00,1100.0,0.0,38.26,37.75,44.25,31.9,31.75,0.47,26.67,26.87,0.0,Normal,0
2020-09-01 07:00:00,1100.0,0.0,37.85,37.4,43.98,31.64,31.35,0.47,26.19,26.48,0.0,Normal,0
2020-09-01 08:00:00,1100.0,0.0,37.61,37.03,43.69,31.41,30.98,0.47,25.84,26.33,0.0,Normal,0
2020-09-01 09:00:00,1100.0,0.0,37.5,37.0,43.58,31.24,31.19,0.47,26.15,26.65,0.0,Normal,0
2020-09-01 10:00:00,1100.0,0.0,37.5,37.01,43.4,31.25,31.29,0.47,26.43,27.05,0.0,Normal,0
2020-09-01 11:00:00,1100.0,0.0,37.5,37.3,43.42,31.43,31.49,0.47,26.89,27.54,0.0,Normal,0
2020-09-01 12:00:00,1100.0,0.0,37.63,37.51,43.6,31.66,31.87,0.47,27.72,28.65,0.0,Normal,0
2020-09-01 13:00:00,1100.0,0.0,37.76,37.82,43.89,32.04,32.41,0.47,28.71,29.82,0.0,Normal,0
2020-09-01 14:00:00,1100.0,0.0,38.02,38.32,44.32,32.52,33.01,0.47,29.72,30.84,0.0,Normal,0
2020-09-01 15:00:00,1100.0,0.0,38.34,38.79,44.82,33.08,33.65,0.47,30.53,31.63,0.0,Normal,0
2020-09-01 16:00:00,1100.0,0.0,38.67,39.28,45.32,33.53,34.19,0.47,31.06,32.09,0.0,Normal,0
2020-09-01 17:00:00,1100.0,0.0,39.0,39.62,45.65,33.91,34.49,0.47,31.2,32.09,0.0,Normal,0
2020-09-01 18:00:00,1100.0,0.0,39.27,39.92,45.9,34.1,34.79,0.47,30.94,31.65,0.0,Normal,0
2020-09-01 19:00:00,1100.0,0.0,39.45,40.0,45.9,33.97,34.51,0.47,30.46,30.96,0.0,Normal,0
2020-09-01 20:00:00,1100.0,0.0,39.5,39.85,45.56,33.72,34.21,0.47,29.71,29.89,0.0,Normal,0
2020-09-01 21:00:00,1100.0,0.0,39.5,39.59,45.27,33.33,33.8,0.47,29.11,29.07,0.0,Normal,0
2020-09-01 22:00:00,1100.0,0.0,39.33,39.3,45.05,32.9,33.43,0.47,28.62,28.35,0.0,Normal,0
2020-09-01 23:00:00,1100.0,0.0,39.19,38.96,44.62,32.56,33.02,0.47,28.09,27.66,0.0,Normal,0
2020-09-02 00:00:00,1100.0,0.0,38.95,38.57,44.37,32.19,32.63,0.47,27.59,26.9,0.0,Normal,0
2020-09-02 01:00:00,1100.0,0.0,38.68,38.27,43.94,31.73,32.28,0.47,27.16,26.09,0.0,Normal,0
2020-09-02 02:00:00,1100.0,0.0,38.46,37.84,43.56,31.4,31.89,0.47,26.62,25.36,0.0,Normal,0
2020-09-02 03:00:00,1100.0,0.0,38.17,37.54,43.06,30.98,31.44,0.47,26.11,24.57,0.0,Normal,0
2020-09-02 04:00:00,1100.0,0.0,37.81,37.14,42.78,30.56,31.11,0.47,25.72,24.29,0.0,Normal,0
2020-09-02 05:00:00,1100.0,0.0,37.53,36.77,42.62,30.3,30.71,0.47,25.35,23.98,0.0,Normal,0
2020-09-02 06:00:00,1100.0,0.0,37.17,36.37,42.43,30.11,30.32,0.47,24.69,23.29,0.0,Normal,0
2020-09-02 07:00:00,1100.0,0.0,36.71,35.82,42.11,29.83,29.64,0.47,23.83,22.75,0.0,Normal,0
2020-09-02 08:00:00,1100.0,0.0,36.18,35.27,41.84,29.6,29.22,0.47,23.4,22.88,0.0,Normal,0
2020-09-02 09:00:00,1100.0,0.0,35.93,35.2,41.64,29.45,29.2,0.47,23.63,23.37,0.0,Normal,0
2020-09-02 10:00:00,1100.0,0.0,35.9,35.2,41.6,29.4,29.32,0.47,23.92,23.95,0.0,Normal,0
2020-09-02 11:00:00,1100.0,0.0,35.9,35.22,41.6,29.52,29.49,0.47,24.36,24.92,0.0,Normal,0
2020-09-02 12:00:00,1100.0,0.0,35.9,35.49,41.68,29.7,29.88,0.47,25.2,26.43,0.0,Normal,0
2020-09-02 13:00:00,1100.0,0.0,36.0,35.84,41.93,30.09,30.4,0.47,26.02,27.55,0.0,Normal,0
2020-09-02 14:00:00,1100.0,0.0,36.16,36.18,42.29,30.44,30.86,0.47,26.83,28.35,0.0,Normal,0
2020-09-02 15:00:00,1100.0,0.0,36.4,36.61,42.64,30.83,31.4,0.47,27.69,29.03,0.0,Normal,0
2020-09-02 16:00:00,1100.0,0.0,36.71,37.06,43.1,31.3,31.99,0.47,28.52,29.77,0.0,Normal,0
2020-09-02 17:00:00,1100.0,0.0,37.0,37.53,43.58,31.68,32.51,0.47,29.13,30.28,0.0,Normal,0
2020-09-02 18:00:00,1100.0,0.0,37.39,37.91,44.12,32.02,33.03,0.47,29.61,30.98,0.0,Normal,0
2020-09-02 19:00:00,1100.0,0.0,37.65,38.32,44.59,32.35,33.43,0.47,29.76,31.02,0.0,Normal,0
2020-09-02 20:00:00,1100.0,0.0,37.9,38.57,44.7,32.5,33.41,0.47,29.38,30.14,0.0,Normal,0
2020-09-02 21:00:00,1100.0,0.0,38.13,38.55,44.51,32.34,33.25,0.47,28.96,29.54,0.0,Normal,0
2020-09-02 22:00:00,1100.0,0.0,38.2,38.4,44.41,32.18,32.99,0.47,28.62,28.96,0.0,Normal,0
2020-09-02 23:00:00,1100.0,0.0,38.2,38.26,44.3,31.96,32.66,0.47,28.22,28.39,0.0,Normal,0
2020-09-03 00:00:00,1100.0,0.0,37.98,37.97,44.12,31.8,32.35,0.47,27.61,27.7,0.0,Normal,0
2020-09-03 01:00:00,1100.0,0.0,37.9,37.75,43.89,31.6,32.15,0.47,27.32,27.32,0.0,Normal,0
2020-09-03 02:00:00,1100.0,0.0,37.77,37.61,43.69,31.46,31.94,0.47,26.89,26.66,0.0,Normal,0
2020-09-03 03:00:00,1100.0,0.0,37.66,37.39,43.5,31.28,31.67,0.47,26.55,26.27,0.0,Normal,0
2020-09-03 04:00:00,1100.0,0.0,37.5,37.1,43.25,31.05,31.45,0.47,26.25,25.8,0.0,Normal,0
2020-09-03 05:00:00,1100.0,0.0,37.33,36.87,43.0,30.79,31.29,0.47,25.89,25.34,0.0,Normal,0
2020-09-03 06:00:00,1100.0,0.0,37.14,36.67,42.8,30.56,31.04,0.48,25.52,24.98,0.0,Normal,0
2020-09-03 07:00:00,1100.0,0.0,36.92,36.37,42.59,30.35,30.79,0.47,25.25,24.62,0.0,Normal,0
2020-09-03 08:00:00,1100.0,0.0,36.77,36.14,42.35,30.15,30.65,0.47,25.2,24.89,0.0,Normal,0
2020-09-03 09:00:00,1100.0,0.0,36.6,36.1,42.2,30.1,30.53,0.48,25.4,25.79,0.0,Normal,0
2020-09-03 10:00:00,1100.0,0.0,36.6,36.21,42.21,30.2,30.73,0.47,26.08,27.32,0.0,Normal,0
2020-09-03 11:00:00,1100.0,0.0,36.76,36.64,42.54,30.56,31.07,0.47,27.01,29.13,0.0,Normal,0
2020-09-03 12:00:00,1100.0,0.0,37.06,37.24,42.85,31.12,31.61,0.47,28.29,31.19,0.0,Normal,0
2020-09-03 13:00:00,1100.0,0.0,37.48,37.92,43.36,31.77,32.3,0.47,29.41,32.88,0.0,Normal,0
2020-09-03 14:00:00,1100.0,0.0,37.94,38.67,43.95,32.47,32.93,0.47,30.51,34.23,0.0,Normal,0
2020-09-03 15:00:00,1100.0,0.0,38.44,39.34,44.51,33.16,33.61,0.47,31.4,35.13,0.0,Normal,0
2020-09-03 16:00:00,1100.0,0.0,38.91,39.97,45.07,33.79,34.24,0.47,32.2,35.79,0.0,Normal,0
2020-09-03 17:00:00,1100.0,0.0,39.38,40.57,45.57,34.3,34.82,0.47,32.8,36.08,0.0,Normal,0
2020-09-03 18:00:00,1100.0,0.0,39.83,41.05,46.06,34.77,35.25,0.47,33.24,35.93,0.0,Normal,0
2020-09-03 19:00:00,1100.0,0.0,40.22,41.42,46.39,35.06,35.6,0.47,33.39,35.43,0.0,Normal,0
2020-09-03 20:00:00,1100.0,0.0,40.52,41.6,46.69,35.2,35.76,0.47,33.12,34.47,0.0,Normal,0
2020-09-03 21:00:00,1100.0,0.0,40.74,41.79,46.81,35.2,35.9,0.47,32.75,33.44,0.0,Normal,0
2020-09-03 22:00:00,1100.0,0.0,40.9,41.6,46.99,35.2,35.72,0.47,32.34,32.44,0.0,Normal,0
2020-09-03 23:00:00,1100.0,0.0,40.9,41.48,46.89,35.01,35.63,0.47,31.74,31.39,0.0,Normal,0
2020-09-04 00:00:00,1100.0,0.0,40.9,41.19,46.8,34.81,35.33,0.47,31.04,30.45,0.0,Normal,0
2020-09-04 01:00:00,1100.0,0.0,40.7,40.89,46.54,34.42,35.08,0.47,30.31,29.54,0.0,Normal,0
2020-09-04 02:00:00,1100.0,0.0,40.52,40.48,46.31,34.12,34.7,0.48,29.57,28.73,0.0,Normal,0
2020-09-04 03:00:00,1100.0,0.0,40.28,40.08,46.04,33.72,34.32,0.47,28.93,28.0,0.0,Normal,0
2020-09-04 04:00:00,1100.0,0.0,40.05,39.6,45.72,33.32,33.98,0.48,28.34,27.43,0.0,Normal,0
2020-09-04 05:00:00,1100.0,0.0,39.67,39.23,45.4,32.94,33.49,0.48,27.82,26.99,0.0,Normal,0
2020-09-04 06:00:00,1100.0,0.0,39.38,38.75,45.12,32.64,32.93,0.47,27.36,26.6,0.0,Normal,0
2020-09-04 07:00:00,1100.0,0.0,38.98,38.32,44.77,32.41,32.43,0.48,26.88,26.4,0.0,Normal,0
2020-09-04 08:00:00,1100.0,0.0,38.62,37.93,44.45,32.2,32.11,0.48,26.7,26.57,0.0,Normal,0
2020-09-04 09:00:00,1100.0,0.0,38.4,37.85,44.3,32.1,32.12,0.47,27.04,27.42,0.0,Normal,0
2020-09-04 10:00:00,1100.0,0.0,38.4,38.03,44.3,32.17,32.42,0.47,27.77,28.81,0.0,Normal,0
2020-09-04 11:00:00,1100.0,0.0,38.59,38.46,44.42,32.46,32.86,0.47,28.58,30.38,0.0,Normal,0
2020-09-04 12:00:00,1100.0,0.0,38.77,38.8,44.68,32.86,33.37,0.47,29.56,31.6,0.0,Normal,0
2020-09-04 13:00:00,1100.0,0.0,39.04,39.28,45.19,33.43,34.02,0.47,30.7,32.45,0.0,Normal,0
2020-09-04 14:00:00,1100.0,0.0,39.38,39.88,70.41,34.17,34.82,0.47,31.93,33.56,0.0,Normal,0
2020-09-04 15:00:00,1100.0,0.0,39.83,40.62,118.31,35.0,35.8,0.47,32.98,34.65,0.0,Normal,0
2020-09-04 16:00:00,1100.0,0.0,40.35,41.27,117.78,35.56,36.69,0.47,33.89,35.38,0.0,Normal,0
2020-09-04 17:00:00,1100.0,0.0,40.88,41.87,117.9,36.03,37.44,0.47,34.52,36.05,0.0,Normal,0
2020-09-04 18:00:00,1100.0,0.0,41.35,42.44,118.35,36.46,38.08,0.47,35.06,36.72,0.0,Normal,0
2020-09-04 19:00:00,1100.0,0.0,41.82,42.84,118.5,36.79,38.39,0.47,34.87,36.07,0.0,Normal,0
2020-09-04 20:00:00,1100.0,0.0,42.06,42.9,118.38,36.8,38.14,0.47,34.32,35.26,0.0,Normal,0
2020-09-04 21:00:00,1100.0,0.0,42.2,42.9,118.27,36.67,37.79,0.47,33.73,34.42,0.0,Normal,0
2020-09-04 22:00:00,1100.0,0.0,42.2,42.81,118.1,36.43,37.48,0.47,33.27,33.73,0.0,Normal,0
2020-09-04 23:00:00,1100.0,0.0,42.2,42.62,117.08,36.21,37.06,0.47,32.75,33.02,0.0,Normal,0
2020-09-05 00:00:00,1100.0,0.0,42.2,42.41,116.27,36.03,36.75,0.47,32.37,32.32,0.0,Normal,0
2020-09-05 01:00:00,1100.0,0.0,42.05,42.05,116.15,35.78,36.21,0.47,31.58,31.48,0.0,Normal,0
2020-09-05 02:00:00,1100.0,0.0,41.8,41.61,116.21,35.47,35.63,0.47,30.71,30.58,0.0,Normal,0
2020-09-05 03:00:00,1100.0,0.0,41.5,41.18,115.75,35.16,35.23,0.47,30.15,29.98,0.0,Normal,0
2020-09-05 04:00:00,1100.0,0.0,41.21,40.84,115.37,34.9,34.99,0.47,29.66,29.05,0.0,Normal,0
2020-09-05 05:00:00,1100.0,0.0,40.98,40.51,114.95,34.44,34.72,0.47,29.13,28.29,0.0,Normal,0
2020-09-05 06:00:00,1100.0,0.0,40.72,40.11,114.67,34.08,34.38,0.47,28.61,27.65,0.0,Normal,0
2020-09-05 07:00:00,1100.0,0.0,40.33,39.68,114.27,33.67,34.08,0.47,28.2,27.16,0.0,Normal,0
2020-09-05 08:00:00,1100.0,0.0,40.07,39.38,113.63,33.32,33.75,0.47,27.81,27.21,0.0,Normal,0
2020-09-05 09:00:00,1100.0,0.0,39.75,39.17,112.89,33.2,33.6,0.47,27.94,27.86,0.0,Normal,0
2020-09-05 10:00:00,1100.0,0.0,39.7,39.2,112.25,33.2,33.6,0.47,28.36,28.99,0.0,Normal,0
2020-09-05 11:00:00,1100.0,0.0,39.7,39.45,111.7,33.37,33.89,0.47,29.16,30.82,0.0,Normal,0
2020-09-05 12:00:00,1100.0,0.0,40.03,39.97,111.33,33.83,34.33,0.47,30.2,32.81,0.0,Normal,0
2020-09-05 13:00:00,1100.0,0.0,40.27,40.46,111.3,34.33,34.93,0.47,31.03,34.13,0.0,Normal,0
2020-09-05 14:00:00,1100.0,0.0,40.55,40.91,111.5,34.92,35.51,0.47,31.97,34.56,0.0,Normal,0
2020-09-05 15:00:00,1100.0,0.0,40.87,41.4,111.85,35.48,36.24,0.47,33.03,35.41,0.0,Normal,0
2020-09-05 16:00:00,1100.0,0.0,41.21,41.98,112.47,36.09,37.03,0.47,33.99,35.86,0.0,Normal,0
2020-09-05 17:00:00,1100.0,0.0,41.68,42.54,112.98,36.63,37.67,0.47,34.63,36.58,0.0,Normal,0
2020-09-05 18:00:00,1100.0,0.0,42.06,43.03,113.68,37.06,38.38,0.47,35.22,37.32,0.0,Normal,0
2020-09-05 19:00:00,1100.0,0.0,42.53,43.53,114.16,37.45,38.79,0.47,35.5,37.19,0.0,Normal,0
2020-09-05 20:00:00,1100.0,0.0,42.82,43.79,114.07,37.58,38.8,0.47,35.06,36.31,0.0,Normal,0
2020-09-05 21:00:00,1100.0,0.0,42.93,43.76,113.8,37.5,38.55,0.47,34.48,35.3,0.0,Normal,0
2020-09-05 22:00:00,1100.0,0.0,43.1,43.58,113.41,37.25,38.24,0.47,33.95,34.22,0.0,Normal,0
2020-09-05 23:00:00,1100.0,0.0,42.98,43.36,113.05,36.9,37.77,0.47,33.28,33.06,0.0,Normal,0
2020-09-06 00:00:00,1100.0,0.0,42.9,43.01,112.62,36.66,37.39,0.47,32.72,32.52,0.0,Normal,0
2020-09-06 01:00:00,1100.0,0.0,42.81,42.83,112.39,36.38,37.07,0.47,32.48,32.36,0.0,Normal,0
2020-09-06 02:00:00,1100.0,0.0,42.7,42.7,112.18,36.28,36.89,0.47,32.23,32.07,0.0,Normal,0
2020-09-06 03:00:00,1100.0,0.0,42.62,42.49,111.92,36.08,36.7,0.47,31.63,30.94,0.0,Normal,0
2020-09-06 04:00:00,1100.0,0.0,42.36,42.07,111.68,35.81,36.27,0.47,30.89,30.08,0.0,Normal,0
2020-09-06 05:00:00,1100.0,0.0,42.06,41.69,111.38,35.45,35.84,0.47,30.36,29.51,0.0,Normal,0
2020-09-06 06:00:00,1100.0,0.0,41.76,41.22,111.04,35.08,35.43,0.47,29.84,28.91,0.0,Normal,0
2020-09-06 07:00:00,1100.0,0.0,41.44,40.88,110.8,34.72,35.04,0.48,29.29,28.5,0.0,Normal,0
2020-09-06 08:00:00,1100.0,0.0,41.1,40.49,110.39,34.35,34.73,0.47,29.01,28.12,0.0,Normal,0
2020-09-06 09:00:00,1100.0,0.0,40.86,40.22,110.1,34.12,34.5,0.47,28.87,28.44,0.0,Normal,0
2020-09-06 10:00:00,1100.0,0.0,40.7,40.2,109.84,34.1,34.5,0.47,29.06,29.09,0.0,Normal,0
2020-09-06 11:00:00,1100.0,0.0,40.7,40.23,109.7,34.15,34.54,0.47,29.43,29.6,0.0,Normal,0
2020-09-06 12:00:00,1100.0,0.0,40.7,40.4,109.68,34.33,34.85,0.47,30.01,30.57,0.0,Normal,0
2020-09-06 13:00:00,1100.0,0.0,40.83,40.73,109.7,34.59,35.12,0.47,30.6,31.46,0.0,Normal,0
2020-09-06 14:00:00,1100.0,0.0,40.94,40.99,109.84,34.95,35.6,0.47,31.4,32.45,0.0,Normal,0
2020-09-06 15:00:00,1100.0,0.0,41.15,41.37,110.0,35.31,36.15,0.47,32.18,33.33,0.0,Normal,0
2020-09-06 16:00:00,1100.0,0.0,41.43,41.8,110.14,35.76,36.73,0.47,32.73,33.89,0.0,Normal,0
2020-09-06 17:00:00,1100.0,0.0,41.73,42.11,110.4,36.03,37.15,0.47,33.14,34.1,0.0,Normal,0
2020-09-06 18:00:00,1100.0,0.0,41.96,42.45,110.65,36.25,37.43,0.47,33.19,33.97,0.0,Normal,0
2020-09-06 19:00:00,1100.0,0.0,42.14,42.5,110.25,36.3,37.31,0.47,32.82,33.4,0.0,Normal,0
2020-09-06 20:00:00,1100.0,0.0,42.2,42.5,109.67,36.2,37.04,0.47,32.39,32.67,0.0,Normal,0
2020-09-06 21:00:00,1100.0,0.0,42.2,42.33,109.18,36.0,36.67,0.47,31.87,32.0,0.0,Normal,0
2020-09-06 22:00:00,1100.0,0.0,42.05,42.02,108.85,35.65,36.28,0.47,31.47,31.53,0.0,Normal,0
2020-09-06 23:00:00,1100.0,0.0,41.94,41.8,108.56,35.4,36.01,0.47,31.21,31.16,0.0,Normal,0
2020-09-07 00:00:00,1100.0,0.0,41.8,41.62,108.26,35.21,35.84,0.47,30.81,30.57,0.0,Normal,0
2020-09-07 01:00:00,1100.0,0.0,41.63,41.28,108.02,35.09,35.43,0.47,30.44,30.32,0.0,Normal,0
2020-09-07 02:00:00,1100.0,0.0,41.36,41.0,107.71,34.91,35.03,0.47,29.9,29.82,0.0,Normal,0
2020-09-07 03:00:00,1100.0,0.0,41.07,40.71,107.36,34.68,34.62,0.47,29.47,29.49,0.0,Normal,0
2020-09-07 04:00:00,1100.0,0.0,40.85,40.32,107.03,34.28,34.37,0.47,29.17,29.05,0.0,Normal,0
2020-09-07 05:00:00,1100.0,0.0,40.6,40.1,106.64,33.97,34.13,0.47,28.78,28.65,0.0,Normal,0
2020-09-07 06:00:00,1100.0,0.0,40.29,39.74,106.32,33.74,33.7,0.47,28.36,28.26,0.0,Normal,0
2020-09-07 07:00:00,1100.0,0.0,40.04,39.44,105.97,33.52,33.36,0.48,28.03,28.03,0.0,Normal,0
2020-09-07 08:00:00,1100.0,0.0,39.74,39.3,105.69,33.32,33.2,0.48,27.8,28.06,0.0,Normal,0
2020-09-07 09:00:00,1100.0,0.0,39.62,39.12,105.42,33.2,33.2,0.47,27.9,28.2,0.0,Normal,0
2020-09-07 10:00:00,1100.0,0.0,39.5,39.26,105.18,33.2,33.36,0.47,28.21,28.64,0.0,Normal,0
2020-09-07 11:00:00,1100.0,0.0,39.56,39.34,105.1,33.29,33.53,0.47,28.67,29.2,0.0,Normal,0
2020-09-07 12:00:00,1100.0,0.0,39.7,39.57,105.23,33.54,34.0,0.47,29.5,30.43,0.0,Normal,0
2020-09-07 13:00:00,1100.0,0.0,39.93,39.92,105.37,34.0,34.45,0.47,30.3,31.31,0.0,Normal,0
2020-09-07 14:00:00,1100.0,0.0,40.14,40.32,105.82,34.38,35.07,0.47,31.17,32.45,0.0,Normal,0
2020-09-07 15:00:00,1100.0,0.0,40.47,40.87,106.55,34.87,35.87,0.47,32.1,33.71,0.0,Normal,0
2020-09-07 16:00:00,1100.0,0.0,40.87,41.37,107.22,35.3,36.61,0.47,32.8,34.52,0.0,Normal,0
2020-09-07 17:00:00,1100.0,0.0,41.21,41.87,107.78,35.79,37.23,0.47,33.38,34.97,0.0,Normal,0
2020-09-07 18:00:00,1100.0,0.0,41.66,42.28,108.23,36.07,37.6,0.47,33.6,34.89,0.0,Normal,0
2020-09-07 19:00:00,1100.0,0.0,41.91,42.5,108.21,36.29,37.58,0.47,33.29,34.12,0.0,Normal,0
2020-09-07 20:00:00,1100.0,0.0,42.0,42.5,107.72,36.2,37.28,0.47,32.73,33.19,0.0,Normal,0
2020-09-07 21:00:00,1100.0,0.0,42.0,42.39,107.22,36.0,36.88,0.47,32.25,32.45,0.0,Normal,0
2020-09-07 22:00:00,1100.0,0.0,42.0,42.1,106.83,35.73,36.53,0.47,31.73,31.93,0.0,Normal,0
2020-09-07 23:00:00,1100.0,0.0,41.9,41.85,106.59,35.33,36.14,0.47,31.27,31.42,0.0,Normal,0
2020-09-08 00:00:00,1100.0,0.0,41.76,41.59,106.22,35.09,35.82,0.47,30.82,30.7,0.0,Normal,0
2020-09-08 01:00:00,1100.0,0.0,41.54,41.22,105.88,34.9,35.35,0.48,30.3,29.96,0.0,Normal,0
2020-09-08 02:00:00,1100.0,0.0,41.22,40.89,105.46,34.63,34.91,0.48,29.73,29.36,0.0,Normal,0
2020-09-08 03:00:00,1100.0,0.0,40.95,40.46,105.03,34.35,34.32,0.48,29.09,28.68,0.0,Normal,0
2020-09-08 04:00:00,1100.0,0.0,40.56,40.03,104.59,34.06,33.8,0.48,28.46,28.11,0.0,Normal,0
2020-09-08 05:00:00,1100.0,0.0,40.17,39.59,104.2,33.72,33.29,0.48,27.91,27.61,0.0,Normal,0
2020-09-08 06:00:00,1100.0,0.0,39.78,39.2,103.78,33.34,32.77,0.47,27.29,27.0,0.0,Normal,0
2020-09-08 07:00:00,1100.0,0.0,39.39,38.72,103.32,33.03,32.33,0.48,26.68,26.5,0.0,Normal,0
2020-09-08 08:00:00,1100.0,0.0,38.98,38.32,102.97,32.72,31.93,0.48,26.31,26.42,0.0,Normal,0
2020-09-08 09:00:00,1100.0,0.0,38.74,38.2,102.77,32.55,32.03,0.48,26.58,27.07,0.0,Normal,0
2020-09-08 10:00:00,1100.0,0.0,38.66,38.32,102.5,32.54,32.3,0.48,27.09,27.73,0.0,Normal,0
2020-09-08 11:00:00,1100.0,0.0,38.8,38.51,102.5,32.72,32.62,0.48,27.76,28.39,0.0,Normal,0
2020-09-08 12:00:00,1100.0,0.0,38.97,38.81,102.73,33.04,33.13,0.47,28.68,29.75,0.0,Normal,0
2020-09-08 13:00:00,1100.0,0.0,39.2,39.23,103.04,33.43,33.72,0.47,29.61,30.75,0.0,Normal,0
2020-09-08 14:00:00,1100.0,0.0,39.43,39.65,103.52,33.9,34.37,0.47,30.46,31.86,0.0,Normal,0
2020-09-08 15:00:00,1100.0,0.0,39.75,40.16,104.15,34.31,35.04,0.47,31.23,32.77,0.0,Normal,0
2020-09-08 16:00:00,1100.0,0.0,40.12,40.65,104.82,34.75,35.69,0.47,31.93,33.57,0.0,Normal,0
2020-09-08 17:00:00,1100.0,0.0,40.51,41.09,105.45,35.1,36.26,0.47,32.43,34.04,0.0,Normal,0
2020-09-08 18:00:00,1100.0,0.0,40.86,41.5,106.02,35.37,36.68,0.47,32.65,33.86,0.0,Normal,0
2020-09-08 19:00:00,1100.0,0.0,41.1,41.75,106.0,35.4,36.63,0.47,32.28,32.94,0.0,Normal,0
2020-09-08 20:00:00,1100.0,0.0,41.29,41.7,105.74,35.39,36.23,0.47,31.73,32.17,0.0,Normal,0
2020-09-08 21:00:00,1100.0,0.0,41.3,41.55,105.27,35.14,35.96,0.47,31.16,31.51,0.0,Normal,0
2020-09-08 22:00:00,1100.0,0.0,41.18,41.23,105.1,34.89,35.6,0.47,30.77,31.02,0.0,Normal,0
2020-09-08 23:00:00,1100.0,0.0,41.1,41.0,104.92,34.6,35.2,0.47,30.4,30.54,0.0,Normal,0
2020-09-09 00:00:00,1100.0,0.0,40.88,40.68,104.68,34.34,34.72,0.47,29.8,29.9,0.0,Normal,0
2020-09-09 01:00:00,1100.0,0.0,40.57,40.19,104.53,34.08,34.09,0.47,28.97,29.01,0.0,Normal,0
2020-09-09 02:00:00,1100.0,0.0,40.14,39.6,104.01,33.76,33.41,0.48,28.21,28.33,0.0,Normal,0
2020-09-09 03:00:00,1100.0,0.0,39.72,39.18,103.4,33.44,32.93,0.48,27.62,27.69,0.0,Normal,0
2020-09-09 04:00:00,1100.0,0.0,39.38,38.72,103.07,33.16,32.5,0.48,27.09,27.13,0.0,Normal,0
2020-09-09 05:00:00,1100.0,0.0,38.97,38.32,102.83,32.83,32.13,0.47,26.61,26.62,0.0,Normal,0
2020-09-09 06:00:00,1100.0,0.0,38.63,37.93,102.67,32.59,31.71,0.47,26.31,26.18,0.0,Normal,0
2020-09-09 07:00:00,1100.0,0.0,38.26,37.49,102.51,32.25,31.2,0.48,25.59,25.49,0.0,Normal,0
2020-09-09 08:00:00,1100.0,0.0,37.8,37.06,102.34,31.9,30.82,0.47,25.4,25.53,0.0,Normal,0
2020-09-09 09:00:00,1100.0,0.0,37.66,37.0,101.72,31.67,30.95,0.47,25.8,26.37,0.0,Normal,0
2020-09-09 10:00:00,1100.0,0.0,37.69,37.17,100.93,31.65,31.3,0.47,26.38,27.36,0.0,Normal,0
2020-09-09 11:00:00,1100.0,0.0,37.72,37.48,100.39,31.8,31.65,0.47,26.93,28.17,0.0,Normal,0
2020-09-09 12:00:00,1100.0,0.0,37.9,37.77,100.3,32.11,32.19,0.47,27.72,29.33,0.0,Normal,0
2020-09-09 13:00:00,1100.0,0.0,38.19,38.16,100.41,32.4,32.66,0.47,28.51,30.02,0.0,Normal,0
2020-09-09 14:00:00,1100.0,0.0,38.43,38.54,100.64,32.74,33.27,0.47,29.34,30.81,0.0,Normal,0
2020-09-09 15:00:00,1100.0,0.0,38.68,38.99,100.86,33.19,33.83,0.47,30.1,31.38,0.0,Normal,0
2020-09-09 16:00:00,1100.0,0.0,38.99,39.41,101.26,33.61,34.25,0.47,30.69,31.72,0.0,Normal,0
2020-09-09 17:00:00,1100.0,0.0,39.31,39.8,101.55,34.0,34.71,0.47,31.18,32.22,0.0,Normal,0
2020-09-09 18:00:00,1100.0,0.0,39.59,40.14,102.07,34.21,35.14,0.47,31.4,32.45,0.0,Normal,0
2020-09-09 19:00:00,1100.0,0.0,39.88,40.39,102.3,34.3,35.22,0.47,31.24,31.84,0.0,Normal,0
2020-09-09 20:00:00,1100.0,0.0,40.0,40.4,102.27,34.29,35.11,0.47,30.78,31.17,0.0,Normal,0
2020-09-09 21:00:00,1100.0,0.0,40.0,40.3,102.1,34.07,34.89,0.47,30.35,30.51,0.0,Normal,0
2020-09-09 22:00:00,1100.0,0.0,40.0,40.11,101.96,33.79,34.51,0.47,29.89,29.81,0.0,Normal,0
2020-09-09 23:00:00,1100.0,0.0,39.94,39.81,101.86,33.51,34.13,0.47,29.38,29.33,0.0,Normal,0
2020-09-10 00:00:00,1100.0,0.0,39.7,39.51,101.6,33.28,33.76,0.47,28.92,28.63,0.0,Normal,0
2020-09-10 01:00:00,1100.0,0.0,39.47,39.2,101.6,33.02,33.2,0.47,28.29,27.92,0.0,Normal,0
2020-09-10 02:00:00,1100.0,0.0,39.18,38.66,101.72,32.75,32.57,0.47,27.48,27.12,0.0,Normal,0
2020-09-10 03:00:00,1100.0,0.0,38.68,38.13,102.08,32.43,31.93,0.47,26.65,26.37,0.0,Normal,0
2020-09-10 04:00:00,1100.0,0.0,38.3,37.63,102.04,32.17,31.44,0.47,26.15,25.93,0.0,Normal,0
2020-09-10 05:00:00,1100.0,0.0,37.93,37.32,101.76,31.77,31.2,0.48,25.78,25.52,0.0,Normal,0
2020-09-10 06:00:00,1100.0,0.0,37.7,37.02,101.57,31.48,31.11,0.47,25.52,25.12,0.0,Normal,0
2020-09-10 07:00:00,1100.0,0.0,37.46,36.74,101.44,31.23,30.8,0.47,25.28,24.79,0.0,Normal,0
2020-09-10 08:00:00,1100.0,0.0,37.19,36.43,100.98,30.9,30.53,0.47,25.2,24.88,0.0,Normal,0
2020-09-10 09:00:00,1100.0,0.0,37.0,36.35,100.41,30.73,30.7,0.48,25.46,25.63,0.0,Normal,0
2020-09-10 10:00:00,1100.0,0.0,37.0,36.6,99.85,30.79,30.84,0.47,25.89,26.63,0.0,Normal,0
2020-09-10 11:00:00,1100.0,0.0,37.12,36.82,99.58,30.96,31.21,0.47,26.47,27.15,0.0,Normal,0
2020-09-10 12:00:00,1100.0,0.0,37.3,37.08,99.59,31.27,31.61,0.47,27.09,28.35,0.0,Normal,0
2020-09-10 13:00:00,1100.0,0.0,37.49,37.42,99.74,31.53,32.11,0.47,27.84,29.13,0.0,Normal,0
2020-09-10 14:00:00,1100.0,0.0,37.68,37.77,99.9,31.93,32.56,0.47,28.59,29.94,0.0,Normal,0
2020-09-10 15:00:00,1100.0,0.0,37.93,38.22,100.37,32.35,33.08,0.47,29.32,30.58,0.0,Normal,0
2020-09-10 16:00:00,1100.0,0.0,38.28,38.61,100.75,32.74,33.59,0.47,30.03,31.12,0.0,Normal,0
2020-09-10 17:00:00,1100.0,0.0,38.53,39.06,101.18,33.12,34.1,0.47,30.56,31.51,0.0,Normal,0
2020-09-10 18:00:00,1100.0,0.0,38.85,39.41,101.57,33.43,34.48,0.47,30.87,31.77,0.0,Normal,0
2020-09-10 19:00:00,1100.0,0.0,39.17,39.66,102.03,33.6,34.8,0.47,30.77,31.41,0.0,Normal,0
2020-09-10 20:00:00,1100.0,0.0,39.3,39.7,101.9,33.6,34.52,0.47,30.35,30.66,0.0,Normal,0
2020-09-10 21:00:00,1100.0,0.0,39.47,39.69,101.61,33.45,34.29,0.47,29.86,30.25,0.0,Normal,0
2020-09-10 22:00:00,1100.0,0.0,39.42,39.5,101.41,33.24,34.04,0.47,29.37,29.68,0.0,Normal,0
2020-09-10 23:00:00,1100.0,0.0,39.3,39.31,101.21,32.9,33.74,0.47,29.06,29.24,0.0,Normal,0
2020-09-11 00:00:00,1100.0,0.0,39.25,39.11,101.04,32.7,33.41,0.47,28.65,28.51,0.0,Normal,0
2020-09-11 01:00:00,1100.0,0.0,39.08,38.74,100.97,32.54,33.03,0.47,28.12,27.77,0.0,Normal,0
2020-09-11 02:00:00,1100.0,0.0,38.73,38.37,100.71,32.35,32.45,0.47,27.43,27.11,0.0,Normal,0
2020-09-11 03:00:00,1100.0,0.0,38.42,37.86,100.43,32.11,31.86,0.48,26.75,26.62,0.0,Normal,0
2020-09-11 04:00:00,1100.0,0.0,38.05,37.48,100.11,31.75,31.39,0.48,26.22,26.15,0.0,Normal,0
2020-09-11 05:00:00,1100.0,0.0,37.7,37.1,99.79,31.52,30.97,0.47,25.66,25.64,0.0,Normal,0
2020-09-11 06:00:00,1100.0,0.0,37.4,36.72,99.53,31.29,30.56,0.48,25.2,25.15,0.0,Normal,0
2020-09-11 07:00:00,1100.0,0.0,36.95,36.25,99.21,30.93,30.13,0.47,24.63,24.57,0.0,Normal,0
2020-09-11 08:00:00,1100.0,0.0,36.67,35.96,98.87,30.66,29.8,0.48,24.52,24.76,0.0,Normal,0
2020-09-11 09:00:00,1100.0,0.0,36.6,35.99,98.7,30.5,30.06,0.47,24.9,25.67,0.0,Normal,0
2020-09-11 10:00:00,1100.0,0.0,36.6,36.16,98.65,30.57,30.36,0.47,25.44,26.63,0.0,Normal,0
2020-09-11 11:00:00,1100.0,0.0,36.71,36.45,98.69,30.76,30.73,0.47,26.15,27.26,0.0,Normal,0
2020-09-11 12:00:00,1100.0,0.0,36.86,36.76,74.79,31.05,31.28,0.47,26.89,28.15,0.0,Normal,0
2020-09-11 13:00:00,1100.0,0.0,37.09,37.13,71.74,31.41,31.76,0.47,27.73,29.06,0.0,Normal,0
2020-09-11 14:00:00,1100.0,0.0,37.39,37.56,72.65,31.8,32.35,0.47,28.58,29.92,0.0,Normal,0
2020-09-11 15:00:00,1100.0,0.0,37.64,38.0,73.58,32.28,32.87,0.47,29.38,30.49,0.0,Normal,0
2020-09-11 16:00:00,1100.0,0.0,37.97,38.45,73.45,32.63,33.39,0.47,30.05,30.92,0.0,Normal,0
2020-09-11 17:00:00,1100.0,0.0,38.31,38.84,73.53,33.01,33.88,0.47,30.57,31.41,0.0,Normal,0
2020-09-11 18:00:00,1100.0,0.0,38.6,39.23,74.03,33.3,34.3,0.47,30.88,31.64,0.0,Normal,0
2020-09-11 19:00:00,1100.0,0.0,38.91,39.48,74.4,33.4,34.5,0.47,30.77,31.42,0.0,Normal,0
2020-09-11 20:00:00,1100.0,0.0,39.1,39.5,74.24,33.4,34.42,0.47,30.34,30.79,0.0,Normal,0
2020-09-11 21:00:00,1100.0,0.0,39.26,39.5,73.92,33.31,34.2,0.47,29.74,30.18,0.0,Normal,0
2020-09-11 22:00:00,1100.0,0.0,39.27,39.37,73.61,33.01,33.95,0.47,29.29,29.55,0.0,Normal,0
2020-09-11 23:00:00,1100.0,0.0,39.1,39.16,73.42,32.68,33.53,0.47,28.83,28.72,0.0,Normal,0
2020-09-12 00:00:00,1100.0,0.0,39.04,38.82,73.21,32.45,33.27,0.47,28.55,28.08,0.0,Normal,0
2020-09-12 01:00:00,1100.0,0.0,38.8,38.61,72.84,32.29,32.91,0.47,28.18,27.58,0.0,Normal,0
2020-09-12 02:00:00,1100.0,0.0,38.64,38.34,72.66,32.1,32.55,0.48,27.7,27.28,0.0,Normal,0
2020-09-12 03:00:00,1100.0,0.0,38.44,38.06,72.48,31.76,32.29,0.47,27.32,26.75,0.0,Normal,0
2020-09-12 04:00:00,1100.0,0.0,38.26,37.77,72.16,31.48,32.0,0.48,26.94,26.14,0.0,Normal,0
2020-09-12 05:00:00,1100.0,0.0,37.92,37.43,71.79,31.2,31.56,0.47,26.41,25.61,0.0,Normal,0
2020-09-12 06:00:00,1100.0,0.0,37.59,36.99,71.52,30.9,30.96,0.48,25.68,25.14,0.0,Normal,0
2020-09-12 07:00:00,1100.0,0.0,37.15,36.48,71.15,30.74,30.42,0.48,25.08,24.7,0.0,Normal,0
2020-09-12 08:00:00,1100.0,0.0,36.83,36.15,70.87,30.48,30.17,0.48,24.92,24.77,0.0,Normal,0
2020-09-12 09:00:00,1100.0,0.0,36.62,36.0,70.64,30.23,30.1,0.48,24.7,24.88,0.0,Normal,0
2020-09-12 10:00:00,1100.0,0.0,36.6,35.91,70.59,30.1,30.24,0.48,24.94,25.17,0.0,Normal,0
2020-09-12 11:00:00,1100.0,0.0,36.6,36.1,70.34,30.1,30.36,0.47,25.3,25.66,0.0,Normal,0
2020-09-12 12:00:00,1100.0,0.0,36.6,36.2,70.36,30.28,30.64,0.47,25.91,26.64,0.0,Normal,0
2020-09-12 13:00:00,1100.0,0.0,36.69,36.5,70.6,30.57,31.05,0.47,26.65,27.65,0.0,Normal,0
2020-09-12 14:00:00,1100.0,0.0,36.85,36.85,70.41,30.95,31.49,0.47,27.4,28.41,0.0,Normal,0
2020-09-12 15:00:00,1100.0,0.0,37.07,37.21,70.22,31.36,31.94,0.47,28.04,29.02,0.0,Normal,0
2020-09-12 16:00:00,1100.0,0.0,37.36,37.58,70.66,31.68,32.38,0.47,28.55,29.47,0.0,Normal,0
2020-09-12 17:00:00,1100.0,0.0,37.57,37.83,70.91,31.99,32.65,0.47,28.95,29.74,0.0,Normal,0
2020-09-12 18:00:00,1100.0,0.0,37.77,38.17,71.18,32.24,32.98,0.47,29.31,30.05,0.0,Normal,0
2020-09-12 19:00:00,1100.0,0.0,37.97,38.4,71.43,32.35,33.2,0.48,29.33,29.92,0.0,Normal,0
2020-09-12 20:00:00,1100.0,0.0,38.2,38.4,71.45,32.37,33.19,0.48,28.87,29.31,0.0,Normal,0
2020-09-12 21:00:00,1100.0,0.0,38.2,38.4,71.31,32.22,32.88,0.47,28.4,28.69,0.0,Normal,0
2020-09-13 19:00:00,1100.0,0.0,37.89,38.4,75.8,32.3,33.32,0.48,29.52,30.19,0.0,Normal,0
2020-09-13 20:00:00,1100.0,0.0,38.1,38.4,75.9,32.3,33.25,0.48,29.28,29.73,0.0,Normal,0
2020-09-13 21:00:00,1100.0,0.0,38.2,38.4,75.83,32.3,33.19,0.48,28.9,29.41,0.0,Normal,0
2020-09-13 22:00:00,1100.0,0.0,38.2,38.4,75.8,32.23,32.9,0.48,28.69,29.08,0.0,Normal,0
2020-09-13 23:00:00,1100.0,0.0,38.2,38.4,75.8,32.1,32.78,0.48,28.48,28.71,0.0,Normal,0
2020-09-14 00:00:00,1100.0,0.0,38.2,38.23,75.61,32.1,32.66,0.48,28.28,28.42,0.0,Normal,0
2020-09-14 01:00:00,1100.0,0.0,38.2,38.2,75.6,31.86,32.5,0.48,28.05,28.06,0.0,Normal,0
2020-09-14 02:00:00,1100.0,0.0,38.19,37.98,75.4,31.75,32.37,0.48,27.66,27.43,0.0,Normal,0
2020-09-14 03:00:00,1100.0,0.0,37.9,37.76,75.16,31.49,32.15,0.48,27.22,26.91,0.0,Normal,0
2020-09-14 04:00:00,1100.0,0.0,37.76,37.46,74.94,31.11,31.74,0.48,26.79,26.39,0.0,Normal,0
2020-09-14 05:00:00,1100.0,0.0,37.56,37.16,74.74,30.76,31.49,0.48,26.5,25.93,0.0,Normal,0
2020-09-14 06:00:00,1100.0,0.0,37.37,36.88,74.38,30.53,31.26,0.48,26.14,25.32,0.0,Normal,0
2020-09-14 07:00:00,1100.0,0.0,37.1,36.66,74.1,30.28,30.87,0.48,25.67,24.91,0.0,Normal,0
2020-09-14 11:00:00,1100.0,0.0,36.6,36.1,73.5,29.95,30.5,0.48,25.58,25.86,0.0,Normal,0
2020-09-14 12:00:00,1100.0,0.0,36.6,36.26,73.65,30.16,30.68,0.48,26.02,26.73,0.0,Normal,0
2020-09-14 13:00:00,1100.0,0.0,36.6,36.48,73.93,30.39,31.02,0.48,26.59,27.59,0.0,Normal,0
2020-09-14 14:00:00,1100.0,0.0,36.78,36.75,74.26,30.67,31.35,0.48,27.09,28.03,0.0,Normal,0
2020-09-14 15:00:00,1100.0,0.0,36.85,36.94,74.44,30.9,31.58,0.48,27.35,28.25,0.0,Normal,0
2020-09-14 16:00:00,1100.0,0.0,37.0,37.18,74.7,31.19,31.77,0.48,27.67,28.53,0.0,Normal,0
2020-09-14 17:00:00,1100.0,0.0,37.23,37.4,74.9,31.37,32.06,0.48,28.04,28.7,0.0,Normal,0
2020-09-14 18:00:00,1100.0,0.0,37.36,37.56,75.11,31.51,32.28,0.48,28.26,28.9,0.0,Normal,0
2020-09-14 19:00:00,1100.0,0.0,37.5,37.7,75.3,31.6,32.43,0.48,28.27,28.79,0.0,Normal,0
2020-09-14 20:00:00,1100.0,0.0,37.52,37.7,75.29,31.6,32.31,0.48,27.85,28.31,0.0,Normal,0
2020-09-14 21:00:00,1100.0,0.0,37.54,37.66,75.08,31.39,32.15,0.48,27.27,27.65,0.0,Normal,0
2020-09-14 22:00:00,1100.0,0.0,37.5,37.46,74.87,31.04,31.79,0.48,26.77,27.1,0.0,Normal,0
2020-09-14 23:00:00,1100.0,0.0,37.39,37.15,74.63,30.67,31.51,0.48,26.46,26.44,0.0,Normal,0
2020-09-15 00:00:00,1100.0,0.0,37.12,36.75,74.26,30.36,31.1,0.48,25.94,25.47,0.0,Normal,0
2020-09-15 01:00:00,1100.0,0.0,36.86,36.34,73.84,29.96,30.65,0.48,25.49,24.95,0.0,Normal,0
2020-09-15 02:00:00,1100.0,0.0,36.5,35.96,73.56,29.54,30.32,0.48,25.15,24.35,0.0,Normal,0
2020-09-15 03:00:00,1100.0,0.0,36.19,35.63,73.28,29.24,29.98,0.48,24.8,24.02,0.0,Normal,0
2020-09-15 04:00:00,1100.0,0.0,35.94,35.31,73.03,28.84,29.68,0.48,24.42,23.5,0.0,Normal,0
2020-09-15 05:00:00,1100.0,0.0,35.67,35.08,72.72,28.61,29.45,0.48,24.14,23.2,0.0,Normal,0
2020-09-15 06:00:00,1100.0,0.0,35.35,34.83,72.44,28.38,29.17,0.48,23.75,23.0,0.0,Normal,0
2020-09-15 07:00:00,1100.0,0.0,35.11,34.45,72.21,28.16,28.84,0.48,23.51,22.7,0.0,Normal,0
2020-09-15 08:00:00,1100.0,0.0,34.88,34.23,71.9,27.88,28.63,0.48,23.29,22.7,0.0,Normal,0
2020-09-15 09:00:00,1100.0,0.0,34.6,34.03,71.71,27.67,28.44,0.48,23.13,22.7,0.0,Normal,0
2020-09-15 10:00:00,1100.0,0.0,34.39,33.9,71.61,27.6,28.3,0.48,23.0,22.96,0.0,Normal,0
2020-09-15 11:00:00,1100.0,0.0,34.3,33.9,71.5,27.6,28.3,0.47,23.0,23.0,0.0,Normal,0
2020-09-15 12:00:00,1100.0,0.0,34.3,33.9,71.5,27.6,28.3,0.47,23.0,23.0,0.0,Normal,0
2020-09-15 13:00:00,1100.0,0.0,34.33,33.95,71.55,27.69,28.42,0.48,23.49,23.56,0.0,Normal,0
2020-09-15 14:00:00,1100.0,0.0,34.61,34.55,72.22,28.61,29.37,0.48,27.4,27.73,0.0,Normal,0
2020-09-15 15:00:00,1100.0,0.0,34.8,34.94,72.54,29.08,29.75,0.47,28.41,28.2,0.0,Normal,0
2020-09-15 16:00:00,1100.0,0.0,34.8,35.0,72.6,29.2,29.8,0.47,28.5,28.3,0.0,Normal,0
2020-09-16 11:00:00,1100.0,0.0,35.0,34.8,72.68,28.9,29.4,0.48,25.28,26.35,0.0,Normal,0
2020-09-16 12:00:00,1100.0,0.0,35.07,35.05,73.03,29.19,29.78,0.48,26.03,26.87,0.0,Normal,0
2020-09-16 13:00:00,1100.0,0.0,35.29,35.47,73.51,29.7,30.35,0.48,26.9,27.76,0.0,Normal,0
2020-09-16 14:00:00,1100.0,0.0,35.59,35.96,74.63,30.29,30.95,0.48,27.89,28.53,0.0,Normal,0
2020-09-16 15:00:00,1100.0,0.0,35.94,36.46,75.41,30.7,31.51,0.48,28.41,28.9,0.0,Normal,0
2020-09-16 16:00:00,1100.0,0.0,36.2,36.88,75.78,31.07,31.93,0.48,28.81,29.31,0.0,Normal,0
2020-09-16 17:00:00,1100.0,0.0,36.56,37.27,76.2,31.4,32.36,0.48,29.31,29.89,0.0,Normal,0
2020-09-16 18:00:00,1100.0,0.0,36.9,37.61,76.78,31.6,32.75,0.48,29.33,29.95,0.0,Normal,0
2020-09-16 19:00:00,1100.0,0.0,37.21,37.71,76.85,31.74,32.71,0.48,28.81,29.38,0.0,Normal,0
2020-09-16 20:00:00,1100.0,0.0,37.33,37.72,76.7,31.6,32.6,0.48,28.59,29.04,0.0,Normal,0
2020-09-16 21:00:00,1100.0,0.0,37.5,37.7,76.58,31.6,32.5,0.48,28.41,28.73,0.0,Normal,0
2020-09-16 22:00:00,1100.0,0.0,37.5,37.7,76.5,31.6,32.38,0.48,28.3,28.56,0.0,Normal,0
2020-09-16 23:00:00,1100.0,0.0,37.5,37.8,76.5,31.6,32.3,0.48,28.3,28.5,0.0,Normal,0
2020-09-17 00:00:00,1100.0,0.0,37.69,37.9,76.5,31.6,32.3,0.48,28.3,28.5,0.0,Normal,0
2020-09-17 01:00:00,1100.0,0.0,37.7,37.9,76.5,31.64,32.39,0.48,28.3,28.51,0.0,Normal,0
2020-09-17 02:00:00,1100.0,0.0,37.7,37.9,76.5,31.8,32.5,0.48,28.3,28.68,0.0,Normal,0
2020-09-17 03:00:00,1100.0,0.0,37.87,38.19,76.5,31.8,32.5,0.48,28.31,28.7,0.0,Normal,0
2020-09-17 04:00:00,1100.0,0.0,37.9,38.2,76.5,31.8,32.5,0.48,28.3,28.63,0.0,Normal,0
2020-09-17 05:00:00,1100.0,0.0,37.9,38.2,76.5,31.8,32.5,0.48,28.3,28.51,0.0,Normal,0
2020-09-17 06:00:00,1100.0,0.0,37.9,38.2,76.5,31.8,32.5,0.48,28.3,28.62,0.0,Normal,0
2020-09-17 07:00:00,1100.0,0.0,38.17,38.2,76.5,31.8,32.63,0.48,28.3,28.7,0.0,Normal,0
2020-09-17 08:00:00,1100.0,0.0,38.2,38.21,76.61,31.8,32.7,0.48,28.3,28.7,0.0,Normal,0
2020-09-17 09:00:00,1100.0,0.0,38.2,38.32,76.7,31.81,32.7,0.48,28.4,29.03,0.0,Normal,0
2020-09-17 10:00:00,1100.0,0.0,38.2,38.4,76.7,32.09,32.7,0.48,28.5,29.2,0.0,Normal,0
2020-09-17 11:00:00,1100.0,0.0,38.2,38.4,76.7,32.1,32.7,0.48,28.5,29.2,0.0,Normal,0
2020-09-17 12:00:00,1100.0,0.0,38.22,38.4,76.89,32.1,32.7,0.48,28.5,29.37,0.0,Normal,0
2020-09-17 13:00:00,1100.0,0.0,38.4,38.4,76.9,32.24,32.82,0.48,28.56,29.48,0.0,Normal,0
2020-09-17 14:00:00,1100.0,0.0,38.4,38.5,76.95,32.3,32.92,0.49,28.95,29.81,0.0,Normal,0
2020-09-17 15:00:00,1100.0,0.0,38.4,38.6,77.17,32.46,33.22,0.48,29.31,30.24,0.0,Normal,0
2020-09-17 16:00:00,1100.0,0.0,38.58,38.8,77.45,32.61,33.4,0.49,29.4,30.33,0.0,Normal,0
2020-09-17 17:00:00,1100.0,0.0,38.6,38.8,77.53,32.7,33.4,0.48,29.02,29.66,0.0,Normal,0
2020-09-17 18:00:00,1100.0,0.0,38.6,38.8,77.31,32.57,33.2,0.48,28.6,28.97,0.0,Normal,0
2020-09-17 19:00:00,1100.0,0.0,38.6,38.67,77.0,32.44,32.83,0.48,28.05,28.13,0.0,Normal,0
2020-09-17 20:00:00,1100.0,0.0,38.52,38.44,76.62,32.17,32.44,0.48,27.54,27.3,0.0,Normal,0
2020-09-17 21:00:00,1100.0,0.0,38.32,38.06,76.45,31.84,32.04,0.48,27.06,26.67,0.0,Normal,0
2020-09-17 22:00:00,1100.0,0.0,38.0,37.62,76.13,31.57,31.64,0.48,26.42,25.77,0.0,Normal,0
2020-09-17 23:00:00,1100.0,0.0,37.69,37.27,75.92,31.3,31.4,0.48,26.18,25.37,0.0,Normal,0
2020-09-18 00:00:00,1100.0,0.0,37.49,36.97,75.67,30.96,31.24,0.48,25.78,25.1,0.0,Normal,0
2020-09-18 01:00:00,1100.0,0.0,37.22,36.7,75.39,30.7,30.86,0.48,25.29,24.45,0.0,Normal,0
2020-09-18 02:00:00,1100.0,0.0,36.88,36.21,75.04,30.4,30.55,0.48,24.76,23.64,0.0,Normal,0
2020-09-18 03:00:00,1100.0,0.0,36.62,35.95,74.64,30.03,30.24,0.48,24.44,23.4,0.0,Normal,0
2020-09-18 04:00:00,1100.0,0.0,36.22,35.57,74.31,29.74,29.67,0.48,23.98,23.33,0.0,Normal,0
2020-09-18 05:00:00,1100.0,0.0,35.86,35.12,73.99,29.53,29.16,0.48,23.5,23.03,0.0,Normal,0
2020-09-18 06:00:00,1100.0,0.0,35.4,34.74,73.6,29.34,28.74,0.48,23.4,23.19,0.0,Normal,0
2020-09-18 07:00:00,1100.0,0.0,35.2,34.5,73.4,29.2,28.7,0.48,23.4,23.31,0.0,Normal,0
2020-09-18 08:00:00,1100.0,0.0,35.01,34.5,73.3,28.93,28.7,0.48,23.55,23.63,0.0,Normal,0
2020-09-18 09:00:00,1100.0,0.0,35.0,34.5,73.3,28.9,28.85,0.48,23.76,23.95,0.0,Normal,0
2020-09-18 10:00:00,1100.0,0.0,35.0,34.56,73.12,28.9,28.9,0.48,23.74,24.01,0.0,Normal,0
2020-09-18 11:00:00,1100.0,0.0,35.0,34.57,73.1,28.79,28.9,0.48,23.87,24.29,0.0,Normal,0
2020-09-18 13:00:00,1100.0,0.0,35.1,34.92,73.32,28.95,29.4,0.48,24.95,25.71,0.0,Normal,0
2020-09-18 14:00:00,1100.0,0.0,35.2,35.13,73.6,29.26,29.79,0.48,25.71,26.58,0.0,Normal,0
2020-09-18 15:00:00,1100.0,0.0,35.39,35.49,74.12,29.53,30.32,0.48,26.32,27.2,0.0,Normal,0
2020-09-18 16:00:00,1100.0,0.0,35.67,35.82,74.4,29.83,30.61,0.48,26.5,27.4,0.0,Normal,0
2020-09-18 17:00:00,1100.0,0.0,35.86,36.03,74.67,30.1,30.8,0.48,26.64,27.4,0.0,Normal,0
2020-09-18 18:00:00,1100.0,0.0,35.96,36.1,74.7,30.1,30.9,0.48,26.5,27.22,0.0,Normal,0
2020-09-18 19:00:00,1100.0,0.0,36.1,36.12,74.7,30.15,30.84,0.48,26.36,26.82,0.0,Normal,0
2020-09-18 20:00:00,1100.0,0.0,36.1,36.1,74.49,30.1,30.6,0.48,25.88,26.09,0.0,Normal,0
2020-09-18 21:00:00,1100.0,0.0,36.1,36.01,74.19,29.87,30.34,0.48,25.48,25.4,0.0,Normal,0
2020-09-18 22:00:00,1100.0,0.0,35.95,35.83,74.0,29.64,30.1,0.48,25.29,25.08,0.0,Normal,0
2020-09-18 23:00:00,1100.0,0.0,35.88,35.61,73.73,29.41,29.84,0.48,25.11,24.79,0.0,Normal,0
2020-09-19 00:00:00,1100.0,0.0,35.7,35.37,73.68,29.2,29.68,0.48,24.92,24.55,0.0,Normal,0
2020-09-19 01:00:00,1100.0,0.0,35.52,35.2,73.5,28.92,29.6,0.49,24.69,24.38,0.0,Normal,0
2020-09-19 02:00:00,1100.0,0.0,35.4,35.05,73.45,28.78,29.41,0.48,24.49,24.2,0.0,Normal,0
2020-09-19 03:00:00,1100.0,0.0,35.22,34.95,73.3,28.7,29.29,0.48,24.26,23.65,0.0,Normal,0
2020-09-19 04:00:00,1100.0,0.0,35.12,34.77,73.2,28.63,29.16,0.48,23.95,23.32,0.0,Normal,0
2020-09-19 05:00:00,1100.0,0.0,34.98,34.47,73.07,28.5,28.85,0.48,23.61,23.05,0.0,Normal,0
2020-09-19 06:00:00,1100.0,0.0,34.8,34.27,72.8,28.37,28.62,0.48,23.34,22.77,0.0,Normal,0
2020-09-19 07:00:00,1100.0,0.0,34.52,34.05,72.64,28.19,28.33,0.49,23.04,22.49,0.0,Normal,0
2020-09-19 08:00:00,1100.0,0.0,34.31,33.75,72.43,27.93,28.08,0.49,22.7,22.42,0.0,Normal,0
2020-09-19 09:00:00,1100.0,0.0,34.11,33.58,72.25,27.65,27.8,0.48,22.64,22.59,0.0,Normal,0
2020-09-19 10:00:00,1100.0,0.0,34.1,33.46,72.2,27.6,27.91,0.48,22.76,22.89,0.0,Normal,0
2020-09-19 11:00:00,1100.0,0.0,34.1,33.6,72.2,27.6,28.1,0.48,23.19,23.42,0.0,Normal,0
2020-09-19 12:00:00,1100.0,0.0,34.1,33.73,72.23,27.76,28.28,0.48,23.76,24.16,0.0,Normal,0
2020-09-19 13:00:00,1100.0,0.0,34.11,34.0,72.45,28.1,28.59,0.48,24.41,25.21,0.0,Normal,0
2020-09-19 14:00:00,1100.0,0.0,34.3,34.26,72.81,28.4,29.07,0.48,25.09,26.12,0.0,Normal,0
2020-09-19 15:00:00,1100.0,0.0,34.48,34.64,73.32,28.68,29.58,0.48,25.66,26.71,0.0,Normal,0
2020-09-19 16:00:00,1100.0,0.0,34.82,35.0,73.78,29.02,30.06,0.48,26.18,27.16,0.0,Normal,0
2020-09-19 17:00:00,1100.0,0.0,35.03,35.29,74.16,29.3,30.4,0.48,26.46,27.4,0.0,Normal,0
2020-09-19 18:00:00,1100.0,0.0,35.22,35.54,74.4,29.47,30.58,0.48,26.5,27.37,0.0,Normal,0
2020-09-19 19:00:00,1100.0,0.0,35.4,35.7,74.41,29.6,30.6,0.48,26.3,26.81,0.0,Normal,0
2020-09-19 20:00:00,1100.0,0.0,35.4,35.7,74.29,29.57,30.38,0.48,25.75,26.11,0.0,Normal,0
2020-09-19 21:00:00,1100.0,0.0,35.4,35.61,74.08,29.39,30.16,0.48,25.38,25.54,0.0,Normal,0
2020-09-19 22:00:00,1100.0,0.0,35.4,35.36,73.8,29.11,29.86,0.48,25.03,25.09,0.0,Normal,0
2020-09-19 23:00:00,1100.0,0.0,35.31,35.14,73.54,28.77,29.6,0.48,24.56,24.56,0.0,Normal,0
2020-09-20 00:00:00,1100.0,0.0,35.15,34.88,73.32,28.43,29.32,0.48,24.17,24.17,0.0,Normal,0
2020-09-20 01:00:00,1100.0,0.0,34.96,34.5,73.12,28.19,29.01,0.48,23.84,23.67,0.0,Normal,0
2020-09-20 02:00:00,1100.0,0.0,34.7,34.22,72.84,27.87,28.62,0.48,23.48,23.31,0.0,Normal,0
2020-09-20 03:00:00,1100.0,0.0,34.41,33.97,72.59,27.62,28.28,0.48,23.02,22.81,0.0,Normal,0
2020-09-20 04:00:00,1100.0,0.0,34.15,33.53,72.34,27.44,27.72,0.48,22.4,22.28,0.0,Normal,0
2020-09-20 05:00:00,1100.0,0.0,33.76,33.11,72.03,27.26,27.23,0.48,21.83,21.79,0.0,Normal,0
2020-09-20 06:00:00,1100.0,0.0,33.42,32.74,71.7,26.98,26.78,0.48,21.36,21.34,0.0,Normal,0
2020-09-20 07:00:00,1100.0,0.0,33.09,32.43,71.42,26.81,26.43,0.48,20.93,20.86,0.0,Normal,0
2020-09-20 08:00:00,1100.0,0.0,32.76,32.15,71.08,26.7,26.14,0.48,20.62,20.84,0.0,Normal,0
2020-09-20 09:00:00,1100.0,0.0,32.57,32.1,70.88,26.6,26.22,0.48,21.09,21.68,0.0,Normal,0
2020-09-20 10:00:00,1100.0,0.0,32.64,32.24,70.9,26.7,26.5,0.48,21.68,22.76,0.0,Normal,0
2020-09-20 11:00:00,1100.0,0.0,32.7,32.46,71.01,26.8,26.81,0.48,22.38,23.92,0.0,Normal,0
2020-09-20 12:00:00,1100.0,0.0,32.88,32.75,71.4,27.1,27.37,0.48,23.25,24.79,0.0,Normal,0
2020-09-20 13:00:00,1100.0,0.0,33.13,33.13,71.8,27.48,27.92,0.48,24.1,25.63,0.0,Normal,0
2020-09-20 14:00:00,1100.0,0.0,33.37,33.53,72.24,27.89,28.45,0.48,24.93,26.24,0.0,Normal,0
2020-09-20 15:00:00,1100.0,0.0,33.68,34.01,72.58,28.34,28.93,0.48,25.72,26.66,0.0,Normal,0
2020-09-20 16:00:00,1100.0,0.0,34.02,34.44,73.06,28.73,29.5,0.48,26.48,27.31,0.0,Normal,0
2020-09-20 17:00:00,1100.0,0.0,34.36,34.92,73.69,29.09,30.1,0.48,26.86,27.74,0.0,Normal,0
2020-09-20 18:00:00,1100.0,0.0,34.7,35.26,74.19,29.35,30.46,0.48,26.9,27.73,0.0,Normal,0
2020-09-20 19:00:00,1100.0,0.0,34.98,35.4,74.4,29.4,30.5,0.48,26.65,27.28,0.0,Normal,0
2020-09-20 20:00:00,1100.0,0.0,35.15,35.4,74.29,29.4,30.42,0.48,26.17,26.63,0.0,Normal,0
2020-09-20 21:00:00,1100.0,0.0,35.2,35.4,74.09,29.28,30.19,0.48,25.55,26.09,0.0,Normal,0
2020-09-20 22:00:00,1100.0,0.0,35.2,35.25,73.82,28.96,29.84,0.48,25.22,25.51,0.0,Normal,0
2020-09-20 23:00:00,1100.0,0.0,35.02,35.01,73.62,28.67,29.54,0.48,24.87,25.08,0.0,Normal,0
2020-09-21 00:00:00,1100.0,0.0,34.97,34.82,73.46,28.5,29.29,0.48,24.53,24.5,0.0,Normal,0
2020-09-21 01:00:00,1100.0,0.0,34.76,34.44,73.24,28.3,28.77,0.48,23.92,23.84,0.0,Normal,0
2020-09-21 02:00:00,1100.0,0.0,34.42,34.09,72.94,28.16,28.27,0.48,23.23,23.12,0.0,Normal,0
2020-09-21 03:00:00,1100.0,0.0,34.14,33.62,72.62,27.87,27.72,0.49,22.58,22.62,0.0,Normal,0
2020-09-21 04:00:00,1100.0,0.0,33.79,33.25,72.32,27.64,27.32,0.48,22.06,22.03,0.0,Normal,0
2020-09-21 05:00:00,1100.0,0.0,33.44,32.8,71.9,27.44,26.85,0.48,21.59,21.52,0.0,Normal,0
2020-09-21 06:00:00,1100.0,0.0,33.07,32.47,71.51,27.17,26.5,0.48,21.22,21.2,0.0,Normal,0
2020-09-21 07:00:00,1100.0,0.0,32.76,32.19,71.21,26.87,26.28,0.48,21.0,21.17,0.0,Normal,0
2020-09-21 08:00:00,1100.0,0.0,32.55,32.1,70.98,26.7,26.11,0.48,21.02,21.28,0.0,Normal,0
2020-09-21 09:00:00,1100.0,0.0,32.5,32.1,70.8,26.59,26.3,0.48,21.25,21.62,0.0,Normal,0
2020-09-21 10:00:00,1100.0,0.0,32.5,32.15,70.8,26.54,26.45,0.48,21.61,22.09,0.0,Normal,0
2020-09-21 11:00:00,1100.0,0.0,32.56,32.33,70.94,26.7,26.73,0.48,22.29,22.76,0.0,Normal,0
2020-09-21 12:00:00,1100.0,0.0,32.7,32.55,71.15,26.89,27.11,0.48,23.03,23.58,0.0,Normal,0
2020-09-21 13:00:00,1100.0,0.0,32.85,32.81,71.48,27.28,27.59,0.48,23.88,24.7,0.0,Normal,0
2020-09-21 14:00:00,1100.0,0.0,33.13,33.29,71.94,27.63,28.24,0.48,24.83,25.59,0.0,Normal,0
2020-09-21 15:00:00,1100.0,0.0,33.44,33.76,72.43,28.09,28.78,0.48,25.66,26.33,0.0,Normal,0
2020-09-21 16:00:00,1100.0,0.0,33.77,34.23,72.94,28.47,29.4,0.48,26.39,26.93,0.0,Normal,0
2020-09-21 17:00:00,1100.0,0.0,34.14,34.71,73.55,28.8,29.99,0.48,26.99,27.63,0.0,Normal,0
2020-09-21 18:00:00,1100.0,0.0,34.43,35.1,74.22,29.18,30.46,0.48,27.2,27.97,0.0,Normal,0
2020-09-21 19:00:00,1100.0,0.0,34.82,35.36,74.56,29.4,30.7,0.48,27.12,27.72,0.0,Normal,0
2020-09-21 20:00:00,1100.0,0.0,35.0,35.5,74.59,29.49,30.63,0.48,26.74,27.31,0.0,Normal,0
2020-09-21 21:00:00,1100.0,0.0,35.18,35.58,74.4,29.41,30.48,0.48,26.38,26.82,0.0,Normal,0
2020-09-21 22:00:00,1100.0,0.0,35.2,35.4,74.25,29.33,30.28,0.48,25.95,26.41,0.0,Normal,0
2020-09-21 23:00:00,1100.0,0.0,35.2,35.32,74.12,29.1,30.06,0.48,25.59,25.95,0.0,Normal,0
2020-09-22 00:00:00,1100.0,0.0,35.2,35.17,74.0,28.85,29.76,0.48,25.31,25.54,0.0,Normal,0
2020-09-22 01:00:00,1100.0,0.0,35.01,35.0,73.7,28.68,29.53,0.48,25.01,25.03,0.0,Normal,0
2020-09-22 02:00:00,1100.0,0.0,35.0,34.81,73.47,28.47,29.32,0.48,24.61,24.29,0.0,Normal,0
2020-09-22 03:00:00,1100.0,0.0,34.81,34.5,73.23,28.24,28.97,0.48,24.23,23.8,0.0,Normal,0
2020-09-22 04:00:00,1100.0,0.0,34.54,34.2,73.0,28.03,28.52,0.48,23.63,23.3,0.0,Normal,0
2020-09-22 05:00:00,1100.0,0.0,34.32,33.97,72.77,27.8,28.22,0.49,23.29,23.1,0.0,Normal,0
2020-09-22 06:00:00,1100.0,0.0,34.13,33.68,72.6,27.67,27.91,0.48,22.95,22.94,0.0,Normal,0
2020-09-22 07:00:00,1100.0,0.0,33.95,33.45,72.42,27.6,27.67,0.48,22.61,22.65,0.0,Normal,0
2020-09-22 08:00:00,1100.0,0.0,33.75,33.3,72.27,27.43,27.51,0.48,22.5,22.53,0.0,Normal,0
2020-09-22 09:00:00,1100.0,0.0,33.6,33.2,72.2,27.4,27.57,0.48,22.61,22.94,0.0,Normal,0
2020-09-22 10:00:00,1100.0,0.0,33.6,33.37,72.2,27.5,27.68,0.48,23.11,23.36,0.0,Normal,0
2020-09-22 11:00:00,1100.0,0.0,33.65,33.48,72.25,27.65,27.95,0.48,23.57,23.94,0.0,Normal,0
2020-09-22 12:00:00,1100.0,0.0,33.9,33.72,72.46,27.89,28.31,0.48,24.31,24.76,0.0,Normal,0
2020-09-22 13:00:00,1100.0,0.0,34.01,34.05,72.76,28.25,28.72,0.48,25.17,25.86,0.0,Normal,0
2020-09-22 14:00:00,1100.0,0.0,34.22,34.44,73.33,28.63,29.42,0.48,26.17,27.14,0.0,Normal,0
2020-09-22 15:00:00,1100.0,0.0,34.49,34.96,73.9,29.12,30.03,0.48,26.87,27.72,0.0,Normal,0
2020-09-22 16:00:00,1100.0,0.0,34.87,35.33,74.31,29.51,30.47,0.48,27.42,28.21,0.0,Normal,0
2020-09-22 17:00:00,1100.0,0.0,35.12,35.79,74.81,29.83,30.89,0.48,27.86,28.58,0.0,Normal,0
2020-09-22 18:00:00,1100.0,0.0,35.42,36.06,75.22,30.12,31.31,0.48,28.1,28.7,0.0,Normal,0
2020-09-22 19:00:00,1100.0,0.0,35.73,36.29,75.57,30.3,31.4,0.48,27.87,28.51,0.0,Normal,0
2020-09-22 20:00:00,1100.0,0.0,35.9,36.3,75.6,30.3,31.4,0.48,27.48,28.01,0.0,Normal,0
2020-09-22 21:00:00,1100.0,0.0,35.95,36.3,75.3,30.26,31.21,0.48,27.08,27.42,0.0,Normal,0
2020-09-22 22:00:00,1100.0,0.0,36.1,36.24,75.16,30.1,30.91,0.48,26.72,26.98,0.0,Normal,0
2020-09-22 23:00:00,1100.0,0.0,35.92,36.1,75.05,29.82,30.71,0.48,26.42,26.57,0.0,Normal,0
2020-09-23 00:00:00,1100.0,0.0,35.9,35.92,74.9,29.62,30.52,0.48,26.07,26.2,0.0,Normal,0
2020-09-23 01:00:00,1100.0,0.0,35.88,35.76,74.73,29.42,30.27,0.48,25.72,25.83,0.0,Normal,0
2020-09-23 02:00:00,1100.0,0.0,35.7,35.57,74.57,29.35,30.01,0.48,25.44,25.49,0.0,Normal,0
2020-09-23 03:00:00,1100.0,0.0,35.62,35.38,74.37,29.2,29.79,0.48,25.19,25.16,0.0,Normal,0
2020-09-23 04:00:00,1100.0,0.0,35.4,35.2,74.2,28.98,29.53,0.48,24.86,24.7,0.0,Normal,0
2020-09-23 05:00:00,1100.0,0.0,35.26,35.0,74.01,28.9,29.28,0.48,24.4,24.33,0.0,Normal,0
2020-09-23 06:00:00,1100.0,0.0,35.07,34.69,73.75,28.71,28.82,0.48,23.81,23.75,0.0,Normal,0
2020-09-23 07:00:00,1100.0,0.0,34.79,34.34,73.45,28.6,28.51,0.48,23.41,23.6,0.0,Normal,0
2020-09-23 08:00:00,1100.0,0.0,34.5,34.12,73.3,28.5,28.45,0.48,23.54,23.93,0.0,Normal,0
2020-09-23 09:00:00,1100.0,0.0,34.5,34.22,73.3,28.5,28.51,0.48,23.91,24.68,0.0,Normal,0
2020-09-23 10:00:00,1100.0,0.0,34.5,34.36,73.3,28.52,28.8,0.48,24.49,25.69,0.0,Normal,0
2020-09-23 11:00:00,1100.0,0.0,34.76,34.76,73.53,28.78,29.34,0.48,25.43,27.74,0.0,Normal,0
2020-09-23 12:00:00,1100.0,0.0,35.05,35.24,73.95,29.24,29.9,0.48,26.31,28.84,0.0,Normal,0
2020-09-23 15:00:00,1100.0,0.0,35.94,36.63,75.85,30.69,31.78,0.49,28.94,30.72,0.0,Normal,0
2020-09-23 16:00:00,1100.0,0.0,36.37,37.19,76.74,31.52,32.61,0.49,30.06,32.18,0.0,Normal,0
2020-09-23 17:00:00,1100.0,0.0,36.87,37.66,77.5,32.52,33.27,0.48,31.41,33.48,0.0,Normal,0
2020-09-23 18:00:00,1100.0,0.0,37.24,37.97,77.8,32.59,33.48,0.48,31.2,32.99,0.0,Normal,0
2020-09-23 19:00:00,1100.0,0.0,37.5,38.2,77.8,32.93,33.48,0.48,31.48,33.28,0.0,Normal,0
2020-09-23 20:00:00,1100.0,0.0,37.7,38.21,82.59,32.54,33.37,0.48,30.64,32.03,0.0,Normal,0
2020-09-23 21:00:00,1100.0,0.0,37.74,38.38,85.25,32.31,33.2,0.48,30.05,30.94,0.0,Normal,0
2020-09-23 22:00:00,1100.0,0.0,37.9,38.28,84.99,32.16,32.95,0.48,29.52,30.24,0.0,Normal,0
2020-09-23 23:00:00,1100.0,0.0,37.9,38.2,84.73,32.05,32.75,0.48,28.9,29.22,0.0,Normal,0
2020-09-24 00:00:00,1100.0,0.0,37.83,37.95,84.46,31.8,32.39,0.48,28.16,28.31,0.0,Normal,0
2020-09-24 01:00:00,1100.0,0.0,37.7,37.66,84.17,31.61,31.99,0.48,27.56,27.69,0.0,Normal,0
2020-09-24 02:00:00,1100.0,0.0,37.52,37.5,83.86,31.43,31.72,0.48,27.26,27.42,0.0,Normal,0
2020-09-24 03:00:00,1100.0,0.0,37.5,37.31,83.7,31.29,31.59,0.48,27.04,27.27,0.0,Normal,0
2020-09-24 04:00:00,1100.0,0.0,37.33,37.18,83.51,31.12,31.35,0.48,26.63,26.78,0.0,Normal,0
2020-09-24 05:00:00,1100.0,0.0,37.17,36.91,83.32,30.9,31.06,0.48,26.22,26.34,0.0,Normal,0
2020-09-24 06:00:00,1100.0,0.0,36.9,36.66,87.02,30.71,30.73,0.48,25.8,25.86,0.0,Normal,0
2020-09-24 07:00:00,1100.0,0.0,36.76,36.4,94.76,30.64,30.56,0.48,25.68,26.04,0.0,Normal,0
2020-09-24 08:00:00,1100.0,0.0,36.6,36.3,94.41,30.5,30.6,0.48,25.86,26.3,0.0,Normal,0
2020-09-24 09:00:00,1100.0,0.0,36.6,36.38,94.27,30.5,30.74,0.48,26.32,27.21,0.0,Normal,0
2020-09-24 10:00:00,1100.0,0.0,36.74,36.7,94.38,30.65,31.02,0.48,26.95,28.64,0.0,Normal,0
2020-09-24 11:00:00,330.0,1.81,36.96,37.16,61.89,31.06,31.5,0.48,28.15,30.21,0.0,Normal,0
2020-09-24 12:00:00,447.11,344.89,48.11,48.13,54.87,38.96,35.7,1.54,36.87,38.49,115940.34,Normal,0
2020-09-24 13:00:00,0.0,0.0,51.01,51.21,57.01,41.39,38.64,0.44,39.82,41.3,0.0,Normal,0
2020-09-24 14:00:00,0.0,0.0,49.19,49.54,55.19,40.07,38.82,0.43,37.4,38.91,0.0,Normal,0
2020-09-24 15:00:00,0.0,0.0,48.37,48.7,54.19,39.7,39.37,0.44,36.44,38.09,0.0,Normal,0
2020-09-24 16:00:00,0.0,0.0,47.82,48.11,53.5,39.7,39.77,0.43,36.04,37.63,0.0,Normal,0
2020-09-24 17:00:00,0.0,0.0,47.4,47.69,53.0,39.84,40.14,0.43,35.91,37.32,0.0,Normal,0
2020-09-24 18:00:00,0.0,0.0,47.06,47.31,52.58,39.95,40.2,0.43,35.67,36.73,0.0,Normal,0
2020-09-24 19:00:00,0.0,0.0,46.75,46.91,52.14,39.69,40.09,0.43,35.11,36.03,0.0,Normal,0
2020-09-24 20:00:00,0.0,0.0,46.41,46.46,51.74,39.42,39.7,0.43,34.44,35.26,0.0,Normal,0
2020-09-24 21:00:00,0.0,0.0,46.14,46.11,51.31,39.04,39.39,0.43,33.83,34.47,0.0,Normal,0
2020-09-24 22:00:00,0.0,0.0,45.79,45.69,50.98,38.56,39.04,0.43,33.26,33.71,0.0,Normal,0
2020-09-24 23:00:00,0.0,0.0,45.39,45.18,50.51,38.1,38.55,0.44,32.63,32.83,0.0,Normal,0
2020-09-25 00:00:00,0.0,0.0,45.02,44.66,50.13,37.65,38.11,0.44,32.13,32.12,0.0,Normal,0
2020-09-25 01:00:00,0.0,0.0,44.59,44.24,49.69,37.24,37.69,0.44,31.45,31.44,0.0,Normal,0
2020-09-25 02:00:00,0.0,0.0,44.22,43.78,49.27,36.79,37.3,0.43,30.82,30.68,0.0,Normal,0
2020-09-25 03:00:00,0.0,0.0,43.76,43.24,48.82,36.28,36.75,0.43,30.36,30.03,0.0,Normal,0
2020-09-25 04:00:00,0.0,0.0,43.31,42.75,48.44,35.84,36.3,0.44,29.8,29.51,0.0,Normal,0
2020-09-25 05:00:00,0.0,0.0,42.83,42.23,48.0,35.31,35.81,0.44,29.34,28.88,0.0,Normal,0
2020-09-25 06:00:00,0.0,0.0,42.4,41.81,47.63,35.03,35.33,0.44,28.93,28.53,0.0,Normal,0
2020-09-25 07:00:00,0.0,0.0,42.02,41.45,47.22,34.69,35.08,0.46,28.68,28.25,0.0,Normal,0
2020-09-25 08:00:00,0.0,0.0,41.71,41.13,46.87,34.39,34.87,0.46,28.5,28.23,0.0,Normal,0
2020-09-25 09:00:00,0.0,0.0,41.39,40.9,46.44,34.1,34.8,0.46,28.33,28.31,0.0,Normal,0
2020-09-25 10:00:00,128.33,0.0,41.15,40.82,46.2,33.9,34.66,0.46,28.51,28.83,0.0,Normal,0
2020-09-25 11:00:00,476.67,0.01,41.1,40.7,46.1,33.9,34.8,0.48,29.01,29.51,0.0,Normal,0
2020-09-25 12:00:00,0.0,0.0,40.9,40.7,45.95,34.02,34.8,0.47,29.56,30.27,16.59,Normal,0
2020-09-25 13:00:00,0.0,0.0,40.9,40.86,46.1,34.2,34.87,0.47,30.15,31.15,7.82,Normal,0
2020-09-25 14:00:00,0.0,0.0,40.9,40.9,46.16,34.4,35.09,0.47,30.57,31.64,2.41,Normal,0
2020-09-25 15:00:00,0.0,0.0,40.93,41.06,46.3,34.75,35.35,0.47,31.0,31.8,2.42,Normal,0
2020-09-25 16:00:00,0.0,0.0,41.1,41.1,46.48,34.99,35.53,0.47,31.2,31.82,1.04,Normal,0
2020-09-25 17:00:00,0.0,0.0,41.1,41.1,46.5,35.1,35.7,0.47,31.2,31.75,7.15,Normal,0
2020-09-25 18:00:00,0.0,0.0,41.1,41.1,46.45,35.09,35.48,0.47,30.9,31.26,0.0,Normal,0
2020-09-25 19:00:00,0.0,0.0,41.1,41.07,46.2,34.95,35.15,0.47,30.38,30.48,0.0,Normal,0
2020-09-25 20:00:00,0.0,0.0,40.92,40.85,45.94,34.63,34.89,0.47,29.8,29.89,0.0,Normal,0
2020-09-25 21:00:00,0.0,0.0,40.77,40.52,45.59,34.14,34.56,0.47,29.2,29.33,0.0,Normal,0
2020-09-25 22:00:00,0.0,0.0,40.43,40.1,45.28,33.51,34.19,0.47,28.65,28.67,0.0,Normal,0
2020-09-25 23:00:00,0.0,0.0,40.1,39.55,44.96,32.88,33.82,0.47,28.43,28.13,0.0,Normal,0
2020-09-26 00:00:00,0.0,0.0,39.61,39.07,44.5,32.39,33.26,0.47,27.78,26.78,0.0,Normal,0
2020-09-26 01:00:00,0.0,0.0,39.22,38.55,43.94,31.87,32.69,0.47,27.29,25.93,0.0,Normal,0
2020-09-26 02:00:00,0.0,0.0,38.74,38.06,43.26,31.39,32.15,0.47,26.48,24.47,0.0,Normal,0
2020-09-26 03:00:00,0.0,0.0,38.28,37.49,42.56,30.79,31.45,0.47,25.81,23.63,0.0,Normal,0
2020-09-26 04:00:00,0.0,0.0,37.72,36.89,41.99,30.26,30.89,0.47,25.22,23.16,0.0,Normal,0
2020-09-26 05:00:00,0.0,0.0,37.23,36.31,41.47,29.71,30.33,0.47,24.6,22.64,0.0,Normal,0
2020-09-26 06:00:00,0.0,0.0,36.65,35.7,41.11,29.2,29.83,0.47,24.27,22.79,0.0,Normal,0
2020-09-26 07:00:00,0.0,0.0,36.09,35.18,40.95,28.7,29.42,0.47,23.81,22.7,0.0,Normal,0
2020-09-26 08:00:00,0.0,0.0,35.67,34.85,40.67,28.38,29.12,0.47,23.4,22.63,0.0,Normal,0
2020-09-26 09:00:00,0.0,0.0,35.31,34.54,40.27,28.3,28.84,0.47,23.39,22.55,0.0,Normal,0
2020-09-26 10:00:00,0.0,0.0,35.19,34.5,40.0,28.28,28.7,0.47,23.4,22.97,0.0,Normal,0
2020-09-26 11:00:00,0.0,0.0,35.0,34.5,40.0,28.31,28.7,0.45,23.54,23.47,0.0,Normal,0
2020-09-26 12:00:00,0.0,0.0,35.0,34.59,40.0,28.54,28.87,0.45,24.06,24.43,0.0,Normal,0
2020-09-26 13:00:00,0.0,0.0,35.0,34.83,40.07,28.79,29.21,0.45,24.69,25.48,0.0,Normal,0
2020-09-26 14:00:00,0.0,0.0,35.19,35.05,40.3,29.15,29.57,0.45,25.35,26.35,0.0,Normal,0
2020-09-26 15:00:00,0.0,0.0,35.28,35.3,40.66,29.35,30.04,0.45,25.96,26.9,0.0,Normal,0
2020-09-26 16:00:00,0.0,0.0,35.5,35.64,41.01,29.61,30.47,0.45,26.51,27.41,0.0,Normal,0
2020-09-26 17:00:00,0.0,0.0,35.76,35.95,41.33,29.86,30.8,0.45,26.81,27.6,0.0,Normal,0
2020-09-26 18:00:00,0.0,0.0,35.92,36.1,41.6,30.1,30.9,0.45,26.83,27.43,0.0,Normal,0
2020-09-26 19:00:00,0.0,0.0,36.1,36.18,41.51,30.1,30.79,0.45,26.31,26.48,0.0,Normal,0
2020-09-26 20:00:00,0.0,0.0,36.08,36.06,41.08,29.89,30.33,0.45,25.46,25.41,0.0,Normal,0
2020-09-26 21:00:00,0.0,0.0,35.9,35.81,40.71,29.5,29.86,0.46,24.77,24.68,0.0,Normal,0
2020-09-26 22:00:00,0.0,0.0,35.74,35.41,40.24,29.04,29.39,0.45,24.26,23.62,0.0,Normal,0
2020-09-26 23:00:00,0.0,0.0,35.38,34.99,39.9,28.5,29.02,0.45,23.81,23.25,0.0,Normal,0
2020-09-27 00:00:00,0.0,0.0,35.09,34.5,39.63,28.0,28.67,0.45,23.54,22.78,22.33,Normal,0
2020-09-27 01:00:00,0.0,0.0,34.75,34.16,39.29,27.63,28.29,0.45,22.85,21.57,8.14,Normal,0
2020-09-27 02:00:00,0.0,0.0,34.38,33.74,38.67,27.26,27.73,0.45,22.38,20.97,0.0,Normal,0
2020-09-27 03:00:00,0.0,0.0,34.07,33.35,38.4,26.78,27.48,0.45,22.2,21.0,0.0,Normal,0
2020-09-27 04:00:00,0.0,0.0,33.71,32.99,38.25,26.42,27.2,0.45,21.9,20.87,0.0,Normal,0
2020-09-27 05:00:00,0.0,0.0,33.35,32.64,38.01,26.12,26.88,0.46,21.47,20.87,16.94,Normal,0
2020-09-27 06:00:00,0.0,0.0,32.99,32.36,37.79,25.69,26.61,0.47,21.15,20.72,0.0,Normal,0
2020-09-27 07:00:00,0.0,0.0,32.64,31.99,37.52,25.36,26.35,0.47,20.87,20.5,0.0,Normal,0
2020-09-27 08:00:00,49.5,16.33,32.4,31.69,37.38,25.2,26.1,0.55,20.71,20.6,3766.11,Normal,0
2020-09-27 09:00:00,111.65,96.73,37.85,37.27,41.43,29.2,28.31,0.76,27.38,28.66,23786.41,Normal,0
2020-09-27 10:00:00,122.12,86.62,36.46,36.29,39.63,28.67,28.47,0.73,26.37,26.82,18239.06,Normal,0
2020-09-27 11:00:00,105.64,96.02,44.22,43.95,47.19,35.84,32.37,0.78,33.12,35.4,22211.71,Normal,0
2020-09-27 12:00:00,498.28,401.27,47.17,47.0,50.19,37.62,33.94,1.53,33.31,33.86,87222.65,Normal,0
2020-09-27 13:00:00,0.0,2.04,55.63,55.35,58.41,46.33,38.78,0.5,40.87,41.74,2839.95,Normal,0
2020-09-27 14:00:00,35.56,14.89,50.88,51.11,53.74,41.73,37.82,0.53,36.04,36.53,3093.8,Normal,0
2020-09-27 15:00:00,274.34,209.86,57.94,57.58,60.27,46.66,41.62,1.16,37.57,37.31,52441.9,Normal,0
2020-09-27 16:00:00,18.33,0.02,50.87,51.0,53.53,41.07,40.54,0.52,32.86,32.51,57.53,Normal,0
2020-09-27 17:00:00,618.54,382.88,51.63,51.72,54.61,41.16,40.36,1.55,33.74,33.41,81204.44,Normal,0
2020-09-27 18:00:00,1151.64,911.81,80.75,79.53,82.79,59.17,51.54,2.98,46.91,45.58,211614.53,Normal,0
2020-09-27 19:00:00,1150.36,911.86,96.69,95.19,98.17,64.81,60.59,3.13,46.58,47.9,211397.42,Normal,0
2020-09-27 20:00:00,1137.12,911.87,104.64,102.99,106.67,66.56,67.31,3.48,46.64,46.8,209646.37,Normal,0
2020-09-27 21:00:00,1127.8,911.82,108.86,107.12,110.78,66.96,72.04,3.4,47.88,46.18,208310.89,Normal,0
2020-09-27 22:00:00,1131.28,911.83,111.05,109.24,112.83,67.83,74.27,3.18,48.28,45.72,208626.95,Normal,0
2020-09-27 23:00:00,1139.63,911.83,112.17,110.28,113.83,68.72,75.18,3.25,47.38,45.07,210059.31,Normal,0
2020-09-28 00:00:00,1139.98,911.83,112.77,110.87,114.38,69.08,75.69,2.99,47.23,44.31,210683.41,Normal,0
2020-09-28 01:00:00,1144.54,911.88,113.13,111.14,114.62,69.32,75.82,2.84,44.35,44.36,211654.72,Normal,0
2020-09-28 02:00:00,1146.22,911.88,113.1,111.09,114.56,69.36,75.76,2.77,42.17,43.7,211429.16,Normal,0
2020-09-28 03:00:00,1148.78,911.87,113.08,111.02,114.47,69.29,75.6,2.75,41.28,42.86,212735.35,Normal,0
2020-09-28 04:00:00,1150.93,911.89,112.86,110.84,114.23,68.92,75.36,2.79,41.02,42.45,213623.77,Normal,0
2020-09-28 05:00:00,1154.28,911.86,112.56,110.5,113.87,68.52,74.97,2.94,39.85,41.93,214920.85,Normal,0
2020-09-28 06:00:00,1156.94,911.88,112.29,110.18,113.52,68.06,74.7,3.28,39.3,41.69,215639.02,Normal,0
2020-09-28 07:00:00,1150.08,911.88,112.06,110.0,113.39,67.65,74.79,3.22,39.42,41.94,215554.72,Normal,0
2020-09-28 08:00:00,979.01,784.33,111.79,109.77,113.19,68.02,75.14,3.41,41.58,44.18,188036.86,Normal,0
2020-09-28 09:00:00,952.25,779.86,105.27,103.84,107.14,66.47,73.7,2.27,41.54,42.12,177344.3,Normal,0
2020-09-28 10:00:00,776.14,618.77,106.71,105.24,108.17,67.96,74.49,1.93,45.76,45.59,143091.11,Normal,0
2020-09-28 11:00:00,766.23,614.66,99.13,98.15,100.89,65.41,71.34,1.91,44.78,41.1,140787.77,Normal,0
2020-09-28 12:00:00,1144.22,912.43,109.63,107.87,110.5,69.11,74.34,2.69,48.28,44.12,209798.76,Normal,0
2020-09-28 13:00:00,739.3,580.32,111.42,109.84,111.98,71.85,76.97,2.11,50.37,47.07,135201.67,Normal,0
2020-09-28 14:00:00,183.33,0.0,91.38,92.34,94.08,66.07,69.42,0.51,44.36,41.94,0.0,Normal,0
2020-09-28 15:00:00,1100.0,0.0,72.8,74.53,75.89,53.59,60.59,0.55,35.84,34.51,0.0,Normal,0
2020-09-28 16:00:00,343.25,279.99,67.66,68.81,72.37,50.4,56.31,1.32,37.54,36.88,56142.61,Normal,0
2020-09-28 17:00:00,357.43,289.45,75.79,75.7,79.33,55.49,58.68,1.27,44.33,43.92,63944.44,Normal,0
2020-09-28 18:00:00,545.54,445.98,78.32,78.09,81.38,55.79,58.38,1.77,44.78,43.29,89350.31,Normal,0
2020-09-28 19:00:00,1131.38,907.01,98.23,96.72,99.86,58.93,64.8,2.67,48.65,46.91,209452.09,Normal,0
2020-09-28 20:00:00,1125.72,907.85,107.43,105.71,108.64,63.67,71.82,3.37,49.39,50.33,209830.0,Normal,0
2020-09-28 21:00:00,1095.43,904.31,111.49,109.79,112.47,67.47,75.99,3.26,49.02,49.7,198045.43,Normal,0
2020-09-28 22:00:00,1099.22,891.0,112.92,111.24,113.83,69.01,76.69,3.12,49.12,48.97,210016.17,Normal,0
2020-09-28 23:00:00,1096.4,884.98,113.53,111.8,114.44,69.97,77.62,5.44,48.42,48.32,210079.56,Normal,0
2020-09-29 00:00:00,1105.76,889.91,113.78,111.98,114.63,70.11,78.13,4.02,46.24,47.95,209635.9,Normal,0
2020-09-29 01:00:00,1113.66,896.48,114.28,112.42,114.99,70.12,78.24,3.15,45.24,47.21,209889.9,Normal,0
2020-09-29 02:00:00,1114.07,897.55,114.36,112.44,114.93,69.86,78.06,3.02,44.08,46.55,210123.36,Normal,0
2020-09-29 03:00:00,1115.15,897.34,113.98,112.06,114.51,69.61,77.58,3.05,43.5,46.05,209765.6,Normal,0
2020-09-29 04:00:00,1119.65,900.92,113.97,112.01,114.44,69.56,77.18,3.12,42.43,45.79,210167.97,Normal,0
2020-09-29 05:00:00,1113.63,897.04,113.94,112.05,114.53,69.92,77.25,3.06,42.2,46.66,210071.32,Normal,0
2020-09-29 06:00:00,1112.04,895.8,114.18,112.3,114.81,70.16,77.62,3.21,42.39,47.25,210000.13,Normal,0
2020-09-29 07:00:00,1116.66,897.79,114.5,112.6,115.12,70.55,77.9,3.19,42.72,47.28,209756.38,Normal,0
2020-09-29 08:00:00,1110.67,898.03,114.81,112.94,115.44,70.68,78.17,3.19,43.0,47.16,210184.26,Normal,0
2020-09-29 09:00:00,1117.56,899.7,115.6,113.8,116.33,71.81,79.04,3.08,44.67,48.75,209820.37,Normal,0
2020-09-29 10:00:00,1134.08,906.28,117.63,115.91,118.43,73.6,80.91,3.78,46.36,51.21,209829.43,Normal,0
2020-09-29 11:00:00,1146.43,910.47,119.92,118.07,120.67,75.43,82.93,4.19,48.35,52.65,209268.97,Normal,0
2020-09-29 12:00:00,739.03,595.79,118.36,116.64,119.04,76.43,83.66,2.6,50.36,55.26,135350.0,Normal,0
2020-09-29 13:00:00,523.54,421.91,103.42,103.53,106.03,73.3,76.93,1.58,48.95,50.24,88289.39,Normal,0
2020-09-29 14:00:00,1127.1,905.65,115.94,114.06,116.81,75.42,81.24,2.81,51.7,48.12,208566.87,Normal,0
2020-09-29 15:00:00,1136.21,911.97,120.52,118.59,121.36,77.13,84.17,3.3,53.56,53.74,206440.04,Normal,0
2020-09-29 16:00:00,1123.51,912.21,122.84,120.92,123.81,78.19,86.13,3.3,54.41,56.14,203302.04,Normal,0
2020-09-29 17:00:00,1122.37,912.24,124.17,122.2,125.08,79.01,87.32,3.58,53.14,56.23,202806.24,Normal,0
2020-09-29 18:00:00,1120.84,912.15,124.9,122.91,125.7,79.19,87.84,3.95,51.06,55.35,203927.35,Normal,0
2020-09-29 19:00:00,1114.28,912.21,124.36,122.32,125.01,78.54,87.38,4.18,48.29,53.31,199002.9,Normal,0
2020-09-29 20:00:00,1110.08,912.26,122.73,120.68,123.27,77.22,85.9,4.12,46.03,51.06,197958.25,Normal,0
2020-09-29 21:00:00,1120.33,912.07,121.57,119.53,122.14,76.19,84.37,4.13,44.88,50.09,202489.0,Normal,0
2020-09-29 22:00:00,1115.69,912.06,120.53,118.49,121.08,75.46,83.16,4.17,44.46,50.16,201227.29,Normal,0
2020-09-29 23:00:00,1117.12,912.1,119.59,117.53,120.21,74.9,82.34,3.96,44.35,49.89,199658.12,Normal,0
2020-09-30 00:00:00,1120.93,911.82,118.81,116.74,119.39,73.86,81.57,3.84,43.59,48.88,201791.64,Normal,0
2020-09-30 01:00:00,1122.73,911.26,118.28,116.2,118.85,73.14,80.82,3.47,42.68,48.08,202909.94,Normal,0
2020-09-30 02:00:00,1109.28,912.04,117.39,115.31,117.91,72.49,79.84,3.75,42.17,47.0,199453.61,Normal,0
2020-09-30 03:00:00,1113.97,911.64,116.69,114.61,117.21,71.74,78.86,3.79,41.28,47.13,199549.34,Normal,0
2020-09-30 04:00:00,1120.01,909.67,116.02,113.91,116.49,70.62,78.18,3.69,42.3,46.59,202156.06,Normal,0
2020-09-30 05:00:00,1138.83,912.0,115.92,113.79,116.36,69.67,77.85,4.24,44.16,46.35,205764.36,Normal,0
2020-09-30 06:00:00,1139.17,911.54,115.86,113.69,116.25,69.8,77.19,4.08,43.94,46.22,208142.15,Normal,0
2020-09-30 07:00:00,1118.99,911.77,115.52,113.39,115.95,70.03,76.68,3.24,44.01,45.87,205415.99,Normal,0
2020-09-30 08:00:00,1119.16,911.7,115.09,112.98,115.6,68.93,76.38,3.28,45.56,46.45,203593.88,Normal,0
2020-09-30 09:00:00,1130.77,911.92,115.28,113.23,115.89,69.02,76.57,3.67,47.69,47.84,204500.57,Normal,0
2020-09-30 10:00:00,1126.96,912.02,115.66,113.69,116.18,69.72,76.94,3.64,46.47,48.31,202156.59,Normal,0
2020-09-30 11:00:00,1122.24,911.77,116.23,114.29,116.84,70.27,77.63,3.7,47.66,49.94,203207.06,Normal,0
2020-09-30 12:00:00,1125.53,911.64,117.2,115.25,117.97,70.65,78.69,3.53,48.55,51.18,202395.64,Normal,0
2020-09-30 13:00:00,1121.14,911.94,118.24,116.29,119.04,70.82,79.86,3.56,49.33,52.14,202109.33,Normal,0
2020-09-30 14:00:00,1118.37,912.0,119.7,117.75,120.61,72.11,81.54,3.49,51.85,53.38,201718.93,Normal,0
2020-09-30 15:00:00,1113.5,912.2,120.85,118.92,121.81,73.5,83.23,3.45,51.76,53.9,199818.33,Normal,0
2020-09-30 16:00:00,1112.18,912.13,121.73,119.77,122.7,74.39,84.41,3.45,51.62,54.34,199970.31,Normal,0
2020-09-30 17:00:00,1104.4,912.13,122.23,120.29,123.16,74.7,85.05,3.5,51.98,53.69,199328.31,Normal,0
2020-09-30 18:00:00,1105.11,912.13,122.3,120.37,123.1,74.55,85.14,3.55,50.21,52.51,198867.66,Normal,0
2020-09-30 19:00:00,1115.5,912.18,121.68,119.69,122.28,73.66,84.49,3.63,48.72,50.98,199147.91,Normal,0
2020-09-30 20:00:00,1119.99,912.15,120.68,118.64,121.15,72.36,83.19,3.75,47.66,48.95,201853.53,Normal,0
2020-09-30 21:00:00,1115.75,911.95,119.66,117.57,120.26,71.25,81.82,3.57,46.24,43.54,203503.03,Normal,0
2020-09-30 22:00:00,1114.53,911.59,118.47,116.4,119.01,69.51,80.4,3.66,45.14,41.26,205445.11,Normal,0
2020-09-30 23:00:00,1125.78,911.38,117.37,115.31,117.8,67.87,78.85,3.67,43.77,40.31,206568.86,Normal,0
2020-10-01 00:00:00,1125.22,911.56,116.37,114.27,116.76,66.85,77.67,3.69,43.94,39.39,206767.1,Normal,0
2020-10-01 01:00:00,1126.21,911.67,115.51,113.4,115.86,65.91,76.76,3.89,43.41,38.55,206443.92,Normal,0
2020-10-01 02:00:00,1120.28,911.45,114.71,112.58,115.18,65.52,75.82,3.71,42.47,38.51,205922.64,Normal,0
2020-10-01 03:00:00,1113.81,911.59,114.1,112.01,114.67,65.07,75.29,3.61,41.55,37.71,205300.62,Normal,0
2020-10-01 04:00:00,1110.11,905.37,113.57,111.49,114.1,64.57,74.96,3.42,40.51,37.18,206154.79,Normal,0
2020-10-01 05:00:00,1113.83,903.26,112.52,110.51,113.04,63.87,73.97,3.23,39.63,35.3,209019.52,Normal,0
2020-10-01 06:00:00,1128.94,909.87,112.7,110.64,113.24,63.71,73.7,3.46,40.2,35.4,209906.74,Normal,0
2020-10-01 07:00:00,1125.43,908.81,112.51,110.39,112.94,63.45,73.7,3.69,40.43,34.73,209963.01,Normal,0
2020-10-01 08:00:00,1134.15,911.0,112.41,110.25,112.84,63.67,73.88,3.93,41.46,36.84,208720.67,Normal,0
2020-10-01 09:00:00,1120.62,805.36,112.29,110.27,112.81,64.19,74.29,3.53,43.33,39.3,184655.46,Normal,0
2020-10-01 10:00:00,1100.0,0.0,93.33,93.55,95.71,64.0,68.58,0.51,45.46,41.74,41.61,Normal,0
2020-10-01 11:00:00,825.0,8.04,82.79,83.48,86.58,61.67,61.85,0.49,39.5,36.09,0.0,Normal,0
2020-10-01 12:00:00,28.86,10.99,77.67,77.33,80.45,59.16,58.99,0.55,35.79,33.11,4861.71,Normal,0
2020-10-01 13:00:00,0.0,0.0,72.61,72.19,75.98,57.58,56.43,0.46,35.1,32.98,0.0,Normal,0
2020-10-01 14:00:00,593.21,442.91,77.0,75.82,79.62,56.31,56.17,1.9,35.69,34.48,103247.87,Normal,0
2020-10-01 15:00:00,1147.3,912.49,100.52,98.31,101.43,59.49,66.33,3.29,45.89,43.56,207307.1,Normal,0
2020-10-01 16:00:00,850.65,692.67,107.31,105.38,108.1,62.9,72.67,2.65,48.75,47.23,154795.71,Normal,0
2020-10-01 17:00:00,0.0,0.0,90.54,90.93,92.36,63.49,67.01,0.47,47.21,46.31,0.0,Normal,0
2020-10-01 18:00:00,0.0,0.0,81.71,82.39,81.9,62.0,59.56,0.46,39.84,37.17,6.58,Normal,0
2020-10-01 19:00:00,0.0,0.0,76.23,76.34,74.5,60.32,54.62,0.46,35.33,32.73,0.0,Normal,0
2020-10-01 20:00:00,0.0,0.0,71.78,71.37,69.88,57.81,51.56,0.46,32.92,30.72,0.0,Normal,0
2020-10-01 21:00:00,0.0,0.0,68.37,67.45,67.4,55.13,49.89,0.46,31.71,29.35,0.0,Normal,0
2020-10-01 22:00:00,0.0,0.0,65.47,64.2,65.69,52.47,48.8,0.46,30.59,27.89,0.0,Normal,0
2020-10-01 23:00:00,918.45,748.06,78.19,76.05,78.39,50.67,52.3,2.71,32.81,33.56,153615.1,Normal,0
2020-10-02 00:00:00,1096.48,912.4,94.83,92.77,95.27,53.03,60.91,3.28,41.19,43.72,190388.38,Normal,0
2020-10-02 01:00:00,1094.02,912.36,100.72,98.89,101.28,55.68,65.62,2.99,43.68,40.24,189665.86,Normal,0
2020-10-02 02:00:00,1093.16,912.37,103.91,102.05,104.46,57.72,68.43,3.09,42.03,38.35,190221.75,Normal,0
2020-10-02 03:00:00,1085.13,912.38,105.65,103.75,106.15,59.25,70.87,3.38,42.93,38.64,188333.77,Normal,0
2020-10-02 04:00:00,1084.11,912.35,106.79,104.92,107.2,60.22,72.35,3.47,40.8,40.7,189651.03,Normal,0
2020-10-02 05:00:00,954.37,817.44,107.07,105.21,107.46,60.7,72.75,3.49,40.07,43.43,167988.95,Normal,0
2020-10-02 06:00:00,377.95,302.72,91.92,91.41,94.25,59.36,67.83,1.69,41.44,42.15,63366.89,Normal,0
2020-10-02 07:00:00,853.56,707.93,100.75,98.9,101.9,58.53,67.45,3.22,42.5,39.67,157333.23,Normal,0
2020-10-02 08:00:00,662.74,523.97,90.38,89.33,92.36,55.96,63.73,2.24,40.27,36.87,111454.35,Normal,0
2020-10-02 09:00:00,1111.83,912.43,100.77,98.88,101.8,56.84,66.79,3.46,43.31,41.39,195129.01,Normal,0
2020-10-02 10:00:00,1101.32,912.36,105.09,103.18,105.93,58.93,70.12,3.05,44.83,46.04,192289.53,Normal,0
2020-10-02 11:00:00,1099.91,912.33,107.5,105.6,108.23,60.69,72.73,3.04,45.19,45.94,190646.1,Normal,0
2020-10-02 12:00:00,1083.44,912.35,109.14,107.21,109.91,62.59,74.69,3.64,45.7,47.41,189594.09,Normal,0
2020-10-02 13:00:00,1087.7,912.22,110.61,108.68,111.42,64.19,76.44,3.74,45.75,48.56,190312.15,Normal,0
2020-10-02 14:00:00,1116.41,911.7,112.42,110.45,113.19,65.13,77.85,3.68,45.36,48.83,200643.34,Normal,0
2020-10-02 15:00:00,1107.67,912.28,113.29,111.24,113.94,65.81,78.95,3.76,45.22,47.64,198803.34,Normal,0
2020-10-02 16:00:00,1109.76,912.15,114.0,111.93,114.64,66.4,78.86,3.5,46.32,45.96,201317.37,Normal,0
2020-10-02 17:00:00,1100.34,912.26,114.09,112.06,114.72,66.66,78.89,3.75,46.95,47.88,197637.35,Normal,0
2020-10-02 18:00:00,1096.13,912.27,114.05,112.01,114.65,66.37,78.66,3.58,46.9,47.63,197038.98,Normal,0
2020-10-02 19:00:00,1091.56,912.3,113.49,111.41,114.01,65.83,78.27,3.8,45.51,46.78,191996.16,Normal,0
2020-10-02 20:00:00,1085.42,912.26,112.8,110.79,113.38,65.3,78.11,3.17,43.67,46.34,191809.66,Normal,0
2020-10-02 21:00:00,1085.52,912.27,112.42,110.38,112.94,64.83,77.53,3.31,42.83,45.91,193372.45,Normal,0
2020-10-02 22:00:00,1088.92,912.27,112.0,109.98,112.53,64.37,77.07,3.59,43.09,46.32,193780.13,Normal,0
2020-10-02 23:00:00,1106.29,912.25,111.95,109.92,112.47,64.45,76.9,2.99,43.26,46.1,198228.35,Normal,0
2020-10-03 00:00:00,1104.38,912.21,112.36,110.28,112.88,64.73,76.9,3.12,43.51,45.05,200215.45,Normal,0
2020-10-03 01:00:00,1103.69,912.15,112.49,110.4,112.93,64.7,76.68,3.05,45.34,45.38,199874.95,Normal,0
2020-10-03 02:00:00,1108.2,912.16,112.11,110.02,112.54,64.28,76.35,3.89,43.4,45.29,198838.12,Normal,0
2020-10-03 03:00:00,1101.2,912.07,111.44,109.33,111.85,63.51,76.04,3.95,43.46,44.71,197702.42,Normal,0
2020-10-03 04:00:00,1098.79,911.96,110.77,108.64,111.16,62.92,75.68,3.57,42.06,41.81,196796.41,Normal,0
2020-10-03 05:00:00,1104.7,911.98,109.86,107.75,110.06,61.58,74.56,3.08,40.09,35.9,196833.32,Normal,0
2020-10-03 06:00:00,758.58,622.32,101.76,100.22,102.01,59.75,69.9,2.01,38.28,35.07,137463.91,Normal,0
2020-10-03 07:00:00,1091.28,912.29,104.87,102.82,105.07,58.52,69.66,3.01,38.23,34.19,192705.28,Normal,0
2020-10-03 08:00:00,1106.12,912.11,105.78,103.71,106.09,58.04,69.84,2.91,38.22,34.39,199384.13,Normal,0
2020-10-03 09:00:00,1117.29,912.19,106.4,104.36,106.78,58.04,70.03,2.77,39.23,35.29,199778.61,Normal,0
2020-10-03 10:00:00,848.65,693.15,100.82,99.15,101.34,57.34,67.79,2.4,39.91,33.77,150624.18,Normal,0
2020-10-03 11:00:00,1112.01,912.21,104.45,102.42,104.93,58.11,67.33,3.07,39.75,34.71,201811.56,Normal,0
2020-10-03 12:00:00,1097.77,902.6,105.86,103.86,106.28,58.6,68.04,2.77,39.24,34.79,202049.65,Normal,0
2020-10-03 13:00:00,1116.45,912.07,107.01,105.06,107.38,58.86,68.82,3.03,39.48,34.12,203428.75,Normal,0
2020-10-03 14:00:00,1109.32,912.11,107.99,105.99,108.32,59.45,69.64,3.11,40.75,34.84,201051.49,Normal,0
2020-10-03 15:00:00,1104.69,912.1,108.52,106.53,108.88,60.05,70.69,3.14,41.51,35.56,199660.33,Normal,0
2020-10-03 16:00:00,1102.96,912.19,109.03,107.03,109.46,60.68,71.83,3.28,42.2,35.0,198791.6,Normal,0
2020-10-03 17:00:00,1102.13,912.11,109.43,107.41,109.78,61.02,72.81,3.46,41.27,35.77,197662.6,Normal,0
2020-10-03 18:00:00,37.01,34.97,94.0,93.66,96.09,60.94,68.49,0.59,44.38,43.53,10016.45,Normal,0
2020-10-03 19:00:00,0.0,0.0,81.14,81.65,85.38,58.4,61.19,0.45,38.35,34.43,9.22,Normal,0
2020-10-03 20:00:00,0.0,0.0,75.68,75.41,78.11,56.85,56.18,0.45,33.44,29.23,5.71,Normal,0
2020-10-03 21:00:00,0.0,0.0,71.38,70.43,72.65,55.01,52.54,0.45,30.53,25.95,0.0,Normal,0
2020-10-03 22:00:00,0.0,0.0,67.54,66.15,68.04,52.8,49.24,0.45,28.36,23.8,63.28,Normal,0
2020-10-03 23:00:00,1076.11,848.65,82.44,79.99,82.68,50.07,53.33,2.56,32.17,31.41,191642.67,Normal,0
2020-10-04 00:00:00,1119.3,899.22,95.41,93.23,95.88,51.4,60.25,2.73,37.17,36.71,210056.0,Normal,0
2020-10-04 01:00:00,1117.44,911.79,100.05,98.08,100.63,53.3,63.93,3.05,37.51,35.36,201273.72,Normal,0
2020-10-04 02:00:00,1110.87,912.27,102.58,100.57,103.06,54.93,66.17,2.94,37.45,34.61,200399.48,Normal,0
2020-10-04 03:00:00,1109.29,912.23,104.05,102.0,104.46,56.02,67.1,3.23,39.49,34.56,200452.68,Normal,0
2020-10-04 04:00:00,1112.09,912.15,104.98,102.87,105.31,56.52,68.61,4.54,37.85,37.06,201507.12,Normal,0
2020-10-04 05:00:00,1104.83,912.17,105.21,103.13,105.53,57.06,70.19,3.35,36.71,34.29,199769.33,Normal,0
2020-10-04 06:00:00,1107.56,912.15,105.22,103.09,105.45,57.0,70.6,3.79,34.89,32.53,200214.52,Normal,0
2020-10-04 07:00:00,1108.03,912.07,105.13,102.96,105.3,57.0,70.37,3.36,35.07,31.98,201045.12,Normal,0
2020-10-04 08:00:00,1119.39,912.05,105.01,102.85,105.18,56.86,70.16,3.88,36.74,32.87,201866.4,Normal,0
2020-10-04 09:00:00,1118.75,911.93,105.58,103.45,105.89,57.68,70.83,3.36,39.36,35.14,201462.78,Normal,0
2020-10-04 10:00:00,1114.06,911.94,106.55,104.57,106.94,58.95,72.26,3.94,39.29,36.8,201347.95,Normal,0
2020-10-04 11:00:00,1112.42,911.86,108.08,106.06,108.61,60.68,73.97,3.68,39.47,38.38,202636.0,Normal,0
2020-10-04 12:00:00,1126.03,911.91,109.53,107.5,109.96,61.83,75.54,4.06,40.86,39.33,203566.94,Normal,0
2020-10-04 13:00:00,1120.82,911.98,110.52,108.48,110.87,62.56,76.5,3.54,41.7,39.27,202731.68,Normal,0
2020-10-04 14:00:00,1115.62,911.77,111.55,109.55,112.0,63.33,77.38,4.08,41.39,41.11,202915.02,Normal,0
2020-10-04 15:00:00,1109.37,911.77,112.68,110.69,113.27,64.53,78.21,3.64,41.52,47.1,200075.39,Normal,0
2020-10-04 16:00:00,1112.29,911.91,113.54,111.52,114.11,65.71,79.22,3.65,42.32,48.3,201072.89,Normal,0
2020-10-04 17:00:00,1110.35,912.08,114.49,112.44,115.04,66.88,80.13,4.23,41.8,47.91,202213.33,Normal,0
2020-10-04 18:00:00,1110.45,911.88,114.95,112.89,115.35,67.2,80.46,3.71,40.26,47.23,202931.07,Normal,0
2020-10-04 19:00:00,1111.83,911.62,114.67,112.56,114.9,66.77,80.11,4.43,40.53,46.01,203182.6,Normal,0
2020-10-04 20:00:00,859.87,697.21,109.18,107.22,108.96,64.07,77.55,2.6,40.11,40.54,153316.53,Normal,0
2020-10-04 21:00:00,468.69,385.33,98.96,97.5,98.46,60.24,71.1,1.61,38.31,34.89,88907.84,Normal,0
2020-10-04 22:00:00,15.92,16.51,74.38,75.47,77.15,52.25,60.29,0.57,33.74,30.49,3096.61,Normal,0
2020-10-04 23:00:00,1083.07,876.7,87.37,86.04,89.0,52.53,60.06,2.55,36.91,32.66,196093.91,Normal,0
2020-10-05 00:00:00,1122.44,910.01,99.4,97.39,99.5,54.97,63.25,2.68,41.31,40.04,206096.82,Normal,0
2020-10-05 01:00:00,38.41,35.56,87.04,86.5,88.78,55.36,61.08,0.57,44.12,44.04,11414.29,Normal,0
2020-10-05 02:00:00,927.67,752.13,88.64,87.5,90.77,52.83,59.26,3.18,37.18,35.69,166430.12,Normal,0
2020-10-05 03:00:00,1130.13,912.03,100.03,97.95,100.06,54.63,63.49,3.53,40.11,35.83,205142.97,Normal,0
2020-10-05 04:00:00,1134.42,912.06,103.44,101.34,103.13,55.95,65.42,3.6,38.23,35.98,206128.35,Normal,0
2020-10-05 05:00:00,1127.02,912.08,105.03,102.86,104.59,56.8,66.69,4.01,37.77,35.65,204769.98,Normal,0
2020-10-05 06:00:00,1129.7,912.1,105.82,103.63,105.31,57.35,67.44,3.73,37.38,34.92,204380.5,Normal,0
2020-10-05 07:00:00,1120.08,912.23,105.81,103.59,105.21,57.42,67.57,4.2,37.14,33.36,202529.91,Normal,0
2020-10-05 08:00:00,1126.1,911.87,105.81,103.59,105.18,57.52,67.35,4.36,37.69,33.11,206189.73,Normal,0
2020-10-05 09:00:00,1123.97,911.64,106.54,104.44,106.05,58.49,68.23,4.21,38.45,35.29,204007.41,Normal,0
2020-10-05 10:00:00,1083.98,901.11,106.88,104.97,106.59,59.76,70.1,4.16,41.2,36.87,196991.96,Normal,0
2020-10-05 11:00:00,1077.64,900.98,107.2,105.35,106.92,60.65,71.82,3.41,40.82,38.23,195549.99,Normal,0
2020-10-05 12:00:00,1076.24,900.99,107.96,106.14,107.8,61.32,73.11,3.49,40.27,39.5,197112.56,Normal,0
2020-10-05 13:00:00,1076.27,900.98,109.07,107.27,108.95,61.99,74.55,3.46,42.22,40.53,197062.85,Normal,0
2020-10-05 14:00:00,286.6,245.2,100.38,99.51,100.94,62.98,73.01,1.29,46.04,44.18,54664.82,Normal,0
2020-10-05 15:00:00,0.0,0.0,84.34,85.17,86.98,61.53,64.12,0.51,41.36,39.62,0.0,Normal,0
2020-10-05 16:00:00,774.03,604.47,88.92,88.14,89.65,59.68,61.89,3.18,37.89,36.14,134756.69,Normal,0
2020-10-05 17:00:00,1094.38,892.51,104.28,102.29,103.93,60.5,68.72,3.69,42.42,40.78,210494.04,Normal,0
2020-10-05 18:00:00,1091.8,896.31,108.49,106.58,108.25,61.69,72.49,4.03,43.47,41.32,205587.47,Normal,0
2020-10-05 19:00:00,0.0,13.32,93.75,93.55,94.21,62.27,67.94,0.52,43.78,43.4,5702.38,Normal,0
2020-10-05 20:00:00,0.0,0.0,81.27,81.95,81.73,60.33,59.03,0.47,37.44,35.18,0.0,Normal,0
2020-10-05 21:00:00,0.0,0.0,75.66,75.48,75.63,58.4,54.82,0.47,33.76,31.04,0.0,Normal,0
2020-10-06 00:00:00,1142.13,914.84,97.49,95.12,97.15,53.21,60.58,4.63,37.59,35.28,209905.91,Normal,0
2020-10-06 01:00:00,1144.75,916.8,102.7,100.55,102.4,54.86,64.4,4.43,38.36,35.02,209034.4,Normal,0
2020-10-06 02:00:00,1148.65,917.61,105.45,103.23,104.96,56.29,67.21,4.28,37.42,34.71,208867.44,Normal,0
2020-10-06 03:00:00,1146.59,917.62,106.99,104.75,106.34,57.39,69.19,4.24,36.19,34.28,208738.39,Normal,0
2020-10-06 04:00:00,1144.17,917.71,107.72,105.47,107.02,58.06,70.36,4.31,35.86,33.92,207740.95,Normal,0
2020-10-06 05:00:00,1148.28,917.72,108.14,105.87,107.4,58.41,71.05,4.37,35.81,33.69,207362.19,Normal,0
2020-10-06 06:00:00,1145.24,917.4,108.15,105.88,107.38,58.69,71.22,4.38,38.09,34.48,207208.58,Normal,0
2020-10-06 07:00:00,1151.89,917.43,108.17,105.89,107.37,58.6,70.95,4.02,38.15,34.15,209898.72,Normal,0
2020-10-06 08:00:00,1139.66,914.46,108.17,105.91,107.43,58.87,70.92,4.47,37.87,35.43,209907.54,Normal,0
2020-10-06 09:00:00,1090.56,901.03,107.94,105.86,107.48,60.22,72.1,3.48,39.32,38.04,198392.12,Normal,0
2020-10-06 10:00:00,1089.34,901.05,108.8,106.87,108.58,62.21,74.07,3.39,41.45,40.85,197904.35,Normal,0
2020-10-06 13:00:00,0.0,0.0,82.71,83.33,84.57,62.06,61.73,0.5,39.17,38.48,6.07,Normal,0
2020-10-06 14:00:00,0.0,0.0,77.52,77.55,78.15,60.45,57.32,0.49,35.72,34.97,0.0,Normal,0
2020-10-06 15:00:00,0.0,0.0,73.73,73.18,74.85,58.83,55.31,0.49,34.19,33.33,0.0,Normal,0
2020-10-06 16:00:00,0.0,0.0,70.69,69.83,72.18,57.15,53.74,0.49,33.1,32.26,0.0,Normal,0
2020-10-06 17:00:00,0.0,0.0,68.13,67.19,69.69,55.91,52.19,0.49,32.59,31.64,0.0,Normal,0
2020-10-06 18:00:00,0.0,0.0,65.82,64.89,67.09,54.73,50.4,0.49,31.64,30.76,41.16,Normal,0
2020-10-06 19:00:00,0.0,0.0,63.66,62.68,64.63,53.31,48.61,0.49,30.78,29.94,12.28,Normal,0
2020-10-06 20:00:00,0.0,0.0,61.66,60.64,62.64,51.8,47.09,0.48,30.21,29.28,0.0,Normal,0
2020-10-06 21:00:00,123.87,99.04,63.77,62.35,64.81,49.54,47.82,0.86,33.35,33.14,22418.51,Normal,0
2020-10-06 22:00:00,0.0,0.0,59.04,57.74,61.51,47.9,45.9,0.48,32.93,32.28,2.7,Normal,0
2020-10-06 23:00:00,563.09,436.39,64.96,63.31,75.65,46.31,46.91,2.73,32.57,32.76,94318.74,Normal,0
2020-10-07 00:00:00,1117.69,900.81,85.98,84.05,102.9,48.79,54.06,6.05,41.14,39.57,207685.57,Normal,0
2020-10-07 01:00:00,1118.22,900.37,96.34,94.5,111.79,52.2,60.51,4.82,39.96,40.06,208677.36,Normal,0
2020-10-07 02:00:00,1115.67,900.52,101.46,99.55,118.02,55.1,64.81,4.18,40.19,39.64,207933.93,Normal,0
2020-10-07 03:00:00,1114.5,900.44,104.38,102.37,123.43,57.39,66.62,4.34,41.55,39.71,208023.24,Normal,0
2020-10-07 04:00:00,777.89,626.69,99.04,97.34,111.51,57.57,66.05,3.02,39.49,38.59,141924.19,Normal,0
2020-10-07 05:00:00,1123.02,897.16,103.22,101.19,115.26,57.9,67.63,4.39,39.45,38.47,214041.03,Normal,0
2020-10-07 06:00:00,1100.21,890.09,105.02,102.96,121.88,58.5,69.58,3.88,39.12,37.97,209713.25,Normal,0
2020-10-07 07:00:00,258.03,218.12,94.82,93.65,127.21,58.33,66.63,1.22,40.21,39.9,54263.4,Normal,0
2020-10-07 08:00:00,0.0,0.0,72.0,76.53,94.63,56.54,56.5,0.49,35.45,34.0,336.36,Normal,0
2020-10-07 09:00:00,1059.7,843.19,89.21,86.94,88.4,55.92,59.05,3.35,37.07,35.5,190389.9,Normal,0
2020-10-07 10:00:00,1108.64,900.43,103.0,100.92,99.88,59.44,67.69,4.09,44.22,42.59,207418.57,Normal,0
2020-10-07 11:00:00,1088.79,901.06,108.45,106.59,105.02,63.23,73.67,3.72,47.29,46.32,198211.2,Normal,0
2020-10-07 12:00:00,1088.63,901.11,111.77,109.96,108.2,66.95,76.96,4.09,48.81,48.44,196461.32,Normal,0
2020-10-07 13:00:00,1071.3,901.09,113.82,112.03,110.14,69.2,78.59,3.95,49.16,50.08,191845.26,Normal,0
2020-10-07 14:00:00,1072.07,901.08,115.46,113.66,111.67,70.85,79.93,4.04,49.28,51.42,191955.24,Normal,0
2020-10-07 15:00:00,1080.69,901.08,117.37,115.56,113.59,72.38,81.65,3.94,49.99,52.29,196295.94,Normal,0
2020-10-07 16:00:00,1073.13,901.1,118.63,116.79,114.8,73.64,83.24,3.77,50.2,53.09,194400.35,Normal,0
2020-10-07 17:00:00,933.39,795.28,119.23,117.35,115.3,74.33,84.99,3.13,51.79,53.79,173889.56,Normal,0
2020-10-07 18:00:00,0.0,0.0,101.11,101.28,98.55,73.17,77.64,0.48,52.03,54.82,8.95,Normal,0
2020-10-07 19:00:00,307.48,257.29,96.98,96.62,93.97,69.99,71.76,1.31,46.02,45.82,56165.54,Normal,0
2020-10-07 20:00:00,0.0,0.0,87.01,86.99,83.82,67.63,66.29,0.46,44.24,43.09,4.06,Normal,0
2020-10-07 21:00:00,0.0,0.0,81.0,80.5,78.22,65.14,61.71,0.46,41.04,38.71,0.0,Normal,0
2020-10-07 22:00:00,0.0,0.0,76.8,75.29,74.85,62.68,58.28,0.46,38.45,35.87,0.0,Normal,0
2020-10-07 23:00:00,1013.8,826.52,90.35,87.66,87.49,59.6,60.94,3.01,38.38,37.22,181473.68,Normal,0
2020-10-08 00:00:00,1081.16,901.06,102.59,100.34,98.95,60.06,66.67,3.53,43.53,42.05,195316.96,Normal,0
2020-10-08 01:00:00,1078.15,901.05,106.45,104.45,102.73,61.64,70.15,3.4,44.25,44.29,195602.85,Normal,0
2020-10-08 02:00:00,1086.8,901.05,108.81,106.83,105.05,63.92,72.97,3.44,43.6,44.15,199239.71,Normal,0
2020-10-08 03:00:00,534.51,463.08,104.97,103.31,101.41,65.89,73.47,1.87,45.73,47.19,100475.24,Normal,0
2020-10-08 04:00:00,0.0,0.0,85.75,85.13,86.61,64.29,64.2,0.46,43.3,42.4,7.2,Normal,0
2020-10-08 05:00:00,0.0,0.0,77.53,75.77,80.16,62.57,57.83,0.46,37.73,35.93,4.38,Normal,0
2020-10-08 06:00:00,0.0,0.0,72.16,69.71,75.12,60.79,53.87,0.46,34.28,32.57,0.0,Normal,0
2020-10-08 07:00:00,0.0,0.0,68.13,65.53,71.22,58.69,50.99,0.46,32.12,30.39,0.0,Normal,0
2020-10-08 08:00:00,0.0,0.0,64.86,62.19,67.78,56.49,48.62,0.47,30.56,29.52,0.0,Normal,0
2020-10-08 09:00:00,559.42,464.79,74.56,71.99,74.29,53.69,52.47,1.9,35.31,35.19,96068.9,Normal,0
2020-10-08 10:00:00,1069.69,901.05,89.71,87.81,87.54,54.39,59.35,3.84,44.67,44.23,191326.91,Normal,0
2020-10-08 11:00:00,1054.23,901.05,100.66,99.0,97.77,58.16,66.53,3.55,49.57,48.73,183945.08,Normal,0
2020-10-08 12:00:00,1045.8,901.04,106.34,104.71,103.16,61.83,72.35,3.92,49.92,50.7,182335.11,Normal,0
2020-10-08 13:00:00,1048.48,901.05,110.4,108.73,107.01,65.46,75.64,3.56,49.14,51.36,185191.2,Normal,0
2020-10-08 14:00:00,1054.49,901.13,113.39,111.66,109.89,69.13,78.31,3.53,50.31,52.12,185944.89,Normal,0
2020-10-08 15:00:00,1046.15,901.1,115.57,113.83,112.0,71.61,80.33,3.63,52.68,52.8,185518.8,Normal,0
2020-10-08 16:00:00,969.04,839.17,116.49,114.8,112.86,72.91,81.57,3.19,52.38,52.44,170085.77,Normal,0
2020-10-08 17:00:00,1052.98,901.05,116.19,114.49,112.54,72.51,81.97,4.16,51.88,52.29,185817.29,Normal,0
2020-10-08 18:00:00,1051.0,901.08,117.64,115.85,113.81,72.53,82.6,4.07,51.47,51.24,185314.94,Normal,0
2020-10-08 19:00:00,1060.27,901.13,117.73,115.87,113.71,71.86,82.47,3.94,50.38,49.29,187271.16,Normal,0
2020-10-08 20:00:00,1052.47,900.95,117.0,115.12,112.93,70.74,81.48,3.58,49.96,48.27,187081.52,Normal,0
2020-10-08 21:00:00,1066.81,901.1,116.54,114.64,112.52,69.7,80.54,2.93,48.66,47.82,191790.45,Normal,0
2020-10-08 22:00:00,1061.73,901.1,115.9,113.94,111.89,68.99,79.79,3.71,47.7,46.48,189947.95,Normal,0
2020-10-08 23:00:00,1077.55,901.1,115.39,113.37,111.31,68.49,78.92,3.97,46.07,45.21,195441.82,Normal,0
2020-10-09 00:00:00,1072.8,901.08,114.7,112.64,110.58,67.85,78.2,3.74,45.41,44.04,192839.9,Normal,0
2020-10-09 01:00:00,1070.23,901.07,113.73,111.66,109.61,66.92,77.66,3.59,46.48,43.99,191686.46,Normal,0
2020-10-09 02:00:00,802.93,679.45,111.68,109.68,107.6,66.66,76.82,2.31,46.89,45.62,146269.73,Normal,0
2020-10-09 03:00:00,688.22,567.99,99.95,98.59,97.84,64.77,71.32,2.52,43.34,41.17,119142.32,Normal,0
2020-10-09 04:00:00,789.58,664.22,104.72,102.74,101.27,63.87,74.05,3.12,43.94,41.14,139985.12,Normal,0
2020-10-09 05:00:00,1076.62,901.04,106.25,104.29,102.88,62.51,73.32,3.81,44.49,42.35,194324.79,Normal,0
2020-10-09 06:00:00,1076.71,901.05,108.87,106.84,105.09,62.4,74.42,3.93,44.11,42.7,193015.22,Normal,0
2020-10-09 07:00:00,1068.94,901.05,109.67,107.68,105.8,62.56,75.37,3.94,43.99,42.51,191921.97,Normal,0
2020-10-09 08:00:00,1063.77,901.09,110.1,108.11,106.2,63.08,75.4,3.58,45.43,42.53,188489.51,Normal,0
2020-10-09 09:00:00,1057.28,901.08,110.57,108.64,106.8,64.17,76.21,3.77,45.0,44.35,187718.17,Normal,0
2020-10-09 10:00:00,1067.69,899.44,111.85,110.05,108.14,65.44,77.49,3.9,46.78,45.91,191551.15,Normal,0
2020-10-09 11:00:00,1063.38,901.16,113.05,111.22,109.19,66.18,78.43,3.7,48.84,47.16,190275.05,Normal,0
2020-10-09 12:00:00,1056.08,901.2,113.78,111.93,109.92,67.35,79.62,4.01,48.55,48.0,186311.53,Normal,0
2020-10-09 13:00:00,1053.02,901.08,114.48,112.66,110.69,69.59,80.39,3.55,50.01,49.19,184026.49,Normal,0
2020-10-09 14:00:00,1053.23,901.13,115.5,113.67,111.66,71.21,81.34,3.7,50.94,50.18,185345.98,Normal,0
2020-10-09 15:00:00,1056.47,901.15,116.75,114.93,112.94,72.32,81.83,3.77,51.02,51.11,185753.49,Normal,0
2020-10-09 16:00:00,1047.32,901.16,117.43,115.6,113.59,72.67,82.79,3.62,51.77,51.22,184453.1,Normal,0
2020-10-09 17:00:00,1055.67,901.15,117.71,115.9,113.79,72.88,82.79,3.8,49.9,50.38,185394.68,Normal,0
2020-10-09 18:00:00,1053.54,901.18,117.68,115.84,113.66,72.01,82.78,3.66,50.61,49.09,186675.01,Normal,0
2020-10-09 19:00:00,1059.63,901.14,117.21,115.31,113.14,70.69,82.01,3.89,48.16,47.65,188490.65,Normal,0
2020-10-09 20:00:00,1060.55,901.14,116.51,114.59,112.44,69.45,81.0,4.06,47.28,46.88,189235.38,Normal,0
2020-10-09 21:00:00,989.48,871.33,115.63,113.68,111.6,68.8,80.76,3.5,47.58,46.63,175083.74,Normal,0
2020-10-09 22:00:00,0.0,0.04,96.45,96.22,94.0,65.81,74.58,0.47,48.63,48.6,475.48,Normal,0
2020-10-09 23:00:00,512.82,423.05,90.01,89.77,88.94,63.12,68.74,2.83,43.53,40.46,82159.56,Normal,0
2020-10-10 00:00:00,1054.5,901.08,104.63,102.6,100.96,64.42,71.75,5.32,44.44,42.97,185154.35,Normal,0
2020-10-10 01:00:00,1055.32,901.05,108.38,106.43,104.64,64.67,73.42,4.53,44.16,43.89,186576.26,Normal,0
2020-10-10 02:00:00,1063.06,901.08,109.79,107.85,106.0,65.0,74.53,4.46,44.08,44.19,187519.69,Normal,0
2020-10-10 03:00:00,1071.43,901.08,110.71,108.74,106.83,65.59,75.0,4.08,44.56,43.11,191011.6,Normal,0
2020-10-10 04:00:00,1082.68,901.09,111.17,109.18,107.24,65.54,75.57,4.43,43.72,43.4,192962.11,Normal,0
2020-10-10 05:00:00,1081.1,901.16,111.33,109.33,107.35,65.19,75.85,4.21,44.21,42.84,193207.32,Normal,0
2020-10-10 06:00:00,1073.46,901.07,110.92,108.89,106.88,64.61,75.41,4.16,42.44,42.71,192126.56,Normal,0
2020-10-10 07:00:00,1067.69,901.08,110.51,108.49,106.45,63.65,74.66,4.0,41.93,41.37,192470.96,Normal,0
2020-10-10 08:00:00,1076.43,901.07,110.29,108.24,106.23,63.4,74.19,4.21,41.9,42.1,192926.67,Normal,0
2020-10-10 09:00:00,1065.37,901.11,110.91,108.98,107.04,64.5,75.02,3.9,44.48,44.85,188704.55,Normal,0
2020-10-10 10:00:00,1069.34,901.12,112.05,110.24,108.26,66.06,76.67,3.77,46.26,46.42,189051.98,Normal,0
2020-10-10 11:00:00,1069.9,901.08,113.42,111.57,109.61,68.29,78.06,3.72,47.17,47.19,190732.12,Normal,0
2020-10-10 12:00:00,1066.82,901.12,114.57,112.71,110.68,69.68,79.15,3.37,48.42,47.87,190483.62,Normal,0
2020-10-10 13:00:00,1060.89,901.19,115.47,113.64,111.59,70.51,80.23,3.59,48.66,48.77,187697.05,Normal,0
2020-10-10 14:00:00,775.46,659.01,112.52,110.87,108.54,70.65,79.91,2.96,48.85,48.56,132749.67,Normal,0
2020-10-10 15:00:00,1061.89,901.11,111.61,109.97,108.02,69.65,78.66,3.37,49.86,48.88,187567.4,Normal,0
2020-10-10 16:00:00,1063.09,901.2,115.38,113.57,111.65,70.64,80.93,3.6,51.26,50.36,188045.69,Normal,0
2020-10-10 17:00:00,891.1,764.79,116.5,114.68,112.6,71.32,81.87,2.78,50.98,51.07,163956.38,Normal,0
2020-10-10 18:00:00,0.0,0.0,98.43,98.75,95.31,70.8,74.29,0.48,50.35,51.73,18.83,Normal,0
2020-10-10 19:00:00,0.0,0.0,88.39,89.1,84.69,68.11,66.26,0.48,43.95,42.89,0.0,Normal,0
2020-10-10 20:00:00,0.0,0.0,82.98,82.87,78.03,65.89,61.57,0.48,40.04,37.6,0.0,Normal,0
2020-10-10 21:00:00,0.0,0.0,78.66,77.62,74.63,63.1,59.26,0.48,38.19,35.25,34.61,Normal,0
2020-10-10 22:00:00,0.0,0.0,74.98,73.46,72.29,60.24,57.53,0.47,36.12,32.91,0.0,Normal,0
2020-10-10 23:00:00,845.75,688.14,84.64,82.27,81.39,57.17,58.83,3.54,36.12,34.51,148786.47,Normal,0
2020-10-11 00:00:00,1101.58,901.08,100.39,98.09,96.66,57.66,65.18,4.52,41.08,41.16,202001.84,Normal,0
2020-10-11 01:00:00,1096.94,901.15,105.39,103.33,101.7,59.16,68.54,4.8,42.79,42.13,201743.32,Normal,0
2020-10-11 02:00:00,1097.62,901.11,107.9,105.87,104.02,60.11,70.73,4.56,42.64,42.04,203796.83,Normal,0
2020-10-11 03:00:00,1093.19,901.04,109.2,107.15,105.29,61.11,72.35,4.58,41.26,42.28,202162.24,Normal,0
2020-10-11 04:00:00,1066.69,901.12,109.42,107.41,105.47,61.65,73.12,4.45,42.19,41.57,194981.08,Normal,0
2020-10-11 05:00:00,1073.43,901.05,109.81,107.84,105.86,62.24,73.69,4.64,41.92,41.82,197118.87,Normal,0
2020-10-11 06:00:00,1073.61,901.03,110.05,108.03,106.04,62.41,73.97,4.57,41.04,41.15,196134.08,Normal,0
2020-10-11 07:00:00,787.93,670.76,108.25,106.28,104.16,62.6,73.25,3.52,39.67,39.96,147097.78,Normal,0
2020-10-11 08:00:00,312.72,246.25,87.66,87.28,86.24,57.99,64.39,1.57,36.78,36.56,51890.94,Normal,0
2020-10-11 09:00:00,138.04,122.38,83.03,81.92,80.83,54.39,61.33,1.11,34.98,34.31,30974.32,Normal,0
2020-10-11 10:00:00,576.16,461.09,73.51,73.65,72.62,50.62,56.83,2.55,36.15,36.05,96408.53,Normal,0
2020-10-11 11:00:00,1068.62,901.07,95.46,93.92,92.95,56.42,64.08,4.78,44.87,45.2,188413.77,Normal,0
2020-10-11 12:00:00,1061.45,901.07,104.13,102.44,100.93,59.95,69.83,5.11,46.24,47.62,187237.23,Normal,0
2020-10-11 13:00:00,1066.17,901.09,109.02,107.29,105.58,63.26,73.93,4.91,47.98,49.7,188889.97,Normal,0
2020-10-11 14:00:00,1059.61,901.15,112.24,110.51,108.68,66.42,77.17,4.52,47.7,49.81,188309.47,Normal,0
2020-10-11 15:00:00,1057.08,901.13,114.45,112.66,110.8,69.79,79.09,3.96,49.29,50.48,187140.45,Normal,0
2020-10-11 16:00:00,1062.84,901.12,115.95,114.15,112.14,71.43,80.69,3.95,48.7,50.91,188173.48,Normal,0
2020-10-11 17:00:00,901.73,770.4,116.45,114.62,112.53,72.11,81.31,3.32,49.24,51.75,164818.96,Normal,0
2020-10-11 18:00:00,0.0,0.0,98.33,98.63,95.22,70.86,73.75,0.5,48.68,51.5,0.22,Normal,0
2020-10-11 19:00:00,677.61,547.38,96.73,96.4,92.8,67.25,68.54,3.09,42.54,42.32,121471.33,Normal,0
2020-10-11 20:00:00,801.63,656.15,103.45,101.56,98.91,63.95,71.4,3.5,42.62,42.14,144098.25,Normal,0
2020-10-11 21:00:00,268.67,238.79,96.23,95.17,93.04,62.09,69.43,1.39,45.47,45.77,54413.14,Normal,0
2020-10-11 22:00:00,36.68,1.33,81.04,81.4,79.99,59.73,62.2,0.49,42.6,40.85,49.76,Normal,0
2020-10-11 23:00:00,940.58,783.59,91.2,89.56,88.98,57.95,62.94,3.56,38.45,37.38,168153.41,Normal,0
2020-10-12 00:00:00,1074.96,901.21,102.87,100.81,99.35,58.68,67.73,3.69,41.5,42.05,195289.82,Normal,0
2020-10-12 01:00:00,1056.54,858.15,105.88,103.87,102.07,59.52,69.85,3.4,40.52,42.07,186964.87,Normal,0
2020-10-12 02:00:00,785.01,637.8,97.82,96.21,94.08,56.99,67.31,3.17,43.14,42.37,127274.04,Normal,0
2020-10-12 03:00:00,226.19,168.72,84.2,83.33,81.14,52.83,61.81,1.11,44.77,46.68,36708.5,Normal,0
2020-10-12 04:00:00,28.78,0.99,67.83,67.88,66.44,47.22,54.43,0.51,31.85,32.99,97.67,Normal,0
2020-10-12 05:00:00,923.8,546.43,68.57,68.3,68.61,46.65,51.22,2.13,33.02,34.11,112495.25,Normal,0
2020-10-12 06:00:00,1064.61,901.16,90.77,89.07,88.21,50.92,57.78,3.69,37.66,38.71,193372.77,Normal,0
2020-10-12 07:00:00,1062.88,901.12,98.78,97.12,95.59,53.48,62.26,3.47,38.15,38.88,193589.08,Normal,0
2020-10-12 08:00:00,745.04,627.86,95.78,94.35,92.52,54.13,62.72,2.76,36.47,38.85,130632.91,Normal,0
2020-10-12 09:00:00,1088.71,898.81,101.01,99.33,97.83,56.2,65.08,4.1,40.17,41.63,203801.2,Normal,0
2020-10-12 10:00:00,1075.4,901.22,106.26,104.61,102.82,59.28,69.04,3.85,42.14,45.87,198224.67,Normal,0
2020-10-12 11:00:00,1073.76,901.21,109.46,107.71,105.82,62.23,72.79,3.95,44.31,48.75,195536.39,Normal,0
2020-10-12 12:00:00,1056.6,901.28,111.5,109.82,107.85,65.21,75.24,3.67,45.46,50.69,189613.92,Normal,0
2020-10-12 13:00:00,1053.1,901.26,113.39,111.72,109.72,68.26,77.46,4.11,46.63,51.81,187642.04,Normal,0
2020-10-12 14:00:00,490.45,425.27,109.17,107.91,105.65,69.92,77.57,1.87,49.41,55.77,89885.85,Normal,0
2020-10-12 15:00:00,140.9,112.82,91.96,92.62,90.88,67.47,69.85,0.86,46.54,50.19,21237.42,Normal,0
2020-10-12 16:00:00,1059.74,896.55,106.32,104.63,103.08,66.19,72.87,4.19,45.9,48.26,198896.92,Normal,0
2020-10-12 17:00:00,481.78,386.9,99.53,98.41,96.09,64.24,72.17,1.99,45.5,48.72,84228.12,Normal,0
2020-10-12 18:00:00,1087.53,901.1,108.46,106.82,104.98,63.91,73.43,4.34,47.48,50.26,204649.39,Normal,0
2020-10-12 19:00:00,1090.14,901.14,112.96,111.16,109.09,64.55,76.16,4.08,46.51,49.32,205289.06,Normal,0
2020-10-12 20:00:00,1082.36,901.14,114.38,112.58,110.31,64.86,77.17,4.15,44.25,47.84,203559.27,Normal,0
2020-10-12 21:00:00,1079.82,901.11,114.47,112.59,110.38,64.86,77.73,4.47,43.44,47.68,203058.98,Normal,0
2020-10-12 22:00:00,1081.96,901.12,114.23,112.4,110.16,64.53,77.73,4.83,42.92,46.69,204483.35,Normal,0
2020-10-12 23:00:00,412.31,355.8,105.94,104.71,102.06,63.62,75.19,2.19,43.39,47.82,81860.23,Normal,0
2020-10-13 00:00:00,684.72,558.04,92.97,92.58,90.6,57.9,67.41,3.22,36.44,37.23,120594.35,Normal,0
2020-10-13 01:00:00,1064.22,901.13,104.09,102.22,100.43,58.98,69.57,4.85,39.61,42.31,197011.54,Normal,0
2020-10-13 02:00:00,843.44,738.05,105.83,104.04,101.94,59.14,70.6,3.74,40.92,42.86,158286.08,Normal,0
2020-10-13 03:00:00,416.87,354.46,89.83,89.11,87.94,56.39,63.92,2.16,38.95,41.41,71288.87,Normal,0
2020-10-13 04:00:00,1046.33,901.11,100.05,98.16,96.93,56.34,65.85,4.9,39.1,40.69,189718.72,Normal,0
2020-10-13 05:00:00,1047.76,901.08,103.28,101.46,99.62,56.65,67.49,5.06,39.14,41.2,189472.58,Normal,0
2020-10-13 06:00:00,1058.68,901.13,104.56,102.71,100.75,57.12,68.26,4.84,39.3,41.06,194810.76,Normal,0
2020-10-13 07:00:00,1059.77,901.16,105.46,103.6,101.58,57.44,68.82,4.67,39.39,40.61,195298.82,Normal,0
2020-10-13 08:00:00,1057.51,901.03,105.87,104.02,101.97,57.97,69.43,4.95,40.58,40.06,195200.79,Normal,0
2020-10-13 09:00:00,1055.32,900.92,106.05,104.25,102.24,58.61,70.21,4.44,41.08,42.54,193613.55,Normal,0
2020-10-13 10:00:00,1051.5,901.05,106.79,105.03,102.94,59.54,71.19,4.64,42.39,44.92,192768.75,Normal,0
2020-10-13 11:00:00,1034.53,901.01,107.52,105.84,103.79,60.93,72.49,4.38,44.04,46.37,187627.48,Normal,0
2020-10-13 12:00:00,1059.03,901.01,109.67,108.03,105.97,62.66,74.01,4.52,45.01,47.46,196375.13,Normal,0
2020-10-13 13:00:00,1048.3,901.07,111.28,109.69,107.58,64.63,75.5,4.76,46.48,48.46,191660.29,Normal,0
2020-10-14 06:00:00,1065.9,900.89,105.42,103.45,101.48,59.01,68.91,4.59,37.14,38.48,199691.23,Normal,0
2020-10-14 07:00:00,1062.2,900.9,105.06,103.12,101.04,58.32,68.42,4.38,36.18,38.07,197894.35,Normal,0
2020-10-14 08:00:00,1068.97,900.81,104.96,103.04,100.99,57.56,68.17,4.62,37.3,38.52,200736.48,Normal,0
2020-10-14 09:00:00,710.91,627.02,102.66,100.91,98.75,57.52,68.34,3.5,39.38,40.45,129100.78,Normal,0
2020-10-14 10:00:00,0.0,0.0,81.97,82.47,80.53,55.36,61.79,0.49,40.62,41.85,13.26,Normal,0
2020-10-14 11:00:00,0.0,0.0,73.92,74.35,73.76,54.2,56.77,0.5,36.8,36.07,0.0,Normal,0
2020-10-14 12:00:00,0.0,0.0,69.63,69.22,69.7,53.31,54.11,0.51,34.63,33.32,34.49,Normal,0
2020-10-14 13:00:00,0.0,0.0,66.34,65.58,66.03,52.33,51.59,0.5,32.69,31.56,0.0,Normal,0
2020-10-14 14:00:00,0.0,0.0,63.74,62.84,63.02,51.26,49.63,0.5,31.63,30.73,0.0,Normal,0
2020-10-14 15:00:00,0.0,0.0,61.58,60.63,60.62,50.08,48.12,0.5,30.81,30.03,8.02,Normal,0
2020-10-14 16:00:00,0.0,0.0,59.6,58.66,58.17,48.99,46.41,0.51,29.95,29.16,121.95,Normal,0
2020-10-14 17:00:00,0.0,0.0,57.77,56.79,55.99,47.68,44.89,0.5,29.08,28.37,0.03,Normal,0
2020-10-14 18:00:00,0.0,0.0,55.99,54.96,53.75,46.33,43.1,0.51,27.67,26.67,0.0,Normal,0
2020-10-14 19:00:00,929.68,766.35,70.96,69.31,68.04,45.25,46.41,4.15,31.46,31.06,170514.3,Normal,0
2020-10-14 20:00:00,1066.93,901.16,89.9,88.21,86.89,48.19,54.98,5.62,39.17,38.76,197257.95,Normal,0
2020-10-14 21:00:00,1074.25,900.97,97.39,95.82,94.23,51.8,60.65,5.63,40.74,39.65,201018.42,Normal,0
2020-10-14 22:00:00,1071.2,900.94,101.67,100.05,98.23,54.53,64.75,5.47,39.81,40.3,199933.98,Normal,0
2020-10-14 23:00:00,1065.83,900.93,103.91,102.24,100.27,56.71,67.33,5.22,40.45,39.85,198460.46,Normal,0
2020-10-15 00:00:00,1065.26,900.92,105.09,103.32,101.3,58.27,68.89,5.02,40.92,39.93,198234.77,Normal,0
2020-10-15 01:00:00,1066.13,900.86,105.99,104.27,102.17,59.59,69.34,5.35,41.34,40.27,198591.97,Normal,0
2020-10-15 02:00:00,1067.59,900.76,106.91,105.18,102.93,59.7,69.72,5.65,40.1,37.73,201176.0,Normal,0
2020-10-15 03:00:00,1061.21,900.84,107.13,105.41,103.12,59.65,70.0,5.37,39.17,38.17,197189.33,Normal,0
2020-10-15 04:00:00,1057.46,900.82,107.14,105.41,103.09,59.3,70.12,5.05,38.88,39.13,196168.45,Normal,0
2020-10-15 05:00:00,1059.86,900.76,107.04,105.33,102.94,59.0,70.15,5.22,39.02,39.39,197739.31,Normal,0
2020-10-15 06:00:00,1070.67,900.52,107.1,105.35,103.0,59.03,70.03,5.31,38.66,38.74,202049.62,Normal,0
2020-10-15 07:00:00,1066.96,900.61,107.07,105.35,102.99,59.06,69.99,5.31,38.39,37.47,201345.65,Normal,0
2020-10-15 08:00:00,1060.37,900.68,106.71,104.96,102.65,58.76,69.97,4.91,40.22,38.84,198286.42,Normal,0
2020-10-15 09:00:00,1061.93,900.84,106.52,104.69,102.48,58.67,70.03,4.77,40.71,39.64,195806.27,Normal,0
2020-10-15 10:00:00,1062.59,900.76,106.64,104.81,102.65,58.96,70.2,5.16,40.41,40.86,195878.45,Normal,0
2020-10-15 11:00:00,1066.1,900.59,106.99,105.18,103.01,59.4,70.42,5.26,40.44,40.93,196540.55,Normal,0
2020-10-15 12:00:00,1069.63,900.42,107.58,105.77,103.67,60.62,71.02,5.28,41.17,42.15,197724.7,Normal,0
2020-10-15 13:00:00,1066.84,900.28,108.55,106.74,104.67,62.51,71.93,5.25,41.7,42.59,198709.73,Normal,0
2020-10-15 14:00:00,1078.05,899.66,109.71,107.85,105.77,63.2,72.74,5.14,42.36,42.99,202852.2,Normal,0
2020-10-15 15:00:00,1059.77,900.71,110.39,108.62,106.43,63.39,73.49,5.47,42.68,43.0,196542.13,Normal,0
2020-10-15 16:00:00,1065.54,899.83,111.31,109.61,107.4,64.54,74.27,5.31,43.78,43.89,198479.99,Normal,0
2020-10-15 17:00:00,1068.98,898.95,112.34,110.56,108.34,64.22,74.69,5.97,44.84,43.72,202932.8,Normal,0
2020-10-15 18:00:00,1063.88,900.42,112.25,110.49,108.18,63.25,74.97,5.73,44.1,42.32,200017.76,Normal,0
2020-10-15 19:00:00,1069.71,900.11,111.4,109.52,107.16,61.9,74.41,4.78,42.39,40.53,203575.06,Normal,0
2020-10-15 20:00:00,1061.43,900.12,110.37,108.49,106.07,60.86,73.25,5.66,41.77,39.79,200929.23,Normal,0
2020-10-15 21:00:00,1056.8,899.98,109.22,107.4,105.02,60.15,72.21,5.65,41.18,39.14,197951.33,Normal,0
2020-10-15 22:00:00,1054.9,900.36,108.56,106.76,104.43,59.51,71.51,5.05,40.72,38.38,196236.05,Normal,0
2020-10-15 23:00:00,1061.34,900.23,107.75,105.97,103.61,58.96,70.83,4.83,40.74,37.7,196136.32,Normal,0
2020-10-16 00:00:00,1057.68,900.03,106.86,105.03,102.71,58.76,70.1,4.89,40.27,38.93,196102.38,Normal,0
2020-10-16 01:00:00,1056.9,900.16,106.25,104.46,102.18,58.6,69.87,5.15,40.0,38.41,194720.28,Normal,0
2020-10-16 02:00:00,1059.28,900.16,106.01,104.27,101.97,58.01,69.25,5.3,40.47,37.84,196441.87,Normal,0
2020-10-16 03:00:00,1062.25,899.72,106.08,104.34,102.06,57.9,69.09,5.07,39.64,37.54,199739.79,Normal,0
2020-10-16 04:00:00,1058.46,899.72,105.92,104.13,101.97,58.06,69.31,4.98,39.78,37.91,198608.01,Normal,0
2020-10-16 05:00:00,1061.46,899.43,106.08,104.26,102.16,58.39,69.4,5.38,39.29,37.78,199777.49,Normal,0
2020-10-16 06:00:00,1064.29,899.68,106.13,104.29,102.23,58.87,69.34,5.38,39.51,37.55,198534.72,Normal,0
2020-10-16 07:00:00,1057.65,899.86,105.94,104.07,101.94,58.68,69.09,5.09,40.51,36.4,197416.27,Normal,0
2020-10-16 08:00:00,1057.78,899.94,105.63,103.72,101.67,58.16,68.89,5.32,39.35,36.03,195278.48,Normal,0
2020-10-16 09:00:00,1056.63,899.75,105.54,103.62,101.58,58.34,68.75,5.22,39.04,36.61,196503.74,Normal,0
2020-10-16 10:00:00,791.99,678.27,104.06,102.26,100.08,58.45,68.8,3.9,40.0,39.23,146273.16,Normal,0
2020-10-16 11:00:00,0.0,0.0,85.05,85.34,83.53,57.62,62.54,0.48,41.19,41.64,122.2,Normal,0
2020-10-16 12:00:00,0.0,0.0,76.37,76.58,75.29,55.98,56.42,0.47,35.13,33.84,3.5,Normal,0
2020-10-16 13:00:00,397.02,10.98,72.17,71.48,69.66,55.15,52.85,0.58,31.62,29.53,1330.02,Normal,0
2020-10-16 14:00:00,183.33,0.05,68.98,67.59,65.64,54.93,50.84,0.47,30.05,28.63,73.84,Normal,0
2020-10-16 15:00:00,506.91,425.4,70.69,69.03,67.15,51.04,49.6,2.59,29.51,28.8,91190.92,Normal,0
2020-10-16 16:00:00,1062.17,901.17,90.82,88.93,87.52,51.87,57.88,5.34,38.07,38.57,197211.28,Normal,0
2020-10-16 17:00:00,1055.41,901.16,99.62,98.01,96.35,54.85,63.51,5.43,40.09,40.2,194663.08,Normal,0
2020-10-16 18:00:00,881.62,753.45,103.06,101.48,99.49,57.22,66.64,4.33,41.71,42.14,164893.32,Normal,0
2020-10-16 19:00:00,0.0,0.0,86.15,86.36,83.37,57.72,61.08,0.48,41.19,42.22,15.02,Normal,0
2020-10-16 20:00:00,0.0,0.0,76.62,76.91,73.23,56.1,54.35,0.47,34.7,33.74,17.32,Normal,0
2020-10-16 21:00:00,0.0,0.0,71.36,70.75,67.02,54.56,50.42,0.47,30.9,28.67,0.0,Normal,0
2020-10-16 22:00:00,0.0,0.0,67.32,66.01,63.88,52.42,48.61,0.47,29.16,26.67,0.0,Normal,0
2020-10-16 23:00:00,861.04,704.98,77.65,75.41,74.35,49.54,51.05,3.6,29.87,28.67,155546.81,Normal,0
2020-10-17 00:00:00,1073.78,901.14,93.22,91.17,89.73,50.24,57.77,4.65,35.08,36.78,200223.38,Normal,0
2020-10-17 01:00:00,1059.62,900.08,98.24,96.54,94.84,52.07,61.57,5.19,36.65,37.82,195344.34,Normal,0
2020-10-17 02:00:00,1066.73,900.96,101.12,99.42,97.6,53.83,64.15,4.78,36.45,36.45,198494.41,Normal,0
2020-10-17 03:00:00,1052.75,900.96,102.19,100.43,98.49,55.02,65.69,5.16,35.8,36.96,191333.02,Normal,0
2020-10-17 04:00:00,1068.52,901.08,103.06,101.22,99.25,56.01,66.53,5.18,35.74,34.94,200292.69,Normal,0
2020-10-17 05:00:00,1074.34,901.01,103.46,101.58,99.59,56.6,67.13,5.21,36.28,35.86,202149.01,Normal,0
2020-10-17 06:00:00,1069.21,901.04,103.48,101.55,99.55,56.61,67.25,4.91,35.42,34.82,199874.57,Normal,0
2020-10-17 07:00:00,1065.93,901.04,103.37,101.5,99.45,56.22,67.21,5.22,35.13,34.12,198643.3,Normal,0
2020-10-17 08:00:00,1063.97,900.98,103.31,101.45,99.38,55.73,66.87,5.02,34.66,34.95,199177.71,Normal,0
2020-10-17 09:00:00,1063.99,900.96,103.94,102.11,100.12,56.64,67.45,4.73,36.68,37.43,197857.45,Normal,0
2020-10-17 10:00:00,1066.39,899.43,105.36,103.55,101.6,58.24,68.78,4.88,37.74,38.81,198619.36,Normal,0
2020-10-17 11:00:00,1060.62,900.83,106.84,105.12,103.02,59.48,70.24,5.04,38.79,38.94,197525.99,Normal,0
2020-10-17 12:00:00,1058.64,900.95,108.06,106.37,104.21,61.03,71.72,5.04,40.52,39.13,197622.0,Normal,0
2020-10-17 13:00:00,977.7,839.39,108.76,107.07,104.88,62.34,72.54,5.57,41.22,40.71,179915.49,Normal,0
2020-10-17 14:00:00,807.98,715.68,102.98,101.53,99.1,61.24,70.51,4.39,40.66,39.56,146070.64,Normal,0
2020-10-17 15:00:00,1021.22,880.63,104.47,102.91,100.89,60.46,69.49,4.14,42.52,41.65,187298.58,Normal,0
2020-10-17 16:00:00,1041.71,893.87,107.72,106.1,104.11,61.59,70.86,3.37,43.52,43.08,190396.96,Normal,0
2020-10-17 17:00:00,1055.46,901.1,109.84,108.14,106.09,62.91,72.46,3.61,43.51,43.63,192968.67,Normal,0
2020-10-17 18:00:00,1059.14,901.14,110.61,108.85,106.71,64.07,73.57,3.1,43.73,43.45,193799.91,Normal,0
2020-10-17 19:00:00,1061.71,901.16,110.76,108.87,106.67,64.61,73.7,2.66,43.52,41.9,195017.08,Normal,0
2020-10-17 20:00:00,1059.72,901.12,110.47,108.68,106.34,63.63,73.39,2.77,42.99,40.5,194985.42,Normal,0
2020-10-17 21:00:00,565.44,483.6,105.23,103.69,101.26,62.67,71.72,1.8,43.53,41.95,105430.73,Normal,0
2020-10-17 22:00:00,0.0,0.0,85.71,85.82,85.36,60.34,64.43,0.47,42.88,40.72,7.83,Normal,0
2020-10-17 23:00:00,486.42,394.53,83.51,82.47,83.6,57.33,60.7,1.43,35.9,32.77,85186.91,Normal,0
2020-10-18 00:00:00,1062.83,901.03,99.14,96.93,95.92,56.28,64.09,2.57,36.98,33.96,197359.37,Normal,0
2020-10-18 01:00:00,1068.55,898.78,102.66,100.75,98.93,55.98,65.39,3.21,36.63,34.5,199722.86,Normal,0
2020-10-18 02:00:00,1088.35,899.74,104.61,102.69,100.66,56.01,66.09,2.59,36.36,34.91,209689.29,Normal,0
2020-10-18 03:00:00,1087.58,899.86,105.14,103.15,101.11,56.31,66.7,2.7,34.61,33.5,209530.01,Normal,0
2020-10-18 04:00:00,1085.42,900.68,105.33,103.31,101.33,56.69,67.34,3.2,35.05,33.85,206096.78,Normal,0
2020-10-18 05:00:00,1080.39,900.68,105.34,103.36,101.28,56.87,67.61,4.13,35.39,32.88,205097.41,Normal,0
2020-10-18 06:00:00,1079.2,900.58,105.29,103.33,101.28,56.84,67.74,2.8,35.25,33.13,203749.01,Normal,0
2020-10-18 07:00:00,1064.87,900.66,105.66,103.83,101.69,57.59,68.42,2.6,35.67,34.73,199687.82,Normal,0
2020-10-18 08:00:00,1070.37,900.81,106.13,104.4,102.18,58.32,68.47,2.52,36.09,36.82,199575.86,Normal,0
2020-10-18 09:00:00,1066.59,900.5,106.84,105.09,102.91,60.06,69.17,2.72,38.03,38.6,196974.06,Normal,0
2020-10-18 10:00:00,1074.99,901.02,108.63,106.88,104.88,62.77,70.71,3.25,40.32,40.55,201250.19,Normal,0
2020-10-18 11:00:00,1074.24,901.09,110.75,108.97,107.06,66.17,72.8,3.59,42.94,43.95,200301.14,Normal,0
2020-10-18 12:00:00,1053.95,901.1,112.87,111.23,109.22,68.69,75.71,3.81,45.7,46.6,192709.92,Normal,0
2020-10-18 13:00:00,1051.11,901.14,114.6,112.97,110.91,70.48,78.76,4.04,48.11,48.24,191046.87,Normal,0
2020-10-18 14:00:00,1045.02,901.11,116.06,114.45,112.27,71.26,81.4,3.46,49.01,49.6,188175.55,Normal,0
2020-10-18 15:00:00,1045.31,901.1,117.17,115.55,113.3,71.93,83.03,3.65,49.89,50.22,188206.5,Normal,0
2020-10-18 16:00:00,1048.97,901.12,118.79,117.17,114.99,73.58,84.49,3.39,50.02,50.89,189121.78,Normal,0
2020-10-18 17:00:00,1051.66,901.13,120.04,118.38,116.19,74.69,85.58,3.27,50.65,50.99,191218.88,Normal,0
2020-10-18 18:00:00,1052.43,901.1,120.41,118.65,116.38,73.76,86.0,3.03,50.08,51.64,191300.57,Normal,0
2020-10-18 19:00:00,1053.13,901.11,119.63,117.81,115.52,72.74,85.22,3.55,48.85,50.75,192586.28,Normal,0
2020-10-18 20:00:00,1054.79,901.14,118.81,116.99,114.69,71.17,83.98,3.89,47.44,48.05,194254.64,Normal,0
2020-10-18 21:00:00,1060.93,901.07,118.18,116.34,114.07,69.87,82.34,3.64,46.48,47.19,196942.81,Normal,0
2020-10-18 22:00:00,1062.36,901.02,117.37,115.54,113.22,68.61,80.66,3.46,45.35,45.11,198280.03,Normal,0
2020-10-18 23:00:00,1072.75,901.06,116.37,114.42,112.23,67.7,78.66,3.77,44.1,43.37,200504.39,Normal,0
2020-10-19 00:00:00,1058.58,901.16,115.25,113.23,111.11,67.29,77.41,4.33,43.82,44.43,195177.75,Normal,0
2020-10-19 01:00:00,1049.32,901.11,114.31,112.38,110.26,66.65,76.59,4.48,43.62,42.98,191967.33,Normal,0
2020-10-19 02:00:00,1041.64,901.1,113.28,111.36,109.24,65.86,76.01,4.02,42.5,42.81,189155.03,Normal,0
2020-10-19 03:00:00,1040.68,901.07,112.08,110.23,108.05,64.79,75.15,3.88,42.36,41.79,189134.83,Normal,0
2020-10-19 04:00:00,1044.55,901.06,111.2,109.31,107.16,63.77,74.99,2.77,41.33,41.16,192310.32,Normal,0
2020-10-19 05:00:00,1045.84,901.07,110.41,108.46,106.37,63.06,74.0,2.96,41.01,40.69,190889.02,Normal,0
2020-10-19 06:00:00,1049.85,901.1,109.88,107.92,105.88,62.28,73.34,3.08,41.29,40.51,191420.68,Normal,0
2020-10-19 07:00:00,1044.74,901.07,109.45,107.6,105.48,61.54,72.76,2.78,40.24,39.85,189373.85,Normal,0
2020-10-19 08:00:00,1052.11,901.09,109.41,107.58,105.46,61.5,72.66,2.67,40.06,40.79,192409.78,Normal,0
2020-10-19 09:00:00,1046.75,901.05,109.79,108.03,105.96,62.41,73.29,2.87,42.02,43.6,190702.31,Normal,0
2020-10-19 10:00:00,407.48,225.63,101.05,100.32,98.2,63.94,71.98,1.06,47.09,49.28,48223.89,Normal,0
2020-10-19 11:00:00,950.46,266.88,88.42,88.96,87.4,63.1,65.59,1.86,43.62,43.82,27797.37,Normal,0
2020-10-19 12:00:00,1081.67,3.83,90.84,89.89,88.43,67.66,66.53,0.53,45.87,46.69,1268.29,Normal,0
2020-10-19 13:00:00,1010.03,98.66,88.1,86.84,84.62,67.3,64.09,1.17,42.86,43.6,12056.26,Normal,0
2020-10-19 14:00:00,194.4,142.29,83.78,82.37,78.96,65.52,60.21,1.45,39.68,40.17,16545.52,Normal,0
2020-10-19 15:00:00,1100.0,0.0,83.54,81.67,78.69,65.75,60.51,0.59,41.11,43.47,15.9,Normal,0
2020-10-19 16:00:00,1007.62,65.28,80.22,78.44,74.79,63.66,57.77,0.8,38.55,40.1,8570.21,Normal,0
2020-10-19 17:00:00,472.24,286.48,79.43,77.59,73.79,61.55,56.17,1.1,36.84,38.44,58832.16,Normal,0
2020-10-19 18:00:00,1058.14,901.27,97.83,95.69,93.6,61.52,62.47,2.98,41.17,42.78,191775.63,Normal,0
2020-10-19 19:00:00,1062.85,901.28,105.34,103.56,101.61,63.94,67.38,2.69,42.38,43.83,193922.33,Normal,0
2020-10-19 20:00:00,1064.51,901.25,109.03,107.33,105.33,66.2,70.85,2.86,42.58,44.07,195897.12,Normal,0
2020-10-19 21:00:00,1057.48,901.26,111.22,109.51,107.49,67.96,73.83,3.02,42.41,43.06,192609.02,Normal,0
2020-10-19 22:00:00,1058.88,901.24,112.5,110.73,108.64,69.01,75.61,3.26,41.97,43.03,194172.18,Normal,0
2020-10-19 23:00:00,1058.87,901.17,112.71,110.85,108.77,68.35,76.19,2.87,40.68,41.93,193755.39,Normal,0
2020-10-20 00:00:00,1062.03,901.11,112.37,110.45,108.35,66.87,76.16,2.76,39.12,41.57,195904.74,Normal,0
2020-10-20 01:00:00,1064.55,901.12,112.19,110.32,108.2,65.74,75.96,2.7,38.4,40.55,197690.31,Normal,0
2020-10-20 02:00:00,1067.51,901.09,112.18,110.25,108.14,64.89,75.68,2.64,37.7,39.48,199561.35,Normal,0
2020-10-20 03:00:00,777.98,654.86,108.76,106.96,104.55,63.28,74.38,2.11,36.1,36.12,142324.56,Normal,0
2020-10-20 04:00:00,1055.24,901.25,104.71,103.03,101.0,60.51,71.09,2.96,35.22,37.3,194614.98,Normal,0
2020-10-20 05:00:00,1059.88,901.25,107.94,106.12,104.13,61.06,71.83,2.96,36.61,39.36,196338.7,Normal,0
2020-10-20 06:00:00,407.34,322.1,100.42,99.16,97.38,61.6,70.05,1.47,39.33,42.18,71784.08,Normal,0
2020-10-20 07:00:00,1067.01,901.21,101.53,99.82,99.05,59.79,67.97,3.08,36.79,38.87,198323.93,Normal,0
2020-10-20 08:00:00,1062.78,901.21,107.3,105.3,103.58,60.7,70.93,3.07,37.31,40.87,195436.05,Normal,0
2020-10-20 09:00:00,215.54,184.11,97.58,96.63,95.04,61.98,69.13,1.1,41.32,47.09,40923.56,Normal,0
2020-10-20 10:00:00,111.31,79.8,82.87,82.62,84.11,60.88,61.99,0.7,39.29,41.61,15834.99,Normal,0
2020-10-20 11:00:00,1067.1,901.25,99.13,97.07,97.01,60.84,66.46,2.83,40.0,43.53,196422.89,Normal,0
2020-10-20 12:00:00,1052.5,901.26,108.81,106.98,105.51,64.17,72.77,2.54,44.9,49.98,190395.85,Normal,0
2020-10-20 13:00:00,1041.8,901.27,113.46,111.84,110.1,68.0,76.99,2.6,47.53,52.55,185671.77,Normal,0
2020-10-20 14:00:00,1037.98,901.21,116.7,115.11,113.27,71.6,80.56,2.45,48.38,52.99,184650.66,Normal,0
2020-10-20 15:00:00,1042.14,901.12,119.03,117.36,115.49,74.03,83.0,2.77,48.87,54.05,186347.42,Normal,0
2020-10-20 16:00:00,1041.46,901.13,120.66,118.99,117.01,75.31,84.61,2.78,48.75,53.9,187436.28,Normal,0
2020-10-20 17:00:00,658.09,582.92,118.56,117.0,114.72,75.62,84.38,1.87,49.15,53.94,121804.23,Normal,0
2020-10-20 18:00:00,0.0,0.0,98.56,99.07,94.79,73.19,74.15,0.48,46.17,48.32,0.25,Normal,0
2020-10-20 19:00:00,0.0,0.0,89.7,89.7,85.44,69.37,66.98,0.48,41.85,42.24,0.0,Normal,0
2020-10-20 20:00:00,0.0,0.0,84.48,83.56,81.19,66.35,63.85,0.48,39.39,38.46,79.06,Normal,0
2020-10-20 21:00:00,0.0,0.0,80.32,78.86,77.63,63.85,61.46,0.48,37.77,36.07,0.0,Normal,0
2020-10-20 22:00:00,0.0,0.0,76.71,74.85,74.64,61.4,59.52,0.49,36.41,34.44,0.0,Normal,0
2020-10-20 23:00:00,710.09,587.79,84.11,81.69,81.57,58.66,60.06,1.89,35.69,35.23,126883.96,Normal,0
2020-10-21 00:00:00,1039.27,901.15,101.35,99.17,97.86,59.02,66.38,2.52,40.14,42.27,187472.41,Normal,0
2020-10-21 01:00:00,1038.17,901.12,106.48,104.67,102.94,60.25,70.19,2.55,40.96,43.16,187789.98,Normal,0
2020-10-21 02:00:00,1028.76,901.13,108.73,107.0,105.15,61.33,72.87,2.52,40.53,43.54,184365.43,Normal,0
2020-10-21 03:00:00,1022.48,901.24,109.37,107.64,105.57,61.7,74.08,2.54,39.65,42.18,182765.14,Normal,0
2020-10-21 04:00:00,1026.8,901.15,109.36,107.67,105.48,61.7,74.2,2.76,38.8,41.22,185441.01,Normal,0
2020-10-21 05:00:00,1036.71,901.12,109.29,107.54,105.39,61.27,73.82,2.73,37.12,39.86,188980.53,Normal,0
2020-10-21 06:00:00,1042.13,901.07,108.96,107.26,105.05,60.96,73.31,2.63,36.39,39.77,191092.39,Normal,0
2020-10-21 07:00:00,1043.74,901.05,109.23,107.45,105.35,61.17,73.33,2.15,36.0,40.84,191898.86,Normal,0
2020-10-21 08:00:00,1047.64,900.96,109.37,107.51,105.47,61.43,73.88,2.13,36.54,41.78,193378.63,Normal,0
2020-10-21 09:00:00,1046.65,900.98,109.59,107.71,105.72,61.87,74.57,2.16,36.69,41.99,192406.93,Normal,0
2020-10-21 10:00:00,1038.17,901.03,109.87,108.05,106.02,62.29,75.12,2.16,36.98,44.32,189393.4,Normal,0
2020-10-21 11:00:00,1038.87,900.92,110.02,108.2,106.14,62.4,75.49,2.17,36.83,44.89,188092.87,Normal,0
2020-10-21 12:00:00,1041.55,900.83,110.26,108.47,106.36,62.6,75.61,2.23,37.15,44.43,190372.99,Normal,0
2020-10-21 13:00:00,1050.16,900.37,111.28,109.62,107.36,62.95,75.9,2.2,37.36,44.68,194123.64,Normal,0
2020-10-21 14:00:00,1050.24,900.86,111.82,110.16,107.86,63.2,76.25,2.23,37.27,44.94,193656.62,Normal,0
2020-10-21 15:00:00,1048.68,900.96,112.14,110.43,108.26,63.66,76.73,2.31,37.73,44.63,192420.28,Normal,0
2020-10-21 16:00:00,1044.06,900.92,112.13,110.43,108.24,63.8,77.04,2.24,37.25,44.73,192305.97,Normal,0
2020-10-21 17:00:00,664.86,577.91,108.77,107.15,104.68,63.05,75.77,1.49,37.51,45.76,126813.6,Normal,0
2020-10-21 18:00:00,0.0,0.0,88.71,88.83,88.2,61.59,67.15,0.48,39.45,44.67,28.75,Normal,0
2020-10-21 19:00:00,0.0,0.0,80.39,79.67,81.35,59.54,60.96,0.48,35.91,37.35,0.0,Normal,0
2020-10-21 20:00:00,0.0,0.0,75.22,73.52,76.12,58.27,56.87,0.48,32.61,31.9,0.0,Normal,0
2020-10-21 21:00:00,0.0,0.0,70.83,68.59,71.85,56.61,53.84,0.48,30.18,28.28,0.0,Normal,0
2020-10-21 22:00:00,0.0,0.0,67.42,64.89,68.38,54.52,51.66,0.48,28.85,26.54,3.57,Normal,0
2020-10-21 23:00:00,693.01,575.74,75.29,72.33,74.75,52.27,52.54,1.53,29.09,30.14,127704.86,Normal,0
2020-10-22 00:00:00,1079.2,900.98,95.26,92.93,92.17,53.3,60.18,2.14,32.99,39.39,205770.13,Normal,0
2020-10-22 01:00:00,1076.95,901.1,101.68,99.85,98.23,55.18,64.48,2.4,33.92,40.96,205167.07,Normal,0
2020-10-22 02:00:00,1070.88,901.01,104.88,103.05,101.19,56.92,67.17,2.43,33.82,41.82,203868.27,Normal,0
2020-10-22 03:00:00,1060.78,901.09,106.55,104.77,102.77,58.33,68.76,2.41,34.54,42.44,199198.64,Normal,0
2020-10-22 04:00:00,1059.95,901.03,107.7,105.87,103.83,59.13,69.72,2.53,35.79,43.0,199872.87,Normal,0
2020-10-22 05:00:00,1067.85,900.99,108.04,106.18,104.13,59.38,70.4,2.56,35.83,42.3,202414.71,Normal,0
2020-10-22 06:00:00,1077.58,900.85,108.2,106.26,104.27,59.69,71.17,2.54,35.44,41.67,203753.44,Normal,0
2020-10-22 07:00:00,1070.13,900.8,108.19,106.23,104.2,59.7,71.3,2.5,35.96,40.88,201779.08,Normal,0
2020-10-22 08:00:00,1061.08,900.39,108.12,106.15,104.09,59.81,71.54,2.44,35.58,40.69,196912.82,Normal,0
2020-10-22 09:00:00,682.07,599.96,105.28,103.47,101.3,59.85,70.71,1.93,36.41,43.46,129601.7,Normal,0
2020-10-22 10:00:00,432.81,363.12,89.72,89.36,88.46,58.02,64.46,1.18,36.12,40.94,73663.07,Normal,0
2020-10-22 11:00:00,1093.5,724.78,86.73,85.33,83.61,54.2,62.33,0.91,31.02,33.73,36938.41,Normal,0
2020-10-22 12:00:00,980.46,122.19,67.99,68.3,66.24,47.24,54.48,0.68,28.61,28.81,13715.28,Normal,0
2020-10-22 13:00:00,1100.0,0.0,57.14,58.01,56.1,42.25,48.45,0.51,26.76,26.07,23.43,Normal,0
2020-10-22 14:00:00,817.83,223.05,54.88,55.79,54.95,41.78,45.52,1.03,28.2,27.29,46761.59,Normal,0
2020-10-22 15:00:00,844.31,718.09,80.96,79.51,78.81,46.69,51.51,2.53,33.81,40.41,162017.89,Normal,0
2020-10-22 16:00:00,0.0,0.0,72.05,72.0,70.45,48.51,50.81,0.5,36.2,43.63,6.89,Normal,0
2020-10-22 17:00:00,48.94,26.03,65.31,65.15,64.75,47.26,48.07,0.57,33.43,35.91,5773.99,Normal,0
2020-10-22 18:00:00,1065.53,900.77,83.06,81.38,80.77,47.94,52.62,2.78,32.69,38.34,197353.11,Normal,0
2020-10-22 19:00:00,1042.69,900.89,94.88,93.18,91.81,51.47,59.12,2.57,35.34,42.86,188168.02,Normal,0
2020-10-22 20:00:00,1041.31,900.86,100.06,98.4,96.75,54.29,63.2,2.41,37.05,43.12,188450.24,Normal,0
2020-10-22 21:00:00,1035.6,900.82,102.67,100.98,99.16,56.25,65.92,2.31,38.21,43.09,186405.78,Normal,0
2020-10-22 22:00:00,1035.41,900.85,103.86,102.11,100.21,57.66,67.68,2.28,37.55,42.49,187050.98,Normal,0
2020-10-22 23:00:00,1043.64,900.86,104.43,102.58,100.71,58.4,68.43,2.32,36.91,42.71,187872.67,Normal,0
2020-10-23 00:00:00,1047.21,900.91,104.72,102.87,100.91,58.6,68.5,2.29,36.55,42.27,191204.24,Normal,0
2020-10-23 01:00:00,1036.47,900.85,104.75,102.95,100.85,58.31,68.5,2.06,37.07,41.44,186528.28,Normal,0
2020-10-23 02:00:00,1020.41,900.9,104.29,102.46,100.47,58.22,68.31,2.07,37.43,40.51,177507.17,Normal,0
2020-10-23 03:00:00,1044.94,900.88,104.54,102.73,100.68,57.79,68.07,2.01,37.35,40.87,187948.47,Normal,0
2020-10-23 04:00:00,1051.34,900.9,104.75,102.89,100.82,57.41,67.9,2.0,36.08,39.88,192483.98,Normal,0
2020-10-23 05:00:00,1049.65,900.92,104.7,102.78,100.76,57.53,67.99,1.92,35.9,38.87,190541.05,Normal,0
2020-10-23 06:00:00,1050.34,900.83,104.8,102.94,100.87,57.7,68.1,1.97,35.47,38.31,192506.61,Normal,0
2020-10-23 07:00:00,1065.32,900.79,105.55,103.72,101.59,57.84,68.15,1.96,35.84,38.03,198495.52,Normal,0
2020-10-23 08:00:00,1062.68,900.84,106.28,104.5,102.32,58.16,68.53,2.0,36.13,38.15,197753.54,Normal,0
2020-10-23 09:00:00,1071.86,900.9,106.14,104.23,102.19,58.79,68.97,2.02,35.66,39.42,198636.44,Normal,0
2020-10-23 10:00:00,1078.2,900.88,107.15,105.26,103.09,59.29,69.2,2.06,36.53,39.29,203721.46,Normal,0
2020-10-23 11:00:00,1050.72,900.83,106.94,105.15,102.92,59.76,69.4,1.98,37.32,38.15,191996.69,Normal,0
2020-10-23 12:00:00,1033.6,900.75,106.8,105.01,102.87,59.55,69.7,1.95,37.64,39.82,183815.13,Normal,0
2020-10-23 13:00:00,346.54,289.86,95.96,94.64,91.87,55.91,66.12,1.06,33.5,35.37,61280.14,Normal,0
2020-10-23 14:00:00,338.77,288.68,77.92,77.83,75.44,49.29,58.0,1.04,31.84,33.8,60366.54,Normal,0
2020-10-23 15:00:00,367.82,311.42,75.8,75.81,73.87,51.13,55.11,1.1,33.51,35.67,67210.65,Normal,0
2020-10-23 16:00:00,0.0,0.0,71.15,71.27,69.11,51.39,53.14,0.52,35.16,37.32,39.59,Normal,0
2020-10-23 17:00:00,1052.53,864.43,84.53,83.34,81.62,50.72,54.81,1.96,34.06,35.17,193608.75,Normal,0
2020-10-23 18:00:00,1075.76,901.28,97.76,96.04,94.41,53.62,60.9,1.97,37.11,40.7,200555.33,Normal,0
2020-10-23 19:00:00,1075.94,901.26,102.62,100.82,99.14,56.12,64.99,1.94,36.89,40.73,200550.79,Normal,0
2020-10-23 20:00:00,1062.46,901.27,105.18,103.37,101.49,58.06,67.67,1.97,36.87,40.74,196186.7,Normal,0
2020-10-23 21:00:00,1067.9,901.28,106.51,104.66,102.63,58.96,68.98,1.98,35.88,38.7,198412.91,Normal,0
2020-10-23 22:00:00,1071.62,901.26,107.17,105.24,103.13,58.9,69.46,2.0,35.01,39.04,200204.9,Normal,0
2020-10-23 23:00:00,1066.04,901.25,106.74,104.83,102.7,58.63,69.7,1.93,34.98,38.81,196929.01,Normal,0
2020-10-24 00:00:00,1060.55,901.25,106.73,104.83,102.68,58.72,69.56,1.85,34.68,38.43,195852.52,Normal,0
2020-10-24 01:00:00,1063.99,900.97,106.63,104.72,102.6,58.41,69.3,1.88,35.15,37.78,197041.42,Normal,0
2020-10-24 02:00:00,1058.46,900.95,105.99,104.06,101.95,58.0,68.82,1.89,35.66,36.55,195827.82,Normal,0
2020-10-24 03:00:00,1070.6,900.94,105.74,103.72,101.61,57.54,68.15,1.9,34.02,35.22,200121.53,Normal,0
2020-10-24 04:00:00,1076.04,900.71,105.7,103.66,101.57,57.63,67.9,1.94,33.18,35.48,203230.31,Normal,0
2020-10-24 05:00:00,1067.24,900.71,105.53,103.5,101.44,57.45,67.68,1.96,32.53,33.45,199707.27,Normal,0
2020-10-24 06:00:00,1069.8,900.73,104.83,102.79,100.74,56.8,67.16,1.95,32.21,33.33,198970.2,Normal,0
2020-10-24 07:00:00,1068.76,900.83,104.34,102.28,100.27,56.46,66.74,1.99,32.39,32.48,199859.87,Normal,0
2020-10-24 08:00:00,1072.64,900.79,104.36,102.38,100.35,56.31,66.7,1.93,32.65,33.23,201097.84,Normal,0
2020-10-24 09:00:00,1075.23,900.77,105.03,103.09,101.08,56.96,67.04,1.91,34.04,35.79,201508.1,Normal,0
2020-10-24 10:00:00,1073.17,900.79,106.07,104.17,102.23,58.46,68.46,1.89,35.69,38.49,198537.54,Normal,0
2020-10-24 11:00:00,1069.35,900.83,107.58,105.73,103.73,59.87,70.1,1.94,37.68,39.75,198940.35,Normal,0
2020-10-24 12:00:00,1067.01,900.94,109.03,107.22,105.15,61.25,71.74,2.0,39.28,40.24,198425.88,Normal,0
2020-10-24 13:00:00,1067.1,901.0,110.11,108.3,106.18,62.5,72.85,1.94,39.27,40.03,198117.12,Normal,0
2020-10-24 14:00:00,1072.28,900.95,110.94,109.15,106.9,63.01,73.5,1.95,39.15,41.31,200285.39,Normal,0
2020-10-24 15:00:00,1073.56,900.81,111.41,109.57,107.33,63.3,74.31,1.98,40.23,41.72,201273.71,Normal,0
2020-10-24 16:00:00,1075.12,900.77,111.76,109.92,107.66,63.3,74.89,2.0,40.47,41.55,200550.42,Normal,0
2020-10-24 17:00:00,1060.34,900.91,112.04,110.24,107.94,63.48,75.39,2.04,40.76,42.06,195623.85,Normal,0
2020-10-24 18:00:00,1064.53,900.84,112.32,110.45,108.22,63.8,75.89,2.06,40.67,41.75,196917.75,Normal,0
2020-10-24 19:00:00,1068.45,900.52,111.93,110.04,107.85,63.55,75.76,2.01,39.57,40.33,195938.03,Normal,0
2020-10-24 20:00:00,1016.44,864.87,109.84,107.95,105.71,62.6,74.32,1.98,39.24,39.01,190539.63,Normal,0
2020-10-24 21:00:00,1072.25,901.0,110.07,108.14,105.94,61.7,73.45,1.94,38.31,37.74,200292.38,Normal,0
2020-10-24 22:00:00,1021.93,871.18,109.58,107.61,105.43,60.32,72.45,1.91,37.72,37.37,195779.52,Normal,0
2020-10-24 23:00:00,525.9,431.75,99.64,98.16,96.14,58.62,68.67,1.38,37.0,37.83,98600.63,Normal,0
2020-10-25 00:00:00,597.29,395.22,83.28,83.34,82.44,56.89,62.55,0.49,37.63,37.84,5.95,Normal,0
2020-10-25 01:00:00,1221.28,832.69,75.53,75.35,75.09,53.8,56.65,0.77,32.34,29.6,25864.6,Normal,0
2020-10-25 02:00:00,1067.74,899.87,91.82,89.69,88.77,52.37,58.79,2.07,31.43,29.73,197395.05,Normal,0
2020-10-25 02:00:00,1075.66,900.98,98.96,96.94,95.24,53.2,61.83,2.05,32.66,33.72,201145.83,Normal,0
2020-10-25 03:00:00,1075.9,901.13,101.38,99.46,97.55,53.94,63.42,2.02,31.64,33.49,200625.26,Normal,0
2020-10-25 04:00:00,286.05,248.76,91.09,89.89,87.29,51.28,61.03,0.95,27.92,29.53,57173.3,Normal,0
2020-10-25 05:00:00,443.87,371.63,68.19,68.66,66.29,40.51,50.84,1.19,22.35,22.06,77169.76,Normal,0
2020-10-25 06:00:00,679.86,577.73,83.03,81.57,80.3,46.67,53.61,1.52,29.91,33.2,129570.26,Normal,0
2020-10-25 07:00:00,696.24,576.3,78.71,77.76,77.44,47.06,51.95,1.57,29.59,32.28,123217.49,Normal,0
2020-10-25 08:00:00,1072.32,901.04,92.7,90.83,89.65,49.6,56.84,2.11,30.89,34.75,197042.07,Normal,0
2020-10-25 09:00:00,1069.29,901.04,98.5,96.75,95.17,52.89,61.17,2.17,33.09,37.36,196178.0,Normal,0
2020-10-25 10:00:00,1069.05,901.06,102.27,100.53,98.8,55.56,64.71,2.17,35.31,38.76,195985.06,Normal,0
2020-10-25 11:00:00,1071.75,900.85,104.9,103.08,101.19,57.58,67.23,2.19,37.52,40.17,196646.7,Normal,0
2020-10-25 12:00:00,1073.63,900.68,107.08,105.32,103.21,59.33,69.17,2.35,38.16,38.95,200310.45,Normal,0
2020-10-25 13:00:00,1079.18,900.56,109.0,107.19,105.05,61.16,70.89,2.19,38.64,37.69,203188.05,Normal,0
2020-10-25 14:00:00,1081.21,900.45,110.25,108.42,106.23,62.17,72.33,2.19,38.8,37.46,203498.6,Normal,0
2020-10-25 15:00:00,889.75,735.3,106.02,104.31,101.99,61.38,71.59,1.96,39.06,36.17,160142.75,Normal,0
2020-10-25 16:00:00,1080.74,900.51,107.83,105.98,103.97,61.39,71.58,2.26,41.2,37.49,203195.94,Normal,0
2020-10-25 17:00:00,1076.67,900.81,109.4,107.49,105.34,61.7,72.41,2.21,40.15,36.54,200983.14,Normal,0
2020-10-25 18:00:00,1070.58,900.83,109.46,107.56,105.29,61.55,72.4,2.14,38.97,37.64,200396.27,Normal,0
2020-10-25 19:00:00,1053.74,896.73,108.97,107.07,104.72,60.83,71.9,2.14,37.44,35.44,194107.51,Normal,0
2020-10-25 20:00:00,1071.77,900.88,108.08,106.19,103.84,60.03,70.79,2.31,36.53,34.87,200445.06,Normal,0
2020-10-25 21:00:00,1058.2,900.81,107.54,105.63,103.37,59.67,70.11,2.27,36.92,35.37,195239.41,Normal,0
2020-10-25 22:00:00,1064.45,900.88,106.81,104.94,102.73,59.26,69.46,2.22,35.17,34.68,197121.03,Normal,0
2020-10-25 23:00:00,1059.59,900.98,106.46,104.53,102.4,59.06,68.99,2.25,33.85,34.31,196060.11,Normal,0
2020-10-26 00:00:00,1059.15,900.99,106.13,104.25,102.11,58.6,68.47,2.24,33.61,34.44,196282.09,Normal,0
2020-10-26 01:00:00,1065.35,900.86,105.64,103.72,101.53,57.96,67.98,2.3,34.14,34.05,198563.56,Normal,0
2020-10-26 02:00:00,1070.03,900.57,105.2,103.24,101.07,57.7,67.45,2.33,34.17,32.68,200843.78,Normal,0
2020-10-26 03:00:00,1067.13,900.53,105.03,103.05,100.97,57.7,67.16,2.29,33.47,33.07,199542.27,Normal,0
2020-10-26 04:00:00,1065.79,900.56,104.8,102.81,100.74,57.44,66.85,2.29,33.12,34.04,197746.11,Normal,0
2020-10-26 05:00:00,1072.82,900.39,104.49,102.47,100.51,57.4,66.7,2.24,32.65,34.12,198949.31,Normal,0
2020-10-26 06:00:00,869.97,753.14,103.63,101.72,99.62,57.15,66.63,1.89,32.76,33.81,157090.14,Normal,0
2020-10-26 07:00:00,884.31,752.61,95.01,93.51,91.59,54.54,63.5,2.07,32.14,33.53,157293.43,Normal,0
2020-10-26 08:00:00,1056.37,900.71,100.76,98.93,97.23,55.54,65.01,2.13,34.81,38.44,191248.28,Normal,0
2020-10-26 09:00:00,753.79,642.53,96.94,95.43,93.57,55.57,64.51,1.76,35.2,38.65,136722.06,Normal,0
2020-10-26 10:00:00,1066.38,901.15,100.53,98.73,96.91,55.27,64.81,2.32,34.27,37.33,197201.28,Normal,0
2020-10-26 11:00:00,902.42,772.05,101.78,99.95,98.04,55.59,65.6,1.97,33.78,36.11,168297.82,Normal,0
2020-10-26 12:00:00,423.51,351.97,87.17,86.09,83.52,50.72,60.44,1.27,29.16,29.53,71129.75,Normal,0
2020-10-26 13:00:00,539.51,403.01,73.81,73.61,71.24,45.55,53.76,1.34,27.21,26.9,79937.71,Normal,0
2020-10-26 14:00:00,708.42,603.05,86.35,84.96,83.36,48.95,56.02,1.71,32.17,32.61,131221.53,Normal,0
2020-10-26 15:00:00,98.4,86.5,73.26,72.99,70.86,47.86,52.46,0.69,31.16,31.85,17745.77,Normal,0
2020-10-26 16:00:00,60.39,29.3,63.5,64.0,61.32,46.44,46.56,0.59,28.71,28.11,6324.49,Normal,0
2020-10-26 17:00:00,998.77,898.13,79.25,77.81,76.05,45.94,49.96,2.08,28.32,27.35,172783.67,Normal,0
2020-10-26 18:00:00,230.83,223.79,79.25,78.22,76.71,47.56,52.09,0.94,32.52,35.28,43328.32,Normal,0
2020-10-26 19:00:00,0.0,0.0,65.58,65.13,66.59,46.24,46.33,0.47,30.71,32.98,48.97,Normal,0
2020-10-26 20:00:00,0.0,0.0,60.2,58.95,62.27,45.43,43.17,0.47,27.96,29.34,1.74,Normal,0
2020-10-26 21:00:00,198.55,143.73,57.69,55.83,59.76,44.31,41.4,0.81,25.5,25.77,28729.85,Normal,0
2020-10-26 22:00:00,951.39,861.29,77.24,75.05,75.61,44.41,47.97,2.36,27.57,29.82,166861.43,Normal,0
2020-10-26 23:00:00,347.56,271.63,77.12,75.76,74.55,44.91,50.28,1.03,30.58,36.12,52689.34,Normal,0
2020-10-27 00:00:00,560.49,448.43,69.72,68.9,68.52,42.83,47.77,1.55,27.08,29.15,84169.23,Normal,0
2020-10-27 01:00:00,640.79,578.58,80.47,79.03,77.85,44.67,50.72,1.92,28.8,32.47,111713.35,Normal,0
2020-10-27 02:00:00,58.81,51.35,62.1,62.0,59.84,37.68,45.28,0.67,23.1,24.5,10856.37,Normal,0
2020-10-27 03:00:00,372.13,48.01,48.34,49.57,48.72,34.29,39.87,0.62,23.97,24.4,9213.69,Normal,0
2020-10-27 04:00:00,296.58,269.94,57.04,56.65,56.47,37.29,40.9,1.05,26.49,29.99,54535.58,Normal,0
2020-10-27 05:00:00,0.0,0.0,50.18,50.09,51.22,37.78,38.39,0.46,27.97,30.87,43.27,Normal,0
2020-10-27 06:00:00,0.0,0.0,47.41,46.93,48.9,37.2,36.55,0.47,26.49,27.23,28.59,Normal,0
2020-10-27 07:00:00,0.0,0.02,45.86,45.28,46.62,36.29,35.76,0.49,25.57,24.28,26.75,Normal,0
2020-10-27 08:00:00,0.0,0.0,44.66,43.98,44.84,35.17,34.95,0.48,24.9,22.84,0.01,Normal,0
2020-10-27 09:00:00,0.0,0.0,43.5,42.69,43.76,34.37,33.99,0.49,24.34,22.86,6.25,Normal,0
2020-10-27 10:00:00,0.0,0.0,42.38,41.58,42.63,34.14,33.27,0.48,23.74,22.58,68.93,Normal,0
2020-10-27 11:00:00,0.0,0.0,41.55,40.86,41.4,33.79,32.63,0.48,23.33,22.29,0.0,Normal,0
2020-10-27 12:00:00,0.0,0.0,40.88,40.22,40.04,33.44,31.86,0.48,22.6,21.84,30.52,Normal,0
2020-10-27 13:00:00,398.37,258.55,40.15,39.57,38.8,33.0,31.01,0.47,22.19,21.92,6.04,Normal,0
2020-10-27 14:00:00,59.1,39.26,39.55,39.09,37.93,32.54,30.38,0.59,22.11,21.86,9171.36,Normal,0
2020-10-27 15:00:00,641.57,536.48,52.55,51.64,50.82,33.89,34.45,1.65,26.31,29.8,111391.91,Normal,0
2020-10-27 16:00:00,994.29,872.82,72.42,71.25,70.56,39.82,43.07,2.35,30.33,38.07,178685.72,Normal,0
2020-10-27 17:00:00,997.74,872.91,83.95,82.63,81.47,45.0,50.26,2.32,30.64,37.45,180097.32,Normal,0
2020-10-27 18:00:00,750.56,662.6,88.2,86.8,85.19,48.05,54.67,1.84,30.0,36.0,139676.47,Normal,0
2020-10-27 19:00:00,46.28,28.94,70.37,70.81,68.41,44.83,50.29,0.55,29.39,33.0,6339.45,Normal,0
2020-10-27 20:00:00,151.99,107.17,64.76,64.41,62.85,41.63,47.39,0.78,25.59,25.91,29185.7,Normal,0
2020-10-27 21:00:00,403.33,0.01,54.43,54.74,54.29,40.49,44.07,0.48,27.64,27.15,49.88,Normal,0
2020-10-27 22:00:00,865.02,751.81,67.05,66.03,65.97,40.7,45.37,1.81,25.84,25.91,155466.06,Normal,0
2020-10-27 23:00:00,770.01,680.19,78.28,76.85,75.63,42.96,49.15,1.68,27.02,29.38,136568.78,Normal,0
2020-10-28 00:00:00,978.74,864.94,82.81,81.43,80.04,44.28,51.06,1.88,26.62,30.84,175361.99,Normal,0
2020-10-28 01:00:00,961.78,852.27,86.97,85.46,83.88,46.2,53.52,1.97,26.23,30.45,175368.81,Normal,0
2020-10-28 02:00:00,990.71,860.61,89.74,88.17,86.49,47.79,55.49,1.98,26.25,29.96,183099.47,Normal,0
2020-10-28 03:00:00,972.1,864.89,90.73,89.2,87.41,48.91,56.8,1.94,26.32,28.82,175132.49,Normal,0
2020-10-28 04:00:00,986.54,864.88,91.5,89.87,88.07,49.41,57.54,1.93,26.06,27.64,179709.61,Normal,0
2020-10-28 05:00:00,993.07,864.86,92.15,90.51,88.73,49.57,57.95,1.97,25.72,28.99,182982.62,Normal,0
2020-10-28 06:00:00,1001.01,864.89,92.54,90.87,89.03,49.87,58.24,1.98,25.46,29.41,185727.31,Normal,0
2020-10-28 07:00:00,1025.9,871.63,92.95,91.22,89.42,50.22,58.64,2.19,25.36,29.7,190878.65,Normal,0
2020-10-28 08:00:00,1045.28,880.72,95.38,93.56,91.94,52.05,60.15,2.41,32.97,32.62,193615.86,Normal,0
2020-10-28 09:00:00,668.28,576.67,94.16,92.55,90.64,53.39,61.47,1.76,35.48,33.44,127999.71,Normal,0
2020-10-28 10:00:00,753.42,649.7,82.56,81.83,79.73,48.91,56.94,1.7,33.28,30.77,133427.26,Normal,0
2020-10-28 11:00:00,1003.24,864.86,92.25,90.84,89.3,52.69,59.99,2.03,39.47,35.61,185021.13,Normal,0
2020-10-28 12:00:00,520.16,456.16,92.04,90.82,88.86,54.57,61.43,1.32,41.84,39.15,99082.92,Normal,0
2020-10-28 13:00:00,0.0,0.0,76.38,77.07,74.09,53.92,55.32,0.5,38.77,37.14,5.26,Normal,0
2020-10-28 14:00:00,197.72,158.51,71.84,72.03,68.52,52.54,51.18,0.81,33.68,32.02,34182.25,Normal,0
2020-10-28 15:00:00,788.72,688.49,82.28,80.81,78.69,50.84,55.01,1.78,35.98,33.64,141869.26,Normal,0
2020-10-28 16:00:00,975.05,855.97,91.84,90.37,88.79,52.45,59.47,2.06,40.47,37.58,176572.39,Normal,0
2020-10-28 17:00:00,972.85,855.91,95.83,94.39,92.64,53.94,62.43,2.09,40.44,37.35,174702.81,Normal,0
2020-10-28 18:00:00,1016.1,856.0,98.06,96.56,94.67,55.06,64.16,2.12,39.87,36.67,194551.84,Normal,0
2020-10-28 19:00:00,980.12,855.85,99.17,97.63,95.78,56.17,65.5,2.14,38.7,35.69,179940.28,Normal,0
2020-10-28 20:00:00,972.96,855.85,99.3,97.67,95.83,56.65,66.16,2.18,37.53,34.48,176895.98,Normal,0
2020-10-28 21:00:00,973.37,855.82,98.83,97.18,95.32,56.38,66.24,2.2,36.15,32.91,176715.13,Normal,0
2020-10-28 22:00:00,981.06,855.77,98.35,96.73,94.88,55.89,65.9,2.18,35.78,32.12,181160.93,Normal,0
2020-10-28 23:00:00,751.74,671.21,97.27,95.65,93.76,55.58,65.43,1.8,35.1,31.5,144115.03,Normal,0
2020-10-29 00:00:00,534.27,447.12,85.68,84.74,83.33,52.38,59.92,1.37,33.07,30.16,93104.07,Normal,0
2020-10-29 01:00:00,0.0,0.0,75.17,74.7,74.38,51.59,55.5,0.48,35.29,33.02,17.68,Normal,0
2020-10-29 02:00:00,644.26,531.21,75.34,74.14,75.18,49.51,52.77,1.44,31.2,27.96,112375.0,Normal,0
2020-10-29 03:00:00,813.15,701.0,89.18,87.39,86.26,50.74,57.34,1.78,34.03,30.13,154841.19,Normal,0
2020-10-29 04:00:00,366.27,288.26,77.98,76.98,76.88,50.37,53.71,1.08,34.08,30.61,61520.51,Normal,0
2020-10-29 05:00:00,985.92,855.59,88.85,86.97,86.21,49.83,56.51,2.05,32.94,28.16,183706.71,Normal,0
2020-10-29 06:00:00,979.73,855.59,92.93,91.32,89.74,51.03,59.12,2.21,34.04,29.07,180160.2,Normal,0
2020-10-29 07:00:00,980.02,855.59,94.27,92.77,90.95,51.95,60.5,2.05,34.05,28.89,180332.05,Normal,0
2020-10-29 08:00:00,979.46,855.6,95.31,93.82,92.01,53.15,61.64,2.09,35.2,30.27,179827.93,Normal,0
2020-10-29 09:00:00,980.52,855.62,96.65,95.19,93.42,54.77,63.25,2.06,36.6,32.37,180661.83,Normal,0
2020-10-29 10:00:00,967.1,855.53,98.21,96.8,95.05,56.77,65.36,2.06,38.96,35.19,173704.78,Normal,0
2020-10-29 11:00:00,973.94,855.56,100.61,99.18,97.41,58.83,67.72,2.18,40.96,37.71,177747.9,Normal,0
2020-10-29 12:00:00,977.3,855.55,102.78,101.34,99.56,60.94,69.97,2.28,43.46,39.81,178934.31,Normal,0
2020-10-29 13:00:00,971.73,855.46,104.43,102.98,101.16,63.22,71.79,2.23,45.33,41.07,176349.07,Normal,0
2020-10-29 14:00:00,744.54,634.77,101.24,99.95,97.81,63.07,71.25,1.73,44.45,40.88,129409.19,Normal,0
2020-10-29 15:00:00,968.8,855.52,101.88,100.56,98.7,62.04,71.03,2.22,46.92,41.97,173069.96,Normal,0
2020-10-29 16:00:00,977.78,855.51,104.71,103.24,101.35,62.38,72.25,2.38,48.35,42.82,176312.41,Normal,0
2020-10-29 17:00:00,612.37,545.04,102.83,101.37,99.22,61.58,72.21,1.73,45.82,40.68,111264.39,Normal,0
2020-10-29 18:00:00,963.65,832.54,95.74,94.56,92.48,57.93,67.78,2.44,45.76,39.01,167631.94,Normal,0
2020-10-29 19:00:00,985.96,855.45,100.93,99.44,97.67,59.57,68.62,2.37,47.93,39.74,178967.91,Normal,0
2020-10-29 20:00:00,973.05,855.47,101.99,100.39,98.53,59.32,69.13,2.46,44.61,37.8,174450.82,Normal,0
2020-10-29 21:00:00,968.55,855.53,101.49,99.88,97.98,58.85,69.0,2.5,41.99,37.06,173781.91,Normal,0
2020-10-29 22:00:00,971.23,855.59,100.76,99.14,97.2,58.05,68.27,2.33,40.45,37.05,172898.5,Normal,0
2020-10-29 23:00:00,991.29,855.93,100.31,98.67,96.75,57.36,67.36,2.32,40.12,35.27,181926.81,Normal,0
2020-10-30 00:00:00,977.98,856.1,100.44,98.8,96.91,57.35,66.9,2.27,42.6,35.66,179491.9,Normal,0
2020-10-30 01:00:00,784.16,682.57,95.99,94.54,92.74,56.55,65.31,2.06,40.84,35.03,138761.59,Normal,0
2020-10-30 02:00:00,962.9,856.07,98.72,97.17,95.43,56.7,65.93,2.28,41.62,35.73,172361.37,Normal,0
2020-10-30 03:00:00,968.96,856.0,99.65,98.17,96.3,56.89,66.5,2.24,41.22,35.58,175030.32,Normal,0
2020-10-30 04:00:00,968.18,856.11,100.13,98.65,96.75,57.11,66.76,2.23,41.25,34.8,174387.67,Normal,0
2020-10-30 05:00:00,582.6,512.52,93.84,92.64,91.0,56.86,64.8,1.64,40.81,34.96,103186.63,Normal,0
2020-10-30 06:00:00,978.97,855.84,97.06,95.45,94.02,56.03,64.64,2.25,42.04,34.78,178383.06,Normal,0
2020-10-30 07:00:00,985.12,855.72,99.02,97.4,95.7,56.18,65.56,2.25,44.1,34.77,182371.4,Normal,0
2020-10-30 08:00:00,984.48,855.6,99.87,98.33,96.54,57.16,66.1,2.26,43.65,35.69,182734.09,Normal,0
2020-10-30 09:00:00,980.66,855.9,101.19,99.72,97.94,58.53,67.11,2.21,43.3,37.12,180172.94,Normal,0
2020-10-30 10:00:00,958.88,772.84,102.02,100.54,98.79,59.88,68.37,2.01,44.98,39.14,162432.15,Normal,0
2020-10-30 11:00:00,1100.0,0.0,87.1,87.22,85.39,59.88,64.69,0.54,47.99,44.26,48.95,Normal,0
2020-10-30 12:00:00,1100.0,0.0,78.38,78.91,77.38,58.19,59.72,0.52,41.87,39.32,17.67,Normal,0
2020-10-30 13:00:00,605.23,0.24,74.22,74.23,72.0,57.45,56.27,0.51,37.69,35.96,0.0,Normal,0
2020-10-30 14:00:00,1008.39,0.06,70.82,70.5,67.63,56.67,53.39,0.52,35.32,33.99,0.0,Normal,0
2020-10-30 15:00:00,563.8,120.2,66.61,66.01,62.98,51.66,50.9,0.8,32.48,31.29,24644.35,Normal,0
2020-10-30 16:00:00,965.41,869.58,83.73,82.22,80.76,51.57,55.88,2.33,41.86,36.93,184071.82,Normal,0
2020-10-30 17:00:00,1036.54,906.58,97.98,96.13,94.84,55.83,62.59,3.2,47.42,41.96,190727.88,Normal,0
2020-10-30 18:00:00,1020.94,906.58,104.09,102.11,100.66,59.19,67.41,3.2,48.42,44.07,188060.21,Normal,0
2020-10-30 19:00:00,1025.95,906.58,107.08,105.05,103.35,61.31,70.42,3.01,47.15,43.3,186509.46,Normal,0
2020-10-30 20:00:00,1017.95,906.6,108.41,106.22,104.52,62.68,72.02,2.7,46.02,42.94,186760.96,Normal,0
2020-10-30 21:00:00,1037.55,906.6,109.28,106.99,105.28,63.49,72.95,2.43,44.8,42.89,188650.24,Normal,0
2020-10-30 22:00:00,1041.49,906.58,109.7,107.36,105.61,63.98,73.39,2.4,44.3,41.59,191314.19,Normal,0
2020-10-30 23:00:00,1043.03,906.58,110.08,107.67,105.86,64.16,73.5,2.33,44.36,40.16,193067.92,Normal,0
2020-10-31 00:00:00,1026.84,906.59,109.64,107.29,105.47,63.98,73.42,2.36,43.08,39.5,188864.33,Normal,0
2020-10-31 01:00:00,1032.82,906.59,109.36,106.98,105.17,63.67,73.34,2.41,42.69,38.77,190380.83,Normal,0
2020-10-31 02:00:00,1033.4,906.59,109.32,106.94,105.14,63.23,73.46,2.49,43.1,37.9,193104.34,Normal,0
2020-10-31 03:00:00,1037.5,906.63,109.28,106.9,105.12,63.3,73.58,2.67,43.51,37.55,193529.58,Normal,0
2020-10-31 04:00:00,1039.55,906.6,109.07,106.72,104.91,62.72,73.5,2.61,41.91,35.61,194605.42,Normal,0
2020-10-31 05:00:00,1045.68,906.6,108.66,106.26,104.46,62.13,72.99,2.58,40.82,35.89,196796.16,Normal,0
2020-10-31 06:00:00,1043.63,906.62,108.29,105.9,104.06,61.85,72.41,2.74,41.49,34.89,197437.88,Normal,0
2020-10-31 07:00:00,1042.16,906.65,107.99,105.61,103.72,61.57,71.85,2.49,40.82,35.35,196631.95,Normal,0
2020-10-31 08:00:00,1045.72,906.63,108.07,105.72,103.87,61.98,71.82,2.74,41.22,36.68,196312.31,Normal,0
2020-10-31 09:00:00,1052.58,906.65,109.23,106.93,105.18,63.15,73.11,2.46,45.27,39.81,195951.56,Normal,0
2020-10-31 10:00:00,1051.98,906.76,110.4,108.15,106.29,64.47,74.59,2.71,45.56,41.59,195297.92,Normal,0
2020-10-31 11:00:00,1051.7,906.8,111.76,109.55,107.71,65.9,75.87,2.45,45.89,43.14,194714.42,Normal,0
2020-10-31 12:00:00,1047.05,906.82,112.96,110.76,108.91,67.31,77.04,2.66,46.76,43.92,195508.46,Normal,0
2020-10-31 13:00:00,1042.27,906.81,114.0,111.77,109.9,68.57,78.15,2.46,48.26,44.62,193380.31,Normal,0
2020-10-31 14:00:00,1039.66,906.83,114.76,112.52,110.64,69.6,79.01,2.79,47.88,44.58,194550.44,Normal,0
2020-10-31 15:00:00,1033.33,906.79,115.23,112.98,111.06,70.08,79.45,2.68,47.53,44.06,193944.53,Normal,0
2020-10-31 16:00:00,1043.37,906.7,115.53,113.27,111.31,70.18,79.6,2.81,47.16,42.14,195865.3,Normal,0
2020-10-31 17:00:00,1048.18,906.6,115.38,113.09,111.06,69.27,79.41,2.79,46.12,39.71,194301.0,Normal,0
2020-10-31 18:00:00,1043.11,906.61,114.64,112.31,110.29,67.96,78.83,2.99,45.37,37.57,193981.7,Normal,0
2020-10-31 19:00:00,1039.01,906.57,113.89,111.56,109.55,66.84,78.41,2.97,44.32,36.1,194148.47,Normal,0
2020-10-31 20:00:00,1044.05,906.55,113.04,110.69,108.73,65.76,77.69,2.67,42.45,36.31,195407.12,Normal,0
2020-10-31 21:00:00,1044.89,906.57,112.03,109.6,107.67,64.7,76.66,2.76,41.06,36.88,196881.47,Normal,0
2020-10-31 22:00:00,1047.32,906.57,110.97,108.52,106.6,63.85,75.58,2.68,39.76,35.61,196359.73,Normal,0
2020-10-31 23:00:00,1044.06,906.58,110.13,107.68,105.78,62.93,74.49,2.77,38.9,33.35,197619.29,Normal,0
2020-11-01 00:00:00,1036.64,906.6,109.09,106.7,104.8,61.91,73.09,2.53,38.02,31.14,195116.28,Normal,0
2020-11-01 01:00:00,1043.29,906.56,108.38,105.96,104.04,61.12,71.77,2.75,36.9,30.22,198096.96,Normal,0
2020-11-01 02:00:00,1051.43,906.62,107.61,105.21,103.29,60.55,70.82,2.59,36.64,30.02,198988.36,Normal,0
2020-11-01 03:00:00,1061.34,906.69,107.16,104.71,102.8,59.79,70.0,2.58,35.53,29.7,201643.68,Normal,0
2020-11-01 04:00:00,1064.14,906.68,106.57,104.09,102.21,59.26,69.26,2.79,34.89,29.64,203018.22,Normal,0
2020-11-01 05:00:00,1069.56,906.69,106.09,103.56,101.74,58.73,68.55,2.71,34.45,30.15,204690.77,Normal,0
2020-11-01 06:00:00,1072.62,906.71,106.08,103.56,101.77,58.49,68.3,2.73,35.26,30.75,207038.08,Normal,0
2020-11-01 07:00:00,1071.23,906.29,106.19,103.69,101.93,58.56,68.33,2.55,35.68,33.04,206177.15,Normal,0
2020-11-01 08:00:00,1058.3,902.15,106.6,104.25,102.48,59.57,69.05,2.5,38.17,36.15,204508.64,Normal,0
2020-11-01 09:00:00,1051.03,903.89,108.17,105.93,104.2,61.73,70.9,2.64,40.98,38.85,204029.96,Normal,0
2020-11-01 10:00:00,1054.1,904.76,110.41,108.2,106.45,64.13,73.66,2.77,42.73,39.95,203940.9,Normal,0
2020-11-01 11:00:00,1051.69,905.5,112.11,109.92,108.08,65.95,76.08,2.78,43.93,41.05,201386.88,Normal,0
2020-11-01 12:00:00,1054.74,905.74,113.16,110.92,109.01,66.94,77.52,2.78,44.13,41.14,201006.23,Normal,0
2020-11-01 13:00:00,1046.18,905.72,113.92,111.65,109.78,68.09,78.68,2.67,44.44,42.77,199867.88,Normal,0
2020-11-01 14:00:00,1042.41,905.48,114.74,112.48,110.63,69.45,79.37,2.6,45.44,43.46,199965.95,Normal,0
2020-11-01 15:00:00,1041.23,905.13,115.35,113.08,111.18,69.9,79.79,2.54,45.48,43.46,201218.46,Normal,0
2020-11-01 16:00:00,1038.16,905.17,115.73,113.42,111.51,69.77,79.9,2.27,45.38,44.5,200020.19,Normal,0
2020-11-01 17:00:00,1048.92,904.3,115.51,113.17,111.3,69.58,79.73,2.38,44.43,42.87,198037.06,Normal,0
2020-11-01 18:00:00,1052.03,906.21,114.65,112.26,110.43,68.86,79.31,2.77,43.02,42.22,195323.68,Normal,0
2020-11-01 19:00:00,1056.16,906.24,114.23,111.76,109.93,67.49,78.48,2.78,41.58,40.1,198788.44,Normal,0
2020-11-01 20:00:00,1062.03,905.95,113.45,110.96,109.09,66.36,77.53,2.64,40.69,39.8,201100.28,Normal,0
2020-11-01 21:00:00,1060.03,905.71,112.79,110.29,108.41,65.54,76.66,2.54,39.54,37.59,202330.34,Normal,0
2020-11-01 22:00:00,1061.55,906.32,112.15,109.68,107.81,64.95,75.84,2.6,39.24,37.76,202339.84,Normal,0
2020-11-01 23:00:00,1062.44,907.43,111.84,109.37,107.5,64.48,75.15,2.51,38.83,37.23,204366.44,Normal,0
2020-11-02 00:00:00,1058.04,907.49,111.49,109.02,107.15,64.28,74.51,2.6,38.42,36.12,204321.48,Normal,0
2020-11-02 01:00:00,1061.26,908.32,110.95,108.47,106.58,63.74,73.66,2.65,37.55,36.16,204255.27,Normal,0
2020-11-02 02:00:00,1064.18,907.6,110.87,108.44,106.55,63.64,73.5,2.63,37.53,37.57,204782.28,Normal,0
2020-11-02 03:00:00,1060.93,906.19,110.8,108.36,106.44,63.35,73.3,2.52,36.43,35.55,204784.06,Normal,0
2020-11-02 04:00:00,1065.24,906.55,109.97,107.44,105.57,62.43,72.44,2.47,35.22,34.62,204898.51,Normal,0
2020-11-02 05:00:00,1058.03,903.76,108.9,106.35,104.49,61.26,71.55,2.46,33.05,32.74,205149.7,Normal,0
2020-11-02 06:00:00,1050.93,901.54,107.76,105.31,103.42,60.61,70.51,2.5,32.06,33.28,203470.41,Normal,0
2020-11-02 07:00:00,1047.98,907.65,107.41,104.96,103.1,60.08,69.97,2.72,31.64,33.7,197462.69,Normal,0
2020-11-02 08:00:00,1042.2,903.83,106.6,104.26,102.46,60.2,69.82,2.84,33.94,36.81,198211.78,Normal,0
2020-11-02 09:00:00,1065.1,909.36,108.36,106.07,104.37,61.86,71.07,2.99,37.75,39.97,200587.4,Normal,0
2020-11-02 10:00:00,1073.82,909.47,110.75,108.46,106.76,64.12,73.4,2.97,40.62,40.35,200758.56,Normal,0
2020-11-02 11:00:00,1070.51,909.72,112.31,110.02,108.17,65.35,75.68,2.81,42.28,41.48,197531.55,Normal,0
2020-11-02 12:00:00,1057.62,909.89,113.18,110.88,108.99,66.38,77.3,2.73,43.05,41.93,193579.42,Normal,0
2020-11-02 13:00:00,1061.15,909.87,114.27,111.93,110.1,67.7,78.84,2.76,43.35,43.29,194636.1,Normal,0
2020-11-02 14:00:00,1057.95,909.79,115.18,112.83,110.99,69.12,80.01,2.68,44.22,43.69,193791.69,Normal,0
2020-11-02 15:00:00,1062.88,909.5,116.14,113.79,111.91,70.27,80.64,2.55,44.81,43.99,196228.4,Normal,0
2020-11-02 16:00:00,1054.96,909.38,116.69,114.35,112.44,70.83,80.8,2.49,44.6,43.79,197774.25,Normal,0
2020-11-02 17:00:00,1059.92,909.15,116.64,114.27,112.29,69.62,80.66,2.56,43.65,42.54,197032.93,Normal,0
2020-11-02 18:00:00,323.47,277.5,106.71,105.25,102.73,68.28,77.04,1.17,45.21,44.97,61640.8,Normal,0
2020-11-02 19:00:00,551.87,474.54,95.36,94.89,92.04,65.4,68.66,2.08,40.61,38.36,99674.67,Normal,0
2020-11-02 20:00:00,1069.61,909.66,107.75,105.21,103.29,66.06,71.45,3.45,43.74,40.15,201754.11,Normal,0
2020-11-02 21:00:00,1073.23,909.71,109.98,107.44,105.68,64.58,72.7,2.78,44.68,39.19,198644.13,Normal,0
2020-11-02 22:00:00,1065.7,909.71,110.12,107.57,105.75,63.53,72.8,2.5,44.15,37.05,198304.17,Normal,0
2020-11-02 23:00:00,1063.67,909.59,109.94,107.41,105.55,62.65,72.62,2.45,43.88,36.1,200604.81,Normal,0
2020-11-03 00:00:00,1058.57,909.81,109.53,107.03,105.16,61.94,72.33,2.26,41.84,34.39,199123.15,Normal,0
2020-11-03 01:00:00,1058.91,909.12,108.93,106.47,104.58,61.47,71.8,2.26,40.8,33.59,200807.46,Normal,0
2020-11-03 02:00:00,1058.93,909.47,108.6,106.09,104.21,60.74,71.22,2.27,39.37,33.23,202231.87,Normal,0
2020-11-03 03:00:00,1059.9,909.35,108.12,105.62,103.71,60.09,70.54,2.23,39.09,32.33,200860.29,Normal,0
2020-11-03 04:00:00,1067.12,909.02,107.82,105.32,103.4,59.67,70.01,2.26,38.59,31.38,203573.72,Normal,0
2020-11-03 05:00:00,1070.04,909.34,107.51,105.04,103.12,59.26,69.65,2.05,39.09,30.25,202342.38,Normal,0
2020-11-03 06:00:00,1065.68,908.63,107.26,104.78,102.87,59.37,69.29,2.01,39.22,29.67,203909.67,Normal,0
2020-11-03 07:00:00,1070.15,908.42,106.88,104.39,102.51,59.17,69.03,2.08,39.69,32.03,202836.94,Normal,0
2020-11-03 08:00:00,1081.08,907.58,107.16,104.7,102.85,59.33,69.26,2.17,42.28,34.24,204192.5,Normal,0
2020-11-03 09:00:00,1078.52,908.42,107.9,105.54,103.65,60.26,70.04,2.28,44.48,35.21,201836.87,Normal,0
2020-11-03 10:00:00,1067.55,908.8,108.98,106.67,104.81,62.26,71.29,2.44,46.48,36.5,200285.07,Normal,0
2020-11-03 11:00:00,1070.52,908.59,110.4,108.08,106.24,64.33,72.88,2.5,46.64,37.3,201509.45,Normal,0
2020-11-03 12:00:00,1074.03,909.03,111.85,109.54,107.7,66.3,74.81,2.54,46.7,37.79,201075.95,Normal,0
2020-11-03 13:00:00,1061.31,904.64,112.85,110.54,108.66,66.75,76.15,2.47,46.15,37.58,201158.79,Normal,0
2020-11-03 14:00:00,1066.95,909.0,113.64,111.28,109.44,67.69,77.37,2.41,47.11,38.58,199157.14,Normal,0
2020-11-03 15:00:00,1073.24,908.86,114.6,112.2,110.39,68.57,78.5,2.4,47.99,38.67,201236.57,Normal,0
2020-11-03 16:00:00,1061.1,909.07,114.95,112.54,110.66,68.86,79.17,2.3,47.52,37.89,200126.98,Normal,0
2020-11-03 17:00:00,1062.91,909.0,114.61,112.18,110.23,67.51,78.89,2.29,46.86,36.0,199599.27,Normal,0
2020-11-03 18:00:00,1068.84,908.79,113.81,111.35,109.33,65.89,78.06,2.29,44.83,34.16,199384.22,Normal,0
2020-11-03 19:00:00,1054.53,908.77,112.93,110.49,108.5,64.81,77.08,2.29,43.44,33.31,199457.42,Normal,0
2020-11-03 20:00:00,1060.14,908.75,111.96,109.53,107.61,63.72,75.9,2.22,42.39,32.32,199196.35,Normal,0
2020-11-03 21:00:00,1054.96,908.88,111.02,108.55,106.68,62.73,74.76,2.13,43.34,31.34,199644.01,Normal,0
2020-11-03 22:00:00,1069.79,908.63,110.16,107.67,105.82,61.83,73.62,2.11,43.28,31.51,200143.56,Normal,0
2020-11-03 23:00:00,1062.3,908.57,109.45,106.97,105.1,61.17,72.56,2.07,42.34,34.71,200530.72,Normal,0
2020-11-04 00:00:00,1064.42,908.13,108.78,106.33,104.47,60.73,71.75,2.07,42.51,34.71,201428.89,Normal,0
2020-11-04 01:00:00,1064.68,905.42,108.69,106.18,104.4,60.6,71.2,2.08,41.27,33.28,204375.41,Normal,0
2020-11-04 02:00:00,1055.35,902.19,108.17,105.76,103.91,60.26,70.74,2.14,40.06,31.42,204207.59,Normal,0
2020-11-04 03:00:00,1061.56,908.94,108.1,105.69,103.82,60.1,70.49,2.19,39.95,29.87,202535.89,Normal,0
2020-11-04 04:00:00,1061.54,908.33,107.84,105.36,103.47,59.84,70.08,2.15,39.14,28.49,203351.14,Normal,0
2020-11-04 05:00:00,1060.11,908.43,107.4,104.95,103.07,59.51,69.72,2.17,39.1,28.3,201311.23,Normal,0
2020-11-04 06:00:00,1053.82,908.6,107.01,104.6,102.77,59.5,69.48,2.16,39.75,28.53,198458.4,Normal,0
2020-11-04 07:00:00,1050.27,908.26,106.95,104.56,102.77,59.57,69.4,2.23,40.46,28.59,199880.78,Normal,0
2020-11-04 08:00:00,1053.81,908.12,107.23,104.81,103.01,59.88,69.62,2.23,40.99,29.12,199373.53,Normal,0
2020-11-04 09:00:00,1059.56,907.6,107.46,105.08,103.29,60.4,69.97,2.29,41.24,30.26,200492.35,Normal,0
2020-11-04 10:00:00,1047.97,907.84,107.77,105.44,103.58,60.65,70.26,2.31,41.06,30.86,199572.97,Normal,0
2020-11-04 11:00:00,1052.1,907.43,108.3,105.99,104.17,61.29,70.9,2.27,41.95,31.88,201964.64,Normal,0
2020-11-04 12:00:00,1057.28,907.51,109.25,106.97,105.14,62.1,71.77,2.38,43.34,32.95,201915.46,Normal,0
2020-11-04 13:00:00,845.42,714.88,108.18,106.06,104.04,62.63,72.11,2.01,43.59,34.03,165985.38,Normal,0
2020-11-04 14:00:00,1044.12,906.77,106.07,104.04,102.19,63.71,71.04,2.45,42.88,35.39,199559.15,Normal,0
2020-11-04 15:00:00,1050.75,908.9,108.57,106.25,104.42,64.46,71.99,2.44,43.52,37.61,200562.02,Normal,0
2020-11-04 16:00:00,1039.86,909.37,108.72,106.33,104.48,63.62,72.34,2.4,41.35,36.28,193962.77,Normal,0
2020-11-04 17:00:00,1040.68,909.32,107.7,105.22,103.39,63.52,71.4,2.32,40.23,35.13,194171.84,Normal,0
2020-11-04 18:00:00,1042.9,909.4,106.93,104.42,102.63,62.49,70.3,2.32,39.87,34.1,195283.5,Normal,0
2020-11-04 19:00:00,1039.53,909.64,106.08,103.64,101.88,60.85,69.37,2.39,41.42,33.94,194476.71,Normal,0
2020-11-04 20:00:00,1053.16,909.04,105.84,103.35,101.69,60.9,69.16,2.54,41.81,34.56,196430.14,Normal,0
2020-11-04 21:00:00,1062.59,908.64,106.22,103.78,102.1,61.27,69.58,2.59,40.69,33.37,200239.65,Normal,0
2020-11-04 22:00:00,1063.82,906.19,106.68,104.27,102.52,60.82,69.91,2.56,40.22,32.91,204313.92,Normal,0
2020-11-04 23:00:00,933.69,816.75,105.01,102.64,100.81,60.09,69.61,2.33,39.23,32.25,179806.86,Normal,0
2020-11-05 00:00:00,1033.42,901.25,103.22,100.94,99.27,59.77,68.01,2.37,39.31,30.93,197332.53,Normal,0
2020-11-05 01:00:00,1030.34,901.24,104.48,102.19,100.51,59.88,68.08,2.27,39.7,29.61,197856.64,Normal,0
2020-11-05 02:00:00,1019.79,901.27,104.46,102.21,100.43,59.7,68.08,2.3,40.52,28.52,194467.46,Normal,0
2020-11-05 03:00:00,1014.56,901.3,104.14,101.9,100.11,59.17,67.74,2.29,40.88,28.25,191458.06,Normal,0
2020-11-05 04:00:00,1007.85,901.28,103.37,101.16,99.4,58.27,67.2,2.25,41.59,27.84,186547.28,Normal,0
2020-11-05 05:00:00,1017.96,901.3,102.68,100.44,98.72,57.43,66.59,2.16,40.82,28.86,190915.28,Normal,0
2020-11-05 06:00:00,1040.89,906.66,102.85,100.6,98.89,57.06,66.31,2.23,38.94,29.05,195762.36,Normal,0
2020-11-05 07:00:00,1051.61,910.06,104.1,101.75,100.08,57.57,66.63,2.33,38.08,31.16,197280.98,Normal,0
2020-11-05 08:00:00,1063.36,910.12,105.0,102.58,100.91,58.16,67.13,2.3,38.47,32.33,200185.93,Normal,0
2020-11-05 09:00:00,933.73,779.96,106.03,103.54,101.86,59.02,67.86,2.02,38.85,32.31,182582.79,Normal,0
2020-11-05 10:00:00,0.0,0.0,86.74,85.72,85.49,58.79,62.13,0.49,38.46,31.96,403.44,Normal,0
2020-11-05 11:00:00,0.0,0.0,75.48,73.88,77.18,56.5,55.97,0.49,32.67,27.13,18.66,Normal,0
2020-11-05 12:00:00,0.0,0.0,69.63,67.08,71.79,54.95,52.65,0.49,29.9,25.16,43.26,Normal,0
2020-11-05 13:00:00,0.0,0.0,65.5,62.72,67.64,53.37,50.5,0.49,28.52,24.98,125.58,Normal,0
2020-11-05 14:00:00,641.67,0.0,62.46,59.77,64.47,51.66,48.87,0.5,28.08,25.27,63.4,Normal,0
2020-11-05 15:00:00,1100.0,0.0,59.98,57.4,61.89,50.12,47.38,0.52,27.54,25.44,206.19,Normal,0
2020-11-05 16:00:00,1100.0,0.0,57.79,55.18,59.67,48.86,45.68,0.52,26.98,25.39,115.98,Normal,0
2020-11-05 17:00:00,953.33,0.05,55.73,53.15,57.61,47.46,44.0,0.5,26.46,25.0,62.83,Normal,0
2020-11-05 18:00:00,990.16,839.83,74.28,71.35,73.43,47.53,48.55,2.16,34.11,31.2,179868.62,Normal,0
2020-11-05 19:00:00,1056.16,909.65,92.56,90.24,89.77,51.77,56.82,2.34,41.33,38.15,197609.43,Normal,0
2020-11-05 20:00:00,1059.98,909.17,100.08,97.91,96.71,55.22,62.51,2.22,42.27,39.9,200375.68,Normal,0
2020-11-05 21:00:00,1077.45,908.68,103.59,101.31,99.78,56.81,65.67,2.29,41.44,37.9,201480.11,Normal,0
2020-11-05 22:00:00,1070.04,908.64,105.07,102.64,100.99,57.92,67.24,2.6,40.05,35.1,201153.46,Normal,0
2020-11-05 23:00:00,1073.19,908.57,106.03,103.53,101.91,59.42,68.39,2.51,40.25,33.07,201721.8,Normal,0
2020-11-06 00:00:00,1061.31,908.89,106.34,103.82,102.15,60.55,69.14,2.45,41.3,34.39,198878.66,Normal,0
2020-11-06 01:00:00,1058.67,909.08,106.33,103.79,102.12,60.21,69.39,2.48,39.41,35.35,199118.02,Normal,0
2020-11-06 02:00:00,1065.81,909.0,106.21,103.69,102.0,59.87,69.4,2.5,38.74,34.62,199838.53,Normal,0
2020-11-06 03:00:00,1067.94,908.68,106.11,103.56,101.85,59.31,69.23,2.59,39.21,32.41,201553.2,Normal,0
2020-11-06 04:00:00,1072.29,908.05,106.03,103.44,101.72,58.71,68.98,2.64,39.07,33.04,202775.53,Normal,0
2020-11-06 05:00:00,1070.67,907.17,106.18,103.66,101.95,58.96,68.53,2.74,39.01,36.09,204780.55,Normal,0
2020-11-06 06:00:00,1063.84,907.45,106.89,104.5,102.69,60.41,69.31,2.75,39.61,36.57,204271.96,Normal,0
2020-11-06 07:00:00,1068.85,909.11,107.94,105.55,103.71,62.19,70.52,2.8,40.1,36.33,201186.51,Normal,0
2020-11-06 08:00:00,1063.14,909.3,108.44,105.95,104.21,63.11,71.24,2.81,41.69,37.16,198692.17,Normal,0
2020-11-06 09:00:00,1052.41,909.22,109.07,106.7,105.04,64.44,72.28,2.71,44.38,39.91,194623.41,Normal,0
2020-11-06 10:00:00,1052.91,909.14,110.3,107.94,106.22,65.7,73.75,2.67,46.15,39.93,193982.62,Normal,0
2020-11-06 11:00:00,1055.58,909.25,111.39,109.04,107.25,66.54,74.96,2.69,46.05,40.22,195174.26,Normal,0
2020-11-06 12:00:00,1048.37,909.83,111.76,109.39,107.56,66.98,75.46,2.74,45.21,39.35,194947.07,Normal,0
2020-11-06 13:00:00,1032.16,909.85,111.81,109.47,107.72,67.27,75.82,2.92,45.26,40.95,191371.3,Normal,0
2020-11-06 14:00:00,1036.6,909.83,111.87,109.54,107.76,66.64,76.0,2.97,45.85,41.95,191255.97,Normal,0
2020-11-06 15:00:00,1037.9,909.69,112.15,109.82,107.96,66.77,76.14,2.86,44.33,41.55,193504.78,Normal,0
2020-11-06 16:00:00,1046.22,909.0,112.44,110.11,108.19,66.46,76.21,2.97,43.5,41.09,194909.3,Normal,0
2020-11-06 17:00:00,1061.76,907.25,112.56,110.17,108.23,65.26,76.2,2.63,43.25,39.86,198957.11,Normal,0
2020-11-06 18:00:00,1059.84,908.15,112.41,109.96,108.0,63.92,75.92,2.5,43.89,39.03,200971.75,Normal,0
2020-11-06 19:00:00,1069.73,907.87,111.95,109.48,107.5,62.82,75.48,2.49,42.78,38.54,202282.39,Normal,0
2020-11-06 20:00:00,1062.84,908.1,111.27,108.8,106.87,62.08,74.93,2.51,41.8,36.94,199608.78,Normal,0
2020-11-06 21:00:00,887.55,760.44,109.57,107.06,105.06,60.93,73.1,2.14,42.9,36.16,168872.79,Normal,0
2020-11-06 22:00:00,0.0,0.0,89.04,88.44,87.77,60.01,65.58,0.49,43.1,39.99,176.15,Normal,0
2020-11-06 23:00:00,11.37,3.13,77.88,76.75,79.88,58.2,57.27,0.5,35.31,33.25,1178.66,Normal,0
2020-11-07 00:00:00,1055.09,899.69,92.35,89.27,90.72,56.47,60.59,2.57,36.3,30.76,196228.17,Normal,0
2020-11-07 01:00:00,1052.21,909.28,101.77,99.11,98.16,57.45,66.56,2.67,42.9,36.01,191518.05,Normal,0
2020-11-07 02:00:00,1074.78,909.28,105.27,102.72,101.34,58.33,69.89,2.66,43.35,36.63,198338.52,Normal,0
2020-11-07 03:00:00,1063.77,909.34,106.7,104.21,102.65,58.99,71.62,2.71,41.11,35.46,196081.38,Normal,0
2020-11-07 04:00:00,1069.28,909.3,107.31,104.8,103.15,59.51,72.68,2.77,40.18,33.83,197003.55,Normal,0
2020-11-07 05:00:00,1075.74,908.84,107.81,105.24,103.58,59.94,73.14,2.71,39.57,32.85,200460.97,Normal,0
2020-11-07 06:00:00,1079.21,908.67,108.25,105.7,104.06,59.97,73.66,2.73,38.93,31.8,201297.88,Normal,0
2020-11-07 07:00:00,1081.57,908.33,108.22,105.7,103.95,59.57,73.7,2.75,38.07,30.85,201780.88,Normal,0
2020-11-07 08:00:00,1080.56,907.91,108.18,105.66,103.94,59.7,73.22,2.71,41.13,31.4,203670.8,Normal,0
2020-11-07 09:00:00,1084.8,908.52,108.78,106.19,104.62,60.34,72.95,2.64,43.09,32.36,202616.78,Normal,0
2020-11-07 10:00:00,1088.92,908.2,109.67,107.1,105.56,61.36,73.38,2.63,43.72,33.27,200925.52,Normal,0
2020-11-07 11:00:00,1075.92,908.04,110.45,107.92,106.28,61.97,73.96,2.7,44.2,34.08,199999.61,Normal,0
2020-11-07 12:00:00,1071.44,908.21,110.95,108.46,106.74,62.42,74.38,2.84,43.1,34.72,198405.77,Normal,0
2020-11-07 13:00:00,1073.1,908.03,111.27,108.81,107.01,62.4,74.72,2.79,42.25,34.65,199517.81,Normal,0
2020-11-07 14:00:00,1066.29,908.15,111.59,109.09,107.26,62.58,74.97,2.82,42.51,34.49,200623.21,Normal,0
2020-11-07 15:00:00,1080.38,907.97,111.93,109.47,107.66,62.95,75.1,2.81,43.54,34.77,200742.65,Normal,0
2020-11-07 16:00:00,1074.25,907.83,112.15,109.63,107.81,63.1,75.1,2.77,42.82,34.19,200542.28,Normal,0
2020-11-07 17:00:00,1082.8,907.85,112.07,109.5,107.74,63.1,74.91,2.71,41.26,33.65,199811.69,Normal,0
2020-11-07 18:00:00,1076.68,902.25,111.87,109.25,107.61,63.1,74.85,2.58,40.57,34.13,201302.17,Normal,0
2020-11-07 19:00:00,1102.52,910.23,112.27,109.5,108.1,63.45,74.88,2.87,40.95,34.33,209513.46,Normal,0
2020-11-07 20:00:00,1095.51,910.33,112.61,110.02,108.33,63.49,74.9,2.76,40.17,34.32,209116.52,Normal,0
2020-11-07 21:00:00,1093.76,910.23,112.26,109.55,107.82,62.82,74.68,2.77,38.84,32.82,209062.57,Normal,0
2020-11-07 22:00:00,891.68,743.12,109.15,106.52,104.73,61.78,73.34,2.22,38.67,32.53,161445.47,Normal,0
2020-11-07 23:00:00,1111.86,910.2,107.52,104.81,103.44,60.57,71.3,2.94,39.28,32.27,214606.82,Normal,0
2020-11-08 00:00:00,1098.99,910.21,109.34,106.54,105.07,60.24,71.48,2.89,40.64,33.59,210393.41,Normal,0
2020-11-08 01:00:00,1105.76,910.24,110.07,107.36,105.71,60.32,72.02,2.78,40.25,33.58,212087.61,Normal,0
2020-11-08 02:00:00,1101.39,910.14,110.15,107.42,105.72,60.14,72.37,2.57,40.17,32.84,210132.87,Normal,0
2020-11-08 03:00:00,1099.4,910.15,109.52,106.75,105.04,59.48,71.76,2.55,37.54,31.25,209046.7,Normal,0
2020-11-08 04:00:00,1064.74,910.12,108.47,105.73,104.02,59.0,70.84,2.37,37.07,30.95,192930.84,Normal,0
2020-11-08 05:00:00,751.28,649.1,99.99,97.86,96.27,58.01,68.31,2.25,37.1,31.62,133291.21,Normal,0
2020-11-08 06:00:00,1043.79,889.53,102.29,99.82,98.46,56.63,67.21,2.74,35.99,29.96,205470.43,Normal,0
2020-11-08 07:00:00,912.23,784.29,102.4,100.06,98.49,56.22,66.89,2.44,35.12,29.3,182989.14,Normal,0
2020-11-08 08:00:00,93.96,76.1,80.17,79.25,76.97,50.74,60.05,0.9,30.62,29.2,23398.39,Normal,0
2020-11-08 09:00:00,307.62,264.93,69.0,69.06,69.53,49.22,53.86,1.08,32.22,30.4,58378.12,Normal,0
2020-11-08 10:00:00,1069.08,897.85,90.41,88.32,88.02,52.91,59.11,2.5,38.18,33.13,204065.38,Normal,0
2020-11-08 11:00:00,743.09,622.03,98.62,96.57,95.38,56.87,64.4,1.84,43.74,38.26,139069.22,Normal,0
2020-11-08 12:00:00,785.4,646.75,92.84,91.71,90.36,56.99,63.71,2.03,42.18,37.74,139132.36,Normal,0
2020-11-08 13:00:00,1089.96,908.25,104.43,102.09,100.82,58.88,68.0,2.46,43.7,40.09,204800.21,Normal,0
2020-11-08 14:00:00,1088.81,909.07,108.91,106.47,105.01,61.05,71.4,2.48,45.71,41.99,204242.86,Normal,0
2020-11-08 15:00:00,1081.0,909.61,111.5,109.04,107.51,63.07,74.27,2.38,46.39,42.4,202982.32,Normal,0
2020-11-08 16:00:00,1080.9,909.66,112.94,110.45,108.78,64.26,76.38,2.47,45.0,41.27,202059.7,Normal,0
2020-11-08 17:00:00,1072.04,909.73,113.13,110.58,108.83,64.51,77.31,2.35,43.18,39.59,194475.03,Normal,0
2020-11-08 18:00:00,331.83,291.98,99.02,97.93,95.51,63.3,72.03,1.11,43.37,40.61,61582.71,Normal,0
2020-11-08 19:00:00,1082.83,909.66,105.76,103.17,101.7,61.09,71.21,2.5,42.03,36.11,199224.08,Normal,0
2020-11-08 20:00:00,1061.36,902.63,108.0,105.43,103.79,60.53,71.85,2.27,41.26,36.36,200859.31,Normal,0
2020-11-08 21:00:00,1067.59,903.98,108.33,105.85,104.17,60.1,72.15,2.28,39.96,35.43,204454.91,Normal,0
2020-11-08 22:00:00,1078.1,909.44,108.54,105.95,104.31,59.8,72.17,2.29,39.73,34.97,201103.53,Normal,0
2020-11-08 23:00:00,1078.2,909.3,108.26,105.69,103.98,59.44,71.78,2.2,40.05,33.54,201524.84,Normal,0
2020-11-09 00:00:00,1078.57,909.05,108.01,105.38,103.66,59.19,71.34,2.17,39.81,31.53,201916.41,Normal,0
2020-11-09 01:00:00,1079.6,908.39,107.67,105.07,103.32,58.81,70.75,2.17,37.78,29.37,202795.63,Normal,0
2020-11-09 02:00:00,1077.17,908.14,107.21,104.56,102.79,58.44,70.41,2.3,39.29,28.45,202743.53,Normal,0
2020-11-09 03:00:00,1077.44,907.82,106.8,104.17,102.41,58.03,70.13,2.32,38.32,29.02,202787.36,Normal,0
2020-11-09 04:00:00,1066.54,907.76,106.31,103.65,101.92,57.7,69.62,2.27,36.22,29.34,202763.15,Normal,0
2020-11-09 05:00:00,1081.44,903.3,105.96,103.3,101.59,57.24,69.02,2.18,34.61,30.04,205010.66,Normal,0
2020-11-09 06:00:00,1062.0,899.31,105.39,102.79,101.04,57.07,68.51,2.16,33.59,29.34,205085.61,Normal,0
2020-11-09 07:00:00,1099.28,902.6,105.06,102.46,100.75,56.7,68.11,2.07,33.24,28.17,204882.58,Normal,0
2020-11-09 08:00:00,1106.74,902.79,105.07,102.46,100.75,56.7,68.1,2.05,33.2,28.1,204976.13,Normal,0
2020-11-09 09:00:00,1106.74,902.79,105.07,102.46,100.75,56.7,68.1,2.05,33.2,28.1,204976.13,Normal,0
2020-11-09 10:00:00,1106.74,902.79,105.07,102.46,100.75,56.7,68.1,2.05,33.2,28.1,204976.13,Normal,0
2020-11-09 11:00:00,994.19,810.98,101.7,99.31,97.5,56.55,66.54,1.9,32.95,28.14,184131.28,Normal,0
2020-11-09 12:00:00,0.0,0.0,69.75,69.13,65.86,54.57,50.72,0.48,29.44,27.43,69.35,Normal,0
2020-11-09 13:00:00,0.0,0.0,66.2,65.42,61.66,53.07,47.83,0.46,28.03,26.46,38.9,Normal,0
2020-11-09 14:00:00,755.13,660.27,76.91,75.11,72.78,50.93,50.99,1.84,30.14,28.18,146515.06,Normal,0
2020-11-09 15:00:00,35.8,32.25,74.65,73.65,71.66,50.56,52.92,0.59,34.94,34.39,6928.68,Normal,0
2020-11-09 16:00:00,1021.7,867.74,84.24,82.49,81.44,49.7,54.54,2.2,34.11,30.92,195563.83,Normal,0
2020-11-09 17:00:00,1044.66,891.62,95.74,93.62,92.45,52.33,59.63,2.19,37.07,32.88,200852.98,Normal,0
2020-11-09 18:00:00,1033.84,891.61,99.72,97.59,96.19,54.45,62.96,2.14,37.09,33.31,197716.69,Normal,0
2020-11-09 19:00:00,1022.34,891.64,101.71,99.56,98.09,56.12,65.06,2.19,37.17,32.94,196941.75,Normal,0
2020-11-09 20:00:00,1026.38,891.65,102.69,100.48,98.92,56.72,66.13,2.2,36.19,32.52,198254.07,Normal,0
2020-11-09 21:00:00,1065.43,901.68,103.8,101.48,99.87,57.27,66.78,2.38,35.79,31.56,202562.81,Normal,0
2020-11-09 22:00:00,1079.86,907.56,105.57,103.09,101.51,57.93,67.73,2.55,35.39,31.14,202647.63,Normal,0
2020-11-09 23:00:00,1063.69,907.76,106.14,103.69,102.02,58.37,68.41,2.56,34.73,31.24,200422.98,Normal,0
2020-11-10 00:00:00,519.42,452.21,101.14,99.13,97.36,59.16,67.75,1.44,37.06,35.09,100726.4,Normal,0
2020-11-10 01:00:00,750.61,626.77,91.9,90.63,90.26,56.72,63.14,1.89,33.71,31.88,138188.86,Normal,0
2020-11-10 02:00:00,374.98,323.83,93.7,91.92,90.57,56.42,64.47,1.17,36.35,35.44,72597.91,Normal,0
2020-11-10 03:00:00,851.56,713.28,89.66,88.28,87.47,53.92,61.28,2.2,33.16,31.11,154099.92,Normal,0
2020-11-10 04:00:00,1071.76,906.06,100.08,97.64,96.33,54.52,64.54,2.73,34.57,33.99,201312.37,Normal,0
2020-11-10 05:00:00,1084.24,908.68,102.81,100.38,98.85,55.19,66.27,2.82,34.64,33.68,201280.23,Normal,0
2020-11-10 06:00:00,1077.9,907.5,104.2,101.72,100.11,55.87,67.44,2.71,34.08,33.26,203286.78,Normal,0
2020-11-10 07:00:00,0.0,10.82,88.41,87.43,86.43,56.2,62.92,0.52,38.45,40.31,3789.9,Normal,0
2020-11-10 08:00:00,0.0,0.0,75.5,74.78,76.85,54.28,55.61,0.47,34.4,34.13,309.47,Normal,0
2020-11-10 09:00:00,0.0,0.0,70.38,69.0,71.34,53.38,52.44,0.48,32.05,29.86,174.65,Normal,0
2020-11-10 10:00:00,898.33,0.0,67.04,65.4,66.35,52.85,50.06,0.49,29.99,27.12,106.08,Normal,0
2020-11-10 11:00:00,238.33,0.01,64.17,62.49,61.76,52.13,47.44,0.47,28.53,25.76,153.11,Normal,0
2020-11-10 12:00:00,0.0,0.0,61.51,59.92,58.76,50.68,45.41,0.47,27.54,25.41,0.0,Normal,0
2020-11-10 13:00:00,0.0,0.0,59.4,57.81,56.06,49.54,43.5,0.48,26.69,24.81,104.45,Normal,0
2020-11-10 14:00:00,966.06,808.27,75.05,73.01,71.56,47.99,48.34,2.18,35.95,29.81,191899.57,Normal,0
2020-11-10 15:00:00,1050.94,891.52,91.34,89.22,88.13,50.74,56.62,2.56,45.79,36.02,204449.07,Normal,0
2020-11-10 16:00:00,1045.0,891.77,98.56,96.49,95.22,54.07,61.83,2.5,51.34,37.31,204874.41,Normal,0
2020-11-10 17:00:00,1046.64,892.39,102.37,100.26,98.75,56.1,64.99,2.49,50.8,37.28,205099.66,Normal,0
2020-11-10 18:00:00,1054.29,892.94,104.25,101.96,100.41,57.47,67.01,2.54,48.73,35.84,204974.61,Normal,0
2020-11-10 19:00:00,1042.64,887.34,105.01,102.62,101.06,58.25,68.15,2.65,45.1,34.07,205165.54,Normal,0
2020-11-10 20:00:00,1038.24,884.24,105.19,102.8,101.19,58.73,68.6,2.64,43.47,32.36,205104.04,Normal,0
2020-11-10 21:00:00,1078.23,897.93,106.04,103.63,102.01,59.16,68.98,2.53,43.32,32.14,211385.49,Normal,0
2020-11-10 22:00:00,1110.52,910.2,108.69,106.09,104.49,60.23,70.13,2.56,43.8,32.81,215028.6,Normal,0
2020-11-10 23:00:00,1102.0,910.21,110.08,107.49,105.78,61.2,71.49,2.57,43.85,32.45,215585.54,Normal,0
2020-11-11 00:00:00,1103.07,910.19,110.56,107.92,106.14,61.46,72.45,2.49,42.82,31.37,214747.28,Normal,0
2020-11-11 01:00:00,1108.48,910.16,110.67,107.95,106.15,61.32,72.8,2.52,42.28,29.77,212567.64,Normal,0
2020-11-11 02:00:00,1111.07,910.2,110.59,107.83,106.04,61.12,72.74,2.52,42.17,28.13,218275.34,Normal,0
2020-11-11 03:00:00,1108.97,910.23,110.44,107.68,105.89,60.8,72.39,2.43,41.98,26.34,218010.99,Normal,0
2020-11-11 04:00:00,1110.09,910.2,110.24,107.47,105.67,60.58,71.92,2.32,41.51,25.22,218599.37,Normal,0
2020-11-11 05:00:00,1109.65,910.22,109.9,107.12,105.33,60.24,71.37,2.25,41.07,24.35,217636.94,Normal,0
2020-11-11 06:00:00,1108.69,910.22,109.57,106.79,104.96,59.92,70.79,2.26,41.58,23.59,218179.66,Normal,0
2020-11-11 07:00:00,1103.95,910.24,109.01,106.23,104.4,59.55,70.2,2.33,41.17,23.39,218044.89,Normal,0
2020-11-11 08:00:00,1111.15,910.23,108.91,106.19,104.4,59.99,70.34,2.28,42.56,25.11,216652.07,Normal,0
2020-11-11 09:00:00,1110.5,910.23,109.61,106.88,105.16,60.75,70.96,2.44,43.88,27.3,215554.95,Normal,0
2020-11-11 10:00:00,1098.7,910.27,110.22,107.55,105.85,61.61,71.78,2.58,44.49,29.63,212872.48,Normal,0
2020-11-11 11:00:00,1099.34,910.21,111.4,108.83,107.14,63.02,73.1,2.82,46.56,32.72,211905.92,Normal,0
2020-11-11 12:00:00,1094.78,910.19,113.02,110.52,108.83,64.87,75.28,2.78,48.84,36.37,212741.3,Normal,0
2020-11-11 13:00:00,1091.46,910.17,114.74,112.26,110.53,66.53,77.62,2.76,49.38,39.46,211656.82,Normal,0
2020-11-11 14:00:00,1096.56,910.19,115.81,113.25,111.43,67.51,79.01,2.81,50.55,41.58,212157.17,Normal,0
2020-11-11 15:00:00,1099.04,910.19,116.58,114.04,112.17,68.38,79.94,2.72,49.18,40.62,211902.75,Normal,0
2020-11-11 16:00:00,581.48,487.58,111.83,109.7,107.49,68.6,78.93,1.67,50.21,41.67,111911.12,Normal,0
2020-11-11 17:00:00,0.0,0.0,91.49,92.01,89.28,66.35,69.17,0.45,47.23,41.75,39.22,Normal,0
2020-11-11 18:00:00,0.0,0.0,84.0,83.82,82.31,63.75,63.19,0.44,42.04,37.1,33.25,Normal,0
2020-11-11 19:00:00,0.0,0.0,78.68,77.39,78.02,61.67,58.9,0.43,37.57,33.78,83.92,Normal,0
2020-11-11 20:00:00,0.0,0.0,73.98,71.71,74.16,59.5,55.5,0.44,34.16,30.68,139.54,Normal,0
2020-11-11 21:00:00,0.0,0.0,69.67,66.91,70.37,57.51,52.13,0.44,30.84,27.24,7.23,Normal,0
2020-11-11 22:00:00,359.87,308.57,69.54,66.47,70.12,54.68,49.99,1.19,28.78,24.68,68115.23,Normal,0
2020-11-11 23:00:00,1039.44,886.6,90.43,87.41,87.55,52.81,57.66,2.57,36.85,28.78,204716.43,Normal,0
2020-11-12 00:00:00,1034.35,882.39,98.23,95.95,94.8,54.0,62.12,2.39,40.49,31.18,205308.69,Normal,0
2020-11-12 01:00:00,1024.49,883.22,101.04,98.99,97.47,55.59,64.6,2.81,41.08,31.04,204336.47,Normal,0
2020-11-12 02:00:00,1034.98,888.45,103.18,101.05,99.44,56.61,66.3,2.46,42.16,30.56,204825.78,Normal,0
2020-11-12 03:00:00,1041.96,893.51,104.39,102.1,100.42,57.29,67.53,2.34,41.38,30.31,199909.8,Normal,0
2020-11-12 04:00:00,1024.79,882.38,104.26,102.03,100.26,57.7,68.01,2.79,41.04,28.94,204959.42,Normal,0
2020-11-12 05:00:00,1010.34,876.2,103.89,101.74,99.94,57.41,68.05,2.64,39.31,27.43,205223.18,Normal,0
2020-11-12 06:00:00,1036.48,884.74,103.7,101.46,99.74,57.2,68.06,2.68,39.71,26.39,205241.1,Normal,0
2020-11-12 07:00:00,1096.26,900.63,105.11,102.68,100.99,57.53,68.47,2.6,41.1,25.84,214938.95,Normal,0
2020-11-12 08:00:00,1061.22,892.67,106.46,104.03,102.28,58.45,69.59,2.38,41.17,26.76,210125.58,Normal,0
2020-11-12 09:00:00,351.75,312.79,98.05,96.48,94.67,59.45,67.86,1.09,44.64,29.62,73520.56,Normal,0
2020-11-12 10:00:00,223.92,186.09,81.78,81.34,82.06,57.93,60.18,0.84,40.3,29.74,38968.28,Normal,0
2020-11-12 11:00:00,1037.05,889.46,96.96,94.44,94.23,57.3,64.07,2.43,42.73,31.55,202203.87,Normal,0
2020-11-12 12:00:00,1061.08,889.47,104.57,102.24,101.0,59.37,68.19,2.44,47.34,35.1,212383.62,Normal,0
2020-11-12 13:00:00,1020.25,871.81,108.68,106.43,104.91,61.69,71.32,2.39,48.83,36.9,208582.23,Normal,0
2020-11-12 14:00:00,265.45,220.22,95.77,95.13,93.31,62.2,68.7,0.98,49.65,40.71,42663.88,Normal,0
2020-11-12 15:00:00,647.83,625.21,98.82,97.21,95.71,60.95,69.04,1.79,48.49,38.27,113596.6,Normal,0
2020-11-12 16:00:00,758.87,629.54,94.12,92.95,91.17,60.03,67.42,1.91,48.06,38.84,129825.64,Normal,0
2020-11-12 17:00:00,1029.96,889.36,103.88,101.86,100.42,60.41,69.66,2.46,50.46,38.73,195363.02,Normal,0
2020-11-12 18:00:00,1041.39,889.38,107.2,105.05,103.5,61.08,72.11,2.45,49.46,37.65,198614.81,Normal,0
2020-11-12 19:00:00,1040.01,889.31,108.42,106.15,104.56,61.66,73.61,2.53,46.82,36.37,200812.35,Normal,0
2020-11-12 20:00:00,1061.85,888.95,109.27,106.88,105.26,62.06,74.19,2.33,45.62,35.09,209274.71,Normal,0
2020-11-12 21:00:00,871.81,724.49,108.4,106.09,104.33,62.19,74.23,2.28,44.85,35.11,171046.49,Normal,0
2020-11-12 22:00:00,454.21,441.73,96.44,94.87,92.89,59.63,69.53,1.38,44.59,37.73,81148.01,Normal,0
2020-11-12 23:00:00,492.26,401.55,89.78,88.39,87.76,57.98,64.76,1.47,44.06,37.68,93420.87,Normal,0
2020-11-13 00:00:00,0.14,0.0,77.95,77.8,78.22,60.56,59.88,0.44,44.7,41.51,0.0,Normal,0
2020-11-13 01:00:00,1023.36,875.58,92.25,90.22,89.69,58.92,62.78,2.61,40.27,33.83,189094.32,Normal,0
2020-11-13 02:00:00,1024.04,889.17,104.56,101.67,99.19,59.71,69.41,2.42,44.95,36.51,192107.87,Normal,0
2020-11-13 03:00:00,1022.33,889.08,109.82,106.76,103.59,61.68,73.77,2.6,46.14,36.34,193730.56,Normal,0
2020-11-13 04:00:00,1025.78,888.9,113.14,109.91,106.41,63.39,77.48,2.75,46.0,35.67,196432.92,Normal,0
2020-11-13 05:00:00,1037.59,888.85,115.31,111.9,108.24,64.7,79.78,2.6,46.1,34.68,197676.33,Normal,0
2020-11-13 06:00:00,1026.77,889.06,116.27,112.84,109.1,65.78,81.16,2.67,45.35,34.19,195434.05,Normal,0
2020-11-13 07:00:00,1017.72,889.05,117.14,113.74,109.93,66.83,81.94,2.66,45.87,33.88,194307.97,Normal,0
2020-11-13 08:00:00,1063.53,895.14,118.29,114.85,111.0,67.7,82.54,2.59,46.14,34.24,201154.87,Normal,0
2020-11-13 09:00:00,0.0,17.15,104.1,102.12,98.37,69.54,77.45,0.51,51.22,42.15,5837.59,Normal,0
2020-11-13 10:00:00,171.41,113.16,92.89,91.36,89.37,66.33,69.57,0.73,42.93,35.98,25156.94,Normal,0
2020-11-13 11:00:00,101.5,83.14,86.72,85.43,83.34,65.81,66.44,0.64,40.48,34.58,16880.12,Normal,0
2020-11-13 12:00:00,31.16,31.65,83.55,81.93,79.59,62.66,64.22,0.55,40.17,34.55,8160.79,Normal,0
2020-11-13 13:00:00,0.0,0.0,76.55,75.31,74.42,61.68,59.96,0.45,38.07,34.16,23.22,Normal,0
2020-11-13 14:00:00,696.07,593.45,84.21,82.3,81.06,59.64,59.98,1.7,38.51,32.94,128361.21,Normal,0
2020-11-13 15:00:00,1117.56,911.22,104.8,101.78,99.57,59.99,68.28,3.23,47.17,37.84,210818.62,Normal,0
2020-11-13 16:00:00,1113.87,912.72,113.67,110.37,107.5,62.81,74.52,3.16,48.56,39.03,209844.14,Normal,0
2020-11-13 17:00:00,1110.74,912.69,118.4,114.89,111.61,65.45,79.45,3.17,47.9,38.34,209334.62,Normal,0
2020-11-13 18:00:00,1118.34,912.74,121.33,117.57,114.09,67.63,82.71,3.31,46.72,36.64,209771.36,Normal,0
2020-11-13 19:00:00,1108.3,912.69,122.46,118.54,114.83,68.38,84.14,3.1,43.94,35.1,207882.82,Normal,0
2020-11-13 20:00:00,1109.92,912.65,123.14,119.25,115.49,69.71,85.22,3.06,42.07,34.27,209542.66,Normal,0
2020-11-13 21:00:00,1111.91,912.63,124.07,120.2,116.38,71.17,86.07,3.16,42.5,35.13,210619.23,Normal,0
2020-11-13 22:00:00,1111.68,912.72,124.58,120.63,116.73,71.85,86.2,2.9,43.33,37.39,211057.93,Normal,0
2020-11-13 23:00:00,1114.93,912.76,124.91,120.94,117.05,71.91,86.27,2.99,45.01,36.64,212190.19,Normal,0
2020-11-14 00:00:00,1105.44,912.73,125.26,121.31,117.39,72.45,86.48,2.79,45.33,37.25,210264.42,Normal,0
2020-11-14 01:00:00,1097.53,912.72,125.3,121.36,117.42,72.46,86.7,2.79,43.65,38.09,209699.6,Normal,0
2020-11-14 02:00:00,1100.87,912.59,125.43,121.49,117.58,72.57,86.83,2.72,43.85,38.52,211011.12,Normal,0
2020-11-14 03:00:00,1105.76,912.57,125.65,121.73,117.81,72.66,86.9,2.73,43.93,38.07,213278.16,Normal,0
2020-11-14 04:00:00,1104.51,912.59,125.64,121.71,117.76,72.35,86.87,2.53,43.03,37.45,212473.13,Normal,0
2020-11-14 05:00:00,1101.32,912.55,125.31,121.33,117.37,71.87,86.9,2.6,42.91,36.59,212371.74,Normal,0
2020-11-14 06:00:00,1105.16,912.52,125.31,121.29,117.42,71.65,86.95,2.56,43.33,36.52,213183.29,Normal,0
2020-11-14 07:00:00,1105.45,912.49,125.37,121.35,117.52,71.48,86.9,2.54,41.99,36.17,210684.32,Normal,0
2020-11-14 08:00:00,1100.1,912.61,125.11,121.14,117.29,72.27,86.9,2.7,43.59,35.52,210251.35,Normal,0
2020-11-14 09:00:00,1105.95,912.63,125.17,121.24,117.36,72.62,87.03,2.57,45.49,37.06,209013.41,Normal,0
2020-11-14 10:00:00,1100.69,912.55,125.46,121.56,117.7,72.98,87.28,2.57,48.01,38.64,209993.9,Normal,0
2020-11-14 11:00:00,1108.56,912.49,126.21,122.37,118.61,74.13,87.82,2.49,48.41,39.82,212490.55,Normal,0
2020-11-14 12:00:00,1102.36,912.49,127.01,123.16,119.35,74.71,88.3,2.48,47.55,39.17,211572.19,Normal,0
2020-11-14 13:00:00,1104.85,912.48,127.67,123.84,120.02,75.15,88.85,2.52,48.05,39.37,212321.79,Normal,0
2020-11-14 14:00:00,1100.09,912.47,128.24,124.4,120.54,75.81,89.25,2.58,48.83,40.04,211838.91,Normal,0
2020-11-14 15:00:00,1104.34,912.47,128.72,124.85,121.0,76.02,89.58,2.61,48.8,40.7,213761.11,Normal,0
2020-11-14 16:00:00,1100.63,912.49,128.96,125.08,121.23,76.01,89.85,2.59,49.3,39.83,213778.92,Normal,0
2020-11-14 17:00:00,1121.71,912.48,129.6,125.68,121.82,76.55,90.0,2.51,48.22,38.24,218667.74,Normal,0
2020-11-14 18:00:00,1128.7,912.52,130.15,126.17,122.34,76.81,90.3,2.46,47.25,36.21,220404.5,Normal,0
2020-11-14 19:00:00,1114.39,912.63,129.86,125.83,121.94,76.95,90.3,2.5,47.46,34.56,215674.52,Normal,0
2020-11-14 20:00:00,1116.72,912.7,129.37,125.33,121.39,75.82,90.07,2.53,46.0,32.62,214431.0,Normal,0
2020-11-14 21:00:00,1116.12,912.73,128.55,124.48,120.52,74.55,89.64,2.5,44.8,36.17,215287.32,Normal,0
2020-11-14 22:00:00,1117.38,912.72,127.92,123.89,119.96,73.76,89.36,2.59,43.59,36.53,216776.59,Normal,0
2020-11-14 23:00:00,1122.63,912.64,127.72,123.69,119.76,73.97,88.87,2.6,43.75,36.22,219999.93,Normal,0
2020-11-15 00:00:00,1127.66,912.57,127.83,123.79,119.93,73.88,88.8,2.63,44.48,35.99,221936.75,Normal,0
2020-11-15 01:00:00,1131.08,912.53,128.02,123.97,120.11,73.91,88.9,2.67,43.31,35.26,222412.19,Normal,0
2020-11-15 02:00:00,1135.06,912.43,128.11,123.94,120.09,72.86,88.8,2.7,42.41,34.48,220974.07,Normal,0
2020-11-15 03:00:00,1130.32,912.64,127.74,123.5,119.63,72.2,88.38,2.72,42.27,34.43,221576.36,Normal,0
2020-11-15 04:00:00,1129.91,912.68,127.38,123.21,119.36,71.95,88.11,2.71,43.36,35.12,219514.65,Normal,0
2020-11-15 05:00:00,1096.74,912.65,126.15,122.03,118.15,71.83,87.61,2.79,43.91,35.55,207865.18,Normal,0
2020-11-15 06:00:00,1132.8,912.64,126.72,122.55,118.73,71.73,87.3,2.93,44.09,35.33,222337.96,Normal,0
2020-11-15 07:00:00,1121.48,912.65,126.66,122.54,118.66,71.96,87.34,2.95,43.85,35.46,218864.49,Normal,0
2020-11-15 08:00:00,1115.46,912.61,126.67,122.6,118.78,72.89,87.77,2.93,45.53,37.44,217463.23,Normal,0
2020-11-15 09:00:00,1120.24,912.6,127.6,123.57,119.96,73.92,88.75,2.96,48.29,40.74,217249.57,Normal,0
2020-11-15 10:00:00,1120.82,912.52,129.03,125.05,121.5,76.16,89.97,3.05,49.64,43.54,214544.71,Normal,0
2020-11-15 11:00:00,1114.88,912.53,130.26,126.31,122.72,77.56,90.9,2.97,50.36,45.27,213257.77,Normal,0
2020-11-15 12:00:00,1094.76,912.59,130.73,126.85,123.15,78.3,91.65,2.87,50.96,45.42,207095.76,Normal,0
2020-11-15 13:00:00,1095.02,912.6,131.13,127.27,123.56,78.68,92.05,3.0,49.24,45.17,206763.93,Normal,0
2020-11-15 14:00:00,1100.28,912.59,131.73,127.86,124.19,78.75,92.65,3.11,49.2,46.16,208154.45,Normal,0
2020-11-15 15:00:00,1100.81,912.58,132.21,128.31,124.65,79.37,93.07,3.06,50.5,46.04,207887.98,Normal,0
2020-11-15 16:00:00,1113.6,912.55,132.83,128.86,125.21,79.67,93.32,3.1,50.9,45.42,212183.9,Normal,0
2020-11-15 17:00:00,1127.75,912.58,133.72,129.67,125.95,79.33,93.61,2.92,50.84,44.04,216827.83,Normal,0
2020-11-15 18:00:00,1120.43,912.59,134.07,129.96,126.26,79.81,93.7,2.83,49.41,42.87,217877.84,Normal,0
2020-11-15 19:00:00,1121.42,912.64,133.86,129.72,125.92,79.44,93.46,2.77,46.6,41.21,217002.8,Normal,0
2020-11-15 20:00:00,1119.91,912.62,132.84,128.64,124.79,77.59,92.77,2.89,45.04,40.9,217641.1,Normal,0
2020-11-15 21:00:00,1126.43,912.54,131.91,127.62,123.78,76.27,92.19,2.81,44.75,40.01,215675.17,Normal,0
2020-11-15 22:00:00,1132.12,912.62,130.91,126.62,122.76,75.45,91.4,2.84,44.31,39.0,216373.37,Normal,0
2020-11-15 23:00:00,1130.78,912.6,130.23,125.94,122.11,74.83,90.75,3.01,44.58,39.47,216373.11,Normal,0
2020-11-16 00:00:00,1128.3,912.59,129.79,125.51,121.7,74.14,90.45,3.04,44.72,40.32,216355.01,Normal,0
2020-11-16 01:00:00,1127.75,912.6,129.34,125.07,121.26,73.48,90.19,2.99,44.58,39.19,216996.46,Normal,0
2020-11-16 02:00:00,1122.75,912.64,128.66,124.43,120.61,73.09,89.74,2.98,44.3,38.36,213989.42,Normal,0
2020-11-16 03:00:00,35.73,36.58,111.23,108.37,105.17,73.76,82.76,0.57,48.39,45.0,8638.74,Normal,0
2020-11-16 04:00:00,854.66,731.31,109.79,106.64,105.59,70.66,78.09,2.31,40.49,36.6,164776.45,Normal,0
2020-11-16 05:00:00,1051.97,893.64,118.1,114.31,111.36,69.74,81.9,2.49,42.62,37.51,204058.42,Normal,0
2020-11-16 06:00:00,1046.28,890.98,119.11,115.37,112.02,69.31,82.51,2.63,43.21,37.41,203820.07,Normal,0
2020-11-16 07:00:00,1023.47,879.9,118.68,114.99,111.49,67.94,82.46,2.61,42.53,37.89,203884.78,Normal,0
2020-11-16 08:00:00,1037.71,881.01,118.14,114.54,111.09,69.16,82.36,3.07,43.93,39.69,203553.26,Normal,0
2020-11-16 09:00:00,1060.14,894.14,119.57,115.98,112.76,71.22,83.28,2.52,45.52,41.84,203657.84,Normal,0
2020-11-16 10:00:00,1061.83,893.16,121.37,117.83,114.58,72.16,84.93,2.51,46.79,42.99,204216.38,Normal,0
2020-11-16 11:00:00,1052.5,889.72,122.6,119.11,115.77,72.71,86.34,2.75,47.71,44.2,204127.93,Normal,0
2020-11-16 12:00:00,1043.74,885.32,123.75,120.29,116.9,73.54,87.5,2.71,48.46,45.04,202776.82,Normal,0
2020-11-16 13:00:00,1057.82,886.22,124.56,121.1,117.72,74.26,88.3,2.98,49.31,45.39,208808.66,Normal,0
2020-11-16 14:00:00,1146.42,912.43,129.14,125.37,122.11,75.28,90.11,2.81,50.77,46.39,222369.09,Normal,0
2020-11-16 15:00:00,1134.13,912.48,131.76,127.89,124.5,77.46,91.94,3.03,50.98,47.2,219982.82,Normal,0
2020-11-16 16:00:00,223.76,191.06,120.22,117.51,113.1,78.79,88.59,1.01,53.16,51.78,43778.82,Normal,0
2020-11-16 17:00:00,0.0,0.0,103.33,102.51,97.91,76.97,77.7,0.46,48.07,45.92,0.0,Normal,0
2020-11-16 18:00:00,0.0,0.0,96.39,95.11,91.68,74.86,71.33,0.46,44.22,41.13,8.14,Normal,0
2020-11-16 19:00:00,0.0,0.0,90.43,88.37,87.9,72.48,67.1,0.45,40.69,37.68,19.84,Normal,0
2020-11-16 20:00:00,949.66,763.11,101.89,98.34,98.01,68.38,70.05,2.58,39.68,35.71,171320.53,Normal,0
2020-11-16 21:00:00,1099.04,912.66,115.52,111.67,109.21,66.97,77.33,2.91,43.74,40.13,205266.35,Normal,0
2020-11-16 22:00:00,1103.1,912.63,118.9,115.09,111.98,66.72,80.43,2.83,43.65,38.12,205168.0,Normal,0
2020-11-16 23:00:00,1093.95,912.63,120.4,116.51,113.26,66.9,82.25,2.85,43.51,36.22,204488.59,Normal,0
2020-11-17 00:00:00,1106.72,912.59,121.53,117.59,114.25,67.4,83.3,2.61,43.44,37.31,207075.78,Normal,0
2020-11-17 01:00:00,1116.89,912.49,122.44,118.42,115.04,67.63,83.95,2.58,42.73,37.84,209325.47,Normal,0
2020-11-17 02:00:00,1115.76,912.49,122.99,118.93,115.51,67.92,84.51,2.59,42.59,36.89,210424.02,Normal,0
2020-11-17 03:00:00,1118.08,912.5,123.39,119.29,115.82,68.22,84.84,2.57,42.04,35.89,211014.86,Normal,0
2020-11-17 04:00:00,1120.64,912.52,123.53,119.45,115.92,68.37,84.9,2.57,42.0,36.6,211632.34,Normal,0
2020-11-17 05:00:00,1130.34,911.85,123.71,119.58,116.03,68.49,84.9,2.56,41.82,36.03,214171.6,Normal,0
2020-11-17 06:00:00,1112.54,910.02,123.5,119.37,115.8,68.4,84.83,2.53,41.29,35.58,210796.03,Normal,0
2020-11-17 07:00:00,1107.31,909.92,123.15,119.06,115.51,68.11,84.69,2.7,41.46,35.98,211116.87,Normal,0
2020-11-17 08:00:00,1106.83,909.88,122.9,118.89,115.38,68.85,84.84,2.66,42.76,38.29,208228.46,Normal,0
2020-11-17 09:00:00,1098.47,909.85,123.75,119.82,116.49,70.83,85.88,2.75,45.52,41.11,206764.63,Normal,0
2020-11-17 10:00:00,333.37,285.31,115.36,112.33,108.77,73.25,84.22,1.21,51.04,46.81,63410.22,Normal,0
2020-11-17 11:00:00,722.73,582.56,107.9,105.79,103.22,70.88,78.16,2.16,45.8,42.17,127395.57,Normal,0
2020-11-17 12:00:00,1093.75,912.57,120.66,117.08,114.17,70.99,83.98,3.09,48.01,44.27,199013.6,Normal,0
2020-11-17 13:00:00,1085.66,912.56,123.87,120.27,117.19,72.2,87.01,3.01,49.45,45.73,197572.09,Normal,0
2020-11-17 14:00:00,1078.67,912.61,126.02,122.4,119.22,73.9,88.92,2.92,50.3,45.95,196731.51,Normal,0
2020-11-17 15:00:00,1078.86,912.59,127.45,123.78,120.51,75.16,90.16,2.83,50.29,45.37,197733.26,Normal,0
2020-11-17 16:00:00,1081.09,912.56,128.64,124.93,121.51,75.64,90.72,2.77,49.41,45.48,199366.33,Normal,0
2020-11-17 17:00:00,1087.77,912.53,129.06,125.25,121.72,75.19,91.26,2.76,48.55,44.51,198996.24,Normal,0
2020-11-17 18:00:00,1091.57,912.52,128.54,124.63,121.09,74.09,91.04,2.72,47.49,42.06,197975.8,Normal,0
2020-11-17 19:00:00,1095.06,912.51,127.78,123.77,120.33,73.18,90.26,2.69,46.0,40.04,198705.56,Normal,0
2020-11-17 20:00:00,1092.93,912.51,126.72,122.64,119.16,71.96,89.12,2.68,44.91,37.69,199316.71,Normal,0
2020-11-17 21:00:00,1082.28,912.43,125.63,121.59,118.08,71.12,87.94,2.63,43.16,37.21,200473.45,Normal,0
2020-11-17 22:00:00,1094.13,912.48,124.71,120.66,117.12,70.04,86.69,2.63,42.69,35.82,201047.61,Normal,0
2020-11-17 23:00:00,1100.91,912.42,123.93,119.85,116.37,69.19,85.58,2.58,42.47,35.84,202521.5,Normal,0
2020-11-18 00:00:00,1104.69,912.2,123.47,119.4,115.98,68.63,84.72,2.59,42.05,35.26,206383.34,Normal,0
2020-11-18 01:00:00,1095.77,912.21,123.02,118.97,115.54,68.06,83.86,2.65,41.48,33.74,206741.23,Normal,0
2020-11-18 02:00:00,1096.21,912.43,122.6,118.54,115.11,67.66,83.15,2.73,40.26,32.59,206114.88,Normal,0
2020-11-18 03:00:00,1098.31,912.45,122.1,118.07,114.64,67.35,82.72,2.71,39.88,31.95,204797.03,Normal,0
2020-11-18 04:00:00,1097.45,912.42,121.84,117.85,114.39,67.32,82.54,2.77,39.31,30.85,205449.92,Normal,0
2020-11-18 05:00:00,1114.24,912.28,121.82,117.79,114.31,67.15,82.34,2.75,39.05,29.69,208800.46,Normal,0
2020-11-18 06:00:00,1108.67,912.19,121.81,117.76,114.32,67.03,82.22,2.81,38.85,29.04,209263.44,Normal,0
2020-11-18 07:00:00,1113.54,911.99,121.95,117.96,114.51,67.22,82.5,2.87,38.46,28.76,211206.5,Normal,0
2020-11-18 08:00:00,1120.78,911.85,122.37,118.4,114.99,67.97,82.91,2.82,40.98,30.28,209146.47,Normal,0
2020-11-18 09:00:00,1104.77,911.88,122.85,118.98,115.59,69.05,83.72,2.89,43.26,32.46,207957.11,Normal,0
2020-11-18 10:00:00,1114.71,911.27,124.01,120.21,116.85,70.35,85.0,2.92,45.0,34.77,208498.45,Normal,0
2020-11-18 11:00:00,1120.98,911.5,126.16,122.4,119.09,72.14,86.99,3.13,46.65,37.05,212890.85,Normal,0
2020-11-18 12:00:00,1102.87,912.19,127.6,123.91,120.5,73.7,88.38,3.01,47.41,39.22,208772.22,Normal,0
2020-11-18 13:00:00,1110.62,912.25,128.9,125.16,121.71,75.87,89.59,2.95,48.02,40.55,208117.3,Normal,0
2020-11-18 14:00:00,1105.85,912.23,130.01,126.23,122.81,77.21,90.83,2.94,47.97,40.9,208258.23,Normal,0
2020-11-18 15:00:00,1101.36,912.3,130.73,126.92,123.46,77.65,91.62,2.81,47.6,41.48,207643.33,Normal,0
2020-11-18 16:00:00,1069.32,884.6,131.11,127.31,123.8,77.6,92.04,2.89,47.37,42.55,200655.29,Normal,0
2020-11-18 17:00:00,0.0,0.05,112.63,110.28,106.93,77.46,85.72,0.46,51.75,44.34,258.92,Normal,0
2020-11-18 18:00:00,0.0,0.0,99.55,97.22,97.09,74.53,76.85,0.43,45.64,35.18,0.0,Normal,0
2020-11-18 19:00:00,0.0,0.0,92.75,89.59,91.35,71.98,71.28,0.43,39.9,31.55,62.83,Normal,0
2020-11-18 20:00:00,0.0,0.0,87.31,83.73,86.58,69.36,67.16,0.44,36.07,28.58,0.16,Normal,0
2020-11-18 21:00:00,0.0,0.0,82.48,78.53,82.14,66.5,63.42,0.44,32.9,26.29,0.0,Normal,0
2020-11-18 22:00:00,767.85,602.36,90.16,85.41,88.39,62.52,63.4,2.0,32.92,27.22,144256.22,Normal,0
2020-11-18 23:00:00,1098.31,912.63,108.33,104.25,102.9,61.85,71.34,2.74,39.92,33.42,206530.8,Normal,0
2020-11-19 00:00:00,1087.09,912.6,113.23,109.65,106.95,62.86,74.85,2.66,40.82,34.18,203329.69,Normal,0
2020-11-19 01:00:00,1077.52,912.61,115.45,111.89,108.82,63.81,76.85,2.62,40.4,34.04,201980.61,Normal,0
2020-11-19 02:00:00,1072.52,912.56,116.32,112.75,109.53,64.2,78.13,2.61,39.63,33.75,200971.16,Normal,0
2020-11-19 03:00:00,1081.66,912.54,116.86,113.23,109.93,64.31,78.66,2.78,38.99,32.36,203955.23,Normal,0
2020-11-19 04:00:00,1091.34,912.52,117.51,113.86,110.53,64.5,78.92,2.75,39.01,32.47,206031.09,Normal,0
2020-11-19 05:00:00,1095.95,912.51,117.76,114.04,110.69,64.43,79.0,2.89,38.75,31.75,205286.2,Normal,0
2020-11-19 06:00:00,1095.58,912.51,117.68,113.93,110.52,64.2,78.78,2.84,38.21,30.87,205952.49,Normal,0
2020-11-19 07:00:00,1099.73,912.51,117.83,114.11,110.71,64.43,78.74,2.93,37.89,30.21,207705.8,Normal,0
2020-11-19 08:00:00,1103.44,912.51,118.15,114.41,110.98,64.77,79.11,2.77,38.56,30.38,205508.38,Normal,0
2020-11-19 09:00:00,1105.25,912.51,118.61,114.89,111.5,65.41,79.71,2.75,38.94,31.29,205353.28,Normal,0
2020-11-19 10:00:00,1104.86,912.57,119.44,115.74,112.4,66.36,80.64,2.62,41.04,35.28,205339.35,Normal,0
2020-11-19 11:00:00,1107.85,912.57,120.67,116.97,113.71,67.64,81.88,2.65,42.36,38.15,205865.16,Normal,0
2020-11-19 12:00:00,1097.53,912.53,122.05,118.42,115.18,69.12,84.39,2.76,43.15,38.9,206540.17,Normal,0
2020-11-19 13:00:00,1101.99,912.55,123.57,119.94,116.66,70.36,86.71,2.7,43.5,39.02,207890.75,Normal,0
2020-11-19 14:00:00,1093.29,912.48,124.86,121.19,117.9,71.64,87.96,2.82,43.54,38.86,207051.01,Normal,0
2020-11-19 15:00:00,495.76,413.16,119.17,115.96,112.36,73.16,86.63,1.51,46.58,40.22,93572.44,Normal,0
2020-11-19 16:00:00,0.0,0.0,99.07,97.12,96.35,72.0,76.61,0.45,44.82,35.11,5.35,Normal,0
2020-11-19 17:00:00,0.0,0.0,90.7,87.62,90.13,69.62,69.73,0.43,38.09,30.61,0.0,Normal,0
2020-11-19 18:00:00,0.0,0.0,84.44,80.46,84.99,67.13,64.81,0.43,34.43,27.23,9.58,Normal,0
2020-11-19 19:00:00,0.0,0.0,79.17,74.91,79.97,64.21,61.16,0.43,31.92,24.98,62.96,Normal,0
2020-11-19 20:00:00,0.0,0.0,74.6,70.28,75.52,61.23,57.93,0.43,29.51,23.67,0.0,Normal,0
2020-11-19 21:00:00,0.0,0.0,70.66,66.38,71.61,58.32,54.92,0.43,27.44,22.56,35.39,Normal,0
2020-11-19 22:00:00,786.59,637.95,80.21,75.78,79.04,54.86,56.41,2.0,30.01,24.76,150765.77,Normal,0
2020-11-19 23:00:00,1121.38,912.25,100.97,97.26,96.26,55.94,65.43,2.83,38.48,31.01,211583.18,Normal,0
2020-11-20 00:00:00,1107.36,912.47,107.95,104.5,102.12,58.25,70.23,2.96,39.27,32.52,206321.08,Normal,0
2020-11-20 01:00:00,1098.49,912.4,111.51,108.04,105.17,60.26,73.41,2.9,38.55,32.71,205634.44,Normal,0
2020-11-20 02:00:00,1097.68,912.2,113.47,109.89,106.77,61.35,75.34,3.0,38.86,32.29,206452.21,Normal,0
2020-11-20 03:00:00,1096.61,911.9,114.74,111.1,107.89,62.19,76.87,2.92,38.74,31.43,206030.04,Normal,0
2020-11-20 04:00:00,1094.73,911.71,115.33,111.64,108.34,62.48,77.79,2.92,38.14,30.43,205071.29,Normal,0
2020-11-20 05:00:00,1096.85,911.47,115.91,112.19,108.86,62.87,78.47,2.87,38.16,30.09,207257.49,Normal,0
2020-11-20 06:00:00,1111.7,911.2,116.38,112.66,109.27,62.96,79.0,2.88,37.65,30.89,209940.56,Normal,0
2020-11-20 07:00:00,1101.03,911.03,116.33,112.59,109.14,62.58,78.9,2.82,37.67,30.13,208012.54,Normal,0
2020-11-20 08:00:00,1113.68,910.92,116.39,112.64,109.22,62.84,78.85,2.7,37.99,29.92,205803.68,Normal,0
2020-11-20 09:00:00,350.81,267.79,106.97,103.78,100.49,64.23,75.75,1.08,40.72,32.06,61860.09,Normal,0
2020-11-20 10:00:00,1100.0,0.0,88.84,85.58,86.8,64.27,65.07,0.52,36.06,29.61,0.0,Normal,0
2020-11-20 11:00:00,1063.33,0.02,81.58,77.63,81.53,64.1,59.36,0.52,32.55,28.07,82.05,Normal,0
2020-11-20 12:00:00,0.0,0.0,76.67,73.05,77.45,63.33,56.59,0.49,31.39,28.21,38.57,Normal,0
2020-11-20 13:00:00,0.0,0.0,73.26,70.42,73.61,62.02,54.54,0.49,30.5,28.3,64.57,Normal,0
2020-11-20 14:00:00,0.0,0.0,70.52,68.44,68.97,60.62,52.06,0.49,29.69,28.13,10.87,Normal,0
2020-11-20 15:00:00,0.0,0.0,67.97,66.35,64.99,58.8,49.93,0.48,29.28,28.04,2.86,Normal,0
2020-11-20 16:00:00,256.71,200.07,67.65,66.18,64.36,56.4,49.08,0.92,29.45,27.94,45765.26,Normal,0
2020-11-20 17:00:00,1117.19,910.55,92.4,89.68,88.38,55.39,59.74,2.65,39.78,32.95,210218.26,Normal,0
2020-11-20 18:00:00,1108.85,911.97,105.75,102.79,100.77,58.42,68.7,2.99,42.83,36.84,210574.21,Normal,0
2020-11-20 19:00:00,1107.38,911.69,112.14,108.89,106.3,61.08,73.75,3.38,41.97,37.91,212115.44,Normal,0
2020-11-20 20:00:00,1106.92,910.81,115.69,112.16,109.26,62.91,77.18,3.27,41.07,37.28,210880.41,Normal,0
2020-11-20 21:00:00,930.47,790.35,115.67,112.16,108.87,63.99,79.25,2.83,39.42,36.08,181269.41,Normal,0
2020-11-20 22:00:00,0.0,0.66,95.29,93.02,90.71,63.76,71.84,0.48,40.35,38.16,767.17,Normal,0
2020-11-20 23:00:00,0.0,0.0,83.21,80.35,83.22,63.39,62.08,0.46,35.01,31.58,0.0,Normal,0
2020-11-21 00:00:00,0.0,0.0,76.49,72.58,78.39,62.54,55.9,0.46,30.88,27.23,0.0,Normal,0
2020-11-21 01:00:00,0.0,0.0,70.94,66.82,73.77,60.86,51.27,0.46,28.11,24.74,60.22,Normal,0
2020-11-21 02:00:00,0.0,0.0,66.34,62.33,69.51,58.66,47.6,0.46,25.95,23.05,0.0,Normal,0
2020-11-21 03:00:00,0.0,0.0,62.43,58.7,65.58,56.14,44.65,0.46,24.15,21.74,93.08,Normal,0
2020-11-21 04:00:00,0.0,0.0,58.97,55.49,62.01,53.8,41.9,0.46,22.57,20.48,21.53,Normal,0
2020-11-21 05:00:00,0.0,0.0,55.77,52.49,58.87,51.46,39.44,0.46,21.36,19.68,17.53,Normal,0
2020-11-21 06:00:00,0.0,0.0,53.0,49.97,56.09,49.17,37.49,0.47,20.39,19.15,57.38,Normal,0
2020-11-21 07:00:00,986.72,793.22,70.95,67.58,70.32,45.95,44.03,2.64,26.1,23.1,184232.3,Normal,0
2020-11-21 08:00:00,857.74,690.17,90.71,87.62,86.59,48.6,55.72,2.43,34.8,32.02,161959.26,Normal,0
2020-11-21 09:00:00,1108.09,901.62,95.3,92.4,90.68,51.45,60.51,3.27,35.4,32.48,205055.68,Normal,0
2020-11-21 10:00:00,1117.62,912.75,105.01,101.84,99.65,56.07,67.49,3.73,39.25,36.95,211118.97,Normal,0
2020-11-21 11:00:00,379.21,321.96,100.84,98.18,95.37,59.41,69.93,1.53,41.82,40.1,72504.96,Normal,0
2020-11-21 12:00:00,139.4,97.0,86.3,84.3,83.02,58.79,64.59,0.91,39.27,35.58,21033.23,Normal,0
2020-11-21 13:00:00,350.29,274.88,83.04,80.69,80.77,57.7,61.93,1.53,38.19,34.11,59295.37,Normal,0
2020-11-21 14:00:00,552.8,455.97,86.12,83.67,83.27,58.05,62.96,2.07,41.12,36.01,100022.92,Normal,0
2020-11-21 15:00:00,1107.39,912.61,104.8,101.72,100.23,59.75,69.88,3.68,43.85,40.5,210382.41,Normal,0
2020-11-21 16:00:00,1109.51,912.66,113.21,110.05,107.61,62.86,76.62,3.71,44.88,42.37,211644.55,Normal,0
2020-11-21 17:00:00,1121.19,912.65,117.89,114.55,111.66,65.55,81.07,3.5,44.39,42.28,212040.68,Normal,0
2020-11-21 18:00:00,1117.43,912.58,120.47,116.9,113.75,67.19,83.46,3.45,43.44,40.66,214446.01,Normal,0
2020-11-21 19:00:00,1113.55,912.61,121.59,117.92,114.59,67.98,84.51,3.54,42.28,39.55,215082.24,Normal,0
2020-11-21 20:00:00,1113.53,912.64,121.92,118.18,114.73,68.1,84.69,3.59,41.26,38.47,214508.09,Normal,0
2020-11-21 21:00:00,1117.83,912.65,121.89,118.05,114.57,67.99,84.3,3.47,40.49,37.91,214879.31,Normal,0
2020-11-21 22:00:00,1129.54,912.61,121.76,117.83,114.34,67.37,83.64,3.47,39.7,37.67,215041.75,Normal,0
2020-11-21 23:00:00,1121.28,912.65,121.3,117.4,113.86,66.79,83.06,3.59,39.59,37.6,214134.59,Normal,0
2020-11-22 00:00:00,1114.86,912.59,120.6,116.7,113.15,66.1,82.27,3.5,39.73,35.44,210737.99,Normal,0
2020-11-22 01:00:00,1106.1,912.67,119.9,115.99,112.45,65.42,81.56,3.48,40.14,35.33,209631.25,Normal,0
2020-11-22 02:00:00,1124.41,912.74,119.42,115.51,111.98,64.78,80.99,3.32,39.49,35.07,217721.58,Normal,0
2020-11-22 03:00:00,1121.11,912.72,119.07,115.16,111.6,64.24,80.14,3.33,37.77,32.86,217021.8,Normal,0
2020-11-22 04:00:00,1127.78,912.7,118.48,114.54,111.0,63.58,79.08,3.25,36.97,31.62,217190.98,Normal,0
2020-11-22 05:00:00,1098.81,912.69,117.48,113.54,110.01,62.92,78.16,3.21,36.59,29.94,212114.36,Normal,0
2020-11-22 06:00:00,1111.96,912.72,116.16,112.31,108.78,62.23,77.15,3.23,37.8,29.75,213659.59,Normal,0
2020-11-22 07:00:00,1146.95,912.66,116.51,112.58,109.13,61.61,76.57,3.34,37.1,29.24,222708.51,Normal,0
2020-11-22 08:00:00,1151.62,912.59,116.94,112.95,109.53,61.64,76.59,3.4,38.18,29.45,222759.18,Normal,0
2020-11-22 09:00:00,1122.99,912.69,117.1,113.25,109.87,62.55,77.26,3.47,39.45,30.02,217528.13,Normal,0
2020-11-22 10:00:00,1130.36,912.63,117.95,114.15,110.79,63.79,78.41,3.54,40.66,30.74,215816.16,Normal,0
2020-11-22 11:00:00,1116.97,912.6,118.82,115.1,111.77,65.19,80.07,3.36,42.12,33.47,212683.52,Normal,0
2020-11-22 12:00:00,1084.56,911.1,119.58,115.96,112.68,66.74,82.72,3.31,42.54,37.44,197255.26,Normal,0
2020-11-22 13:00:00,1077.39,893.55,119.77,116.31,113.0,67.94,83.76,3.25,43.1,37.77,211703.96,Normal,0
2020-11-22 14:00:00,1113.17,912.63,122.02,118.46,115.24,69.38,85.06,3.48,43.09,40.95,208141.42,Normal,0
2020-11-22 15:00:00,1089.2,912.57,122.77,119.21,115.91,70.55,86.37,3.36,41.48,41.65,203112.38,Normal,0
2020-11-22 16:00:00,1105.99,912.62,123.92,120.3,116.93,70.94,86.92,3.27,41.9,40.71,210450.89,Normal,0
2020-11-22 17:00:00,1058.86,896.97,123.48,119.83,116.37,70.51,86.75,3.4,39.59,39.57,204102.84,Normal,0
2020-11-22 18:00:00,557.92,498.5,116.42,113.18,109.38,69.46,84.16,2.13,38.36,39.42,111654.67,Normal,0
2020-11-22 19:00:00,0.0,0.0,95.48,92.79,93.16,68.52,72.05,0.47,36.44,35.05,396.7,Normal,0
2020-11-22 20:00:00,0.0,0.0,85.95,81.75,86.9,66.49,63.24,0.46,31.75,28.8,111.46,Normal,0
2020-11-22 21:00:00,0.0,0.0,78.82,74.03,81.29,64.52,56.81,0.47,28.23,25.38,87.05,Normal,0
2020-11-22 22:00:00,870.74,713.9,88.7,83.69,88.15,60.16,58.95,2.76,28.27,25.73,161678.9,Normal,0
2020-11-22 23:00:00,1116.09,912.76,105.05,100.99,99.7,57.84,67.79,3.49,34.79,31.28,207610.76,Normal,0
2020-11-23 00:00:00,1105.0,912.82,109.51,105.87,103.14,58.47,71.31,3.52,38.14,33.11,206478.25,Normal,0
2020-11-23 01:00:00,1108.81,912.77,111.89,108.26,105.2,59.33,74.01,3.53,38.21,32.64,208956.72,Normal,0
2020-11-23 02:00:00,1110.89,912.7,113.32,109.66,106.39,60.01,75.73,3.6,36.9,32.14,209569.17,Normal,0
2020-11-23 03:00:00,1118.9,912.65,114.28,110.54,107.22,60.56,76.68,3.43,36.24,31.28,210439.29,Normal,0
2020-11-23 04:00:00,1124.14,912.61,114.81,110.99,107.65,60.67,76.97,3.36,35.95,30.73,211712.89,Normal,0
2020-11-23 05:00:00,1131.38,912.58,115.38,111.53,108.14,60.8,77.24,3.34,35.47,30.37,213664.47,Normal,0
2020-11-23 06:00:00,1115.12,912.64,115.51,111.73,108.28,61.15,77.49,3.1,35.39,31.31,212997.11,Normal,0
2020-11-23 07:00:00,1111.67,912.64,115.65,111.85,108.46,61.38,77.68,3.21,35.94,31.38,211075.03,Normal,0
2020-11-23 08:00:00,1113.86,912.61,115.92,112.16,108.81,62.0,78.4,2.99,37.14,31.86,207645.88,Normal,0
2020-11-23 09:00:00,1110.85,912.57,116.77,113.12,109.9,63.11,79.84,2.89,40.25,32.33,206782.19,Normal,0
2020-11-23 10:00:00,1101.1,912.55,117.83,114.21,111.02,64.17,81.13,3.0,43.53,33.72,207040.0,Normal,0
2020-11-23 11:00:00,1101.32,912.55,119.16,115.58,112.36,65.51,82.3,3.15,45.53,38.17,206785.84,Normal,0
2020-11-23 12:00:00,1089.16,912.55,120.3,116.73,113.56,66.87,83.72,3.28,45.56,39.89,205218.37,Normal,0
2020-11-23 13:00:00,1090.07,912.53,121.47,117.91,114.77,68.16,85.06,3.31,45.55,39.41,205317.81,Normal,0
2020-11-23 14:00:00,1096.77,912.47,122.58,118.99,115.78,69.02,85.96,3.34,45.29,37.1,205933.93,Normal,0
2020-11-23 15:00:00,1088.87,912.5,123.37,119.78,116.48,69.64,86.56,3.3,45.15,36.57,205175.44,Normal,0
2020-11-23 16:00:00,1093.47,912.58,123.81,120.2,116.84,70.0,86.93,3.12,44.64,39.44,206709.14,Normal,0
2020-11-23 17:00:00,1101.85,912.61,124.15,120.43,117.16,70.24,87.21,3.06,43.13,38.76,205742.39,Normal,0
2020-11-23 18:00:00,1091.83,912.61,123.61,119.81,116.52,69.59,86.89,3.12,41.27,36.41,204476.22,Normal,0
2020-11-23 19:00:00,1100.02,912.72,122.91,119.08,115.76,68.85,85.97,3.15,39.03,34.85,207258.01,Normal,0
2020-11-23 20:00:00,1100.77,912.74,122.03,118.13,114.78,68.01,84.59,3.12,37.2,33.57,205584.87,Normal,0
2020-11-23 21:00:00,1108.9,912.79,121.01,117.07,113.7,66.81,83.49,3.06,35.13,31.52,205785.89,Normal,0
2020-11-23 22:00:00,1103.79,912.69,119.8,115.83,112.4,65.47,82.26,3.13,33.9,30.53,207696.28,Normal,0
2020-11-23 23:00:00,1100.82,912.64,118.89,114.97,111.53,64.66,81.22,3.14,32.89,29.41,208419.91,Normal,0
2020-11-24 00:00:00,1097.46,912.65,117.92,114.03,110.61,63.79,80.38,3.11,31.87,28.34,207134.08,Normal,0
2020-11-24 01:00:00,1103.91,912.65,117.32,113.44,110.09,63.2,79.76,3.17,31.29,29.93,208285.84,Normal,0
2020-11-24 02:00:00,1120.54,912.46,117.14,113.27,109.94,62.9,79.26,3.15,30.9,30.4,210963.46,Normal,0
2020-11-24 03:00:00,1134.11,912.56,117.57,113.62,110.31,62.64,79.0,3.1,31.0,30.06,216560.08,Normal,0
2020-11-24 04:00:00,270.31,234.5,105.88,102.78,99.61,63.32,74.84,1.15,34.61,34.43,51348.02,Normal,0
2020-11-24 05:00:00,0.0,0.0,87.27,84.95,86.28,62.15,63.4,0.46,32.97,32.8,30.61,Normal,0
2020-11-24 06:00:00,365.12,298.85,83.33,79.96,83.67,59.65,58.27,1.24,28.32,26.89,65996.38,Normal,0
2020-11-24 07:00:00,1084.82,903.51,101.74,97.67,97.06,57.2,65.79,2.8,30.91,27.05,204957.14,Normal,0
2020-11-24 08:00:00,1085.03,903.6,107.35,103.69,101.38,57.99,69.92,2.68,34.17,29.65,204554.56,Normal,0
2020-11-24 09:00:00,1082.85,903.7,110.59,107.07,104.49,59.96,73.26,2.76,37.05,31.81,203556.56,Normal,0
2020-11-24 10:00:00,1081.47,903.54,113.18,109.72,106.93,61.68,76.58,2.75,38.73,32.88,204971.82,Normal,0
2020-11-24 11:00:00,1078.23,903.53,115.23,111.73,108.88,63.32,79.49,2.7,40.08,33.87,203905.52,Normal,0
2020-11-24 12:00:00,1066.33,903.54,116.66,113.19,110.3,64.9,81.13,2.77,41.02,34.72,201550.59,Normal,0
2020-11-24 13:00:00,1066.15,903.56,118.0,114.5,111.54,66.19,82.09,2.7,41.16,34.5,202263.75,Normal,0
2020-11-24 14:00:00,1065.3,903.56,119.08,115.53,112.54,67.31,83.01,2.7,41.12,34.26,203426.94,Normal,0
2020-11-24 15:00:00,1063.66,903.58,119.71,116.1,113.15,67.83,83.84,2.68,40.77,33.59,200513.72,Normal,0
2020-11-24 16:00:00,1100.78,912.41,120.9,117.17,114.15,67.81,84.28,3.04,39.89,36.31,208328.53,Normal,0
2020-11-24 17:00:00,1109.63,912.62,121.39,117.61,114.44,67.7,84.25,2.95,38.56,36.44,209810.01,Normal,0
2020-11-24 18:00:00,1110.34,912.6,121.32,117.44,114.26,67.53,84.29,3.02,37.79,35.37,209720.28,Normal,0
2020-11-24 19:00:00,1108.24,912.64,120.7,116.73,113.55,66.73,83.84,3.0,36.53,32.82,211006.11,Normal,0
2020-11-24 20:00:00,1112.39,912.66,119.92,115.93,112.77,65.85,83.13,2.85,36.47,31.24,211929.95,Normal,0
2020-11-24 21:00:00,1115.08,912.66,119.39,115.33,112.22,65.34,82.43,2.82,36.52,30.0,209576.01,Normal,0
2020-11-24 22:00:00,1103.66,912.63,118.47,114.47,111.34,64.85,81.85,2.99,35.32,27.88,207951.82,Normal,0
2020-11-24 23:00:00,1102.65,912.59,117.79,113.78,110.67,64.11,81.1,3.0,34.01,25.91,208211.53,Normal,0
2020-11-25 00:00:00,1111.38,912.57,117.19,113.17,110.05,63.48,80.06,2.93,33.51,25.47,209110.28,Normal,0
2020-11-25 01:00:00,1113.14,912.62,116.91,112.87,109.85,63.28,79.45,2.92,33.54,26.39,210168.89,Normal,0
2020-11-25 02:00:00,1118.32,912.58,116.83,112.78,109.76,62.9,79.17,2.87,32.85,25.43,210711.79,Normal,0
2020-11-25 03:00:00,1124.26,912.6,116.44,112.34,109.23,62.16,78.4,2.96,31.12,24.24,213820.62,Normal,0
2020-11-25 04:00:00,1119.03,912.59,115.71,111.55,108.39,61.29,77.59,3.03,29.81,22.75,212413.46,Normal,0
2020-11-25 05:00:00,1125.6,912.57,114.85,110.73,107.55,60.47,76.07,2.99,29.4,21.85,213761.01,Normal,0
2020-11-25 06:00:00,1121.15,912.59,114.49,110.36,107.2,60.07,75.57,3.06,30.03,21.99,214066.63,Normal,0
2020-11-25 07:00:00,207.92,170.65,101.24,98.11,95.25,60.55,70.59,0.96,34.31,26.02,40538.73,Normal,0
2020-11-25 08:00:00,0.0,0.0,83.73,81.37,82.83,59.71,60.04,0.47,31.36,25.63,250.34,Normal,0
2020-11-25 09:00:00,939.26,748.12,92.38,88.89,89.91,57.09,61.38,2.53,30.07,24.45,172997.66,Normal,0
2020-11-25 10:00:00,1128.55,912.03,107.33,103.59,101.85,58.78,69.78,3.1,38.79,32.02,212364.82,Normal,0
2020-11-25 11:00:00,1123.17,911.9,113.18,109.56,107.24,61.69,74.96,3.09,42.87,35.87,212099.52,Normal,0
2020-11-25 12:00:00,1114.6,911.86,116.8,113.15,110.61,64.25,78.66,3.07,43.85,38.48,211147.66,Normal,0
2020-11-25 13:00:00,1111.44,911.8,119.15,115.42,112.68,66.16,81.68,3.02,43.53,39.42,210849.54,Normal,0
2020-11-25 14:00:00,1103.65,911.78,120.89,117.11,114.36,68.11,83.47,2.87,44.27,39.81,209803.56,Normal,0
2020-11-25 15:00:00,1106.2,911.64,122.12,118.29,115.47,69.34,84.61,2.87,43.68,39.95,210643.65,Normal,0
2020-11-25 16:00:00,1100.61,911.6,122.91,119.03,116.12,69.41,85.15,2.87,42.3,39.21,210464.46,Normal,0
2020-11-25 17:00:00,1095.56,911.66,122.96,119.02,116.08,69.65,85.3,2.89,42.22,38.17,207125.78,Normal,0
2020-11-25 18:00:00,1106.5,911.63,123.05,119.06,116.11,69.28,85.25,2.94,42.28,36.95,213674.41,Normal,0
2020-11-25 19:00:00,1108.88,911.58,122.31,118.26,115.06,67.52,84.05,3.12,39.86,32.39,214557.89,Normal,0
2020-11-25 20:00:00,1113.24,911.6,120.81,116.71,113.44,65.76,83.18,3.24,38.61,29.74,215107.7,Normal,0
2020-11-25 21:00:00,1104.88,911.37,119.66,115.62,112.38,64.95,82.5,3.17,37.79,27.72,209981.33,Normal,0
2020-11-25 22:00:00,1094.6,911.74,118.54,114.54,111.4,64.45,81.64,3.14,36.88,27.07,204220.42,Normal,0
2020-11-25 23:00:00,1083.66,911.84,117.09,113.18,109.97,63.36,80.02,3.14,36.16,25.96,202538.32,Normal,0
2020-11-26 00:00:00,1016.41,858.89,116.4,112.47,109.27,62.46,78.51,2.87,35.16,25.39,191064.12,Normal,0
2020-11-26 01:00:00,872.57,725.46,108.12,104.69,101.25,60.77,75.21,2.7,34.96,26.43,158094.92,Normal,0
2020-11-26 02:00:00,1086.31,912.07,111.47,107.72,104.69,59.67,74.4,3.09,34.54,26.5,204571.17,Normal,0
2020-11-26 03:00:00,1093.06,911.91,111.73,107.85,104.87,58.79,73.6,2.83,32.52,26.0,208137.47,Normal,0
2020-11-26 04:00:00,1104.39,911.61,111.64,107.66,104.7,58.06,72.82,2.85,31.55,24.25,211562.73,Normal,0
2020-11-26 05:00:00,1105.77,911.53,111.43,107.47,104.55,57.9,72.44,2.86,30.63,22.79,210478.55,Normal,0
2020-11-26 06:00:00,1111.82,911.1,111.36,107.36,104.4,57.86,72.2,2.78,30.85,21.43,212342.95,Normal,0
2020-11-26 07:00:00,1106.69,911.05,111.24,107.18,104.21,57.57,72.03,2.88,30.3,20.26,213923.11,Normal,0
2020-11-26 08:00:00,1112.12,911.35,110.75,106.54,103.59,57.2,71.43,2.89,29.75,19.61,209718.7,Normal,0
2020-11-26 09:00:00,1107.18,911.24,110.23,106.02,103.08,57.2,70.83,2.73,29.38,19.73,209561.83,Normal,0
2020-11-26 10:00:00,1097.44,909.27,109.96,105.84,102.91,57.14,70.81,2.73,29.85,20.23,212920.11,Normal,0
2020-11-26 11:00:00,1098.22,911.11,110.08,106.0,103.12,57.27,71.2,2.9,33.46,20.89,209953.05,Normal,0
2020-11-26 12:00:00,1080.95,911.14,109.65,105.71,102.79,57.44,71.49,2.91,34.35,21.26,205383.73,Normal,0
2020-11-26 13:00:00,1079.33,911.47,109.6,105.66,102.79,57.79,71.66,2.87,34.45,21.77,202957.39,Normal,0
2020-11-26 14:00:00,1088.23,911.29,110.06,106.07,103.23,58.02,72.06,2.83,35.13,22.22,207994.94,Normal,0
2020-11-26 15:00:00,1097.81,911.03,110.95,107.0,104.27,58.62,72.84,2.83,36.36,23.42,211156.16,Normal,0
2020-11-26 16:00:00,1097.85,910.95,111.78,107.81,105.1,58.93,73.45,2.75,36.02,23.42,211583.54,Normal,0
2020-11-26 17:00:00,1102.89,911.12,112.09,108.04,105.28,58.74,73.59,2.74,34.58,22.1,211914.3,Normal,0
2020-11-26 18:00:00,1098.24,911.03,111.69,107.56,104.71,58.43,73.17,2.71,32.97,21.21,214118.87,Normal,0
2020-11-26 19:00:00,1104.84,910.88,111.71,107.62,104.79,58.53,73.1,2.66,32.64,21.27,214515.33,Normal,0
2020-11-26 20:00:00,1104.98,911.0,111.7,107.57,104.74,58.58,72.89,2.84,31.66,21.28,212819.35,Normal,0
2020-11-26 21:00:00,1110.94,910.92,111.32,107.2,104.35,58.16,72.71,2.81,30.74,22.25,209015.86,Normal,0
2020-11-26 22:00:00,1085.13,910.8,110.81,106.7,103.91,57.92,72.53,2.79,29.99,26.57,207787.52,Normal,0
2020-11-26 23:00:00,1080.48,910.79,110.65,106.63,103.84,58.05,72.27,2.79,29.82,27.43,207143.53,Normal,0
2020-11-27 00:00:00,1083.18,910.66,110.4,106.39,103.61,57.84,72.2,2.78,31.18,26.78,206133.49,Normal,0
2020-11-27 01:00:00,1073.52,910.48,110.15,106.11,103.37,57.49,72.04,2.68,33.75,25.58,206593.75,Normal,0
2020-11-27 02:00:00,1072.21,910.54,109.79,105.83,103.05,57.26,71.82,2.63,33.46,24.81,204133.74,Normal,0
2020-11-27 03:00:00,1062.59,910.46,109.44,105.46,102.63,57.07,71.39,2.71,34.35,22.46,204919.87,Normal,0
2020-11-27 04:00:00,1083.4,909.94,109.02,105.05,102.18,56.59,70.85,2.71,35.11,20.45,206474.77,Normal,0
2020-11-27 05:00:00,1077.21,910.5,108.64,104.62,101.76,56.22,70.41,2.69,34.56,19.33,206027.97,Normal,0
2020-11-27 06:00:00,1081.8,910.54,108.33,104.35,101.56,56.1,70.19,2.73,34.51,19.54,205375.83,Normal,0
2020-11-27 07:00:00,1076.53,910.71,108.42,104.46,101.69,56.1,70.38,2.79,34.65,19.33,206098.94,Normal,0
2020-11-27 08:00:00,1081.95,910.58,108.42,104.52,101.75,56.24,70.68,2.74,35.25,19.71,205428.24,Normal,0
2020-11-27 09:00:00,1096.41,910.23,109.19,105.29,102.56,56.85,71.22,2.67,36.98,21.71,211088.31,Normal,0
2020-11-27 10:00:00,1106.65,910.28,110.42,106.44,103.81,57.79,72.14,2.73,38.12,22.85,211595.87,Normal,0
2020-11-27 11:00:00,1080.0,910.74,110.74,106.8,104.15,58.51,73.03,2.74,38.65,23.39,201243.85,Normal,0
2020-11-27 12:00:00,1088.48,910.8,111.56,107.62,104.98,58.93,73.67,2.85,39.18,23.75,210733.03,Normal,0
2020-11-27 13:00:00,1087.26,910.99,111.86,107.92,105.23,59.2,74.28,2.76,38.77,23.68,207178.76,Normal,0
2020-11-27 14:00:00,1070.92,911.02,111.56,107.58,104.88,59.21,74.3,2.71,39.4,23.87,201790.99,Normal,0
2020-11-27 15:00:00,1076.75,911.02,111.28,107.32,104.63,59.2,74.13,2.65,39.12,24.35,202529.73,Normal,0
2020-11-27 16:00:00,1072.85,910.74,111.2,107.24,104.52,59.04,73.81,2.7,38.73,24.25,203398.8,Normal,0
2020-11-27 17:00:00,1085.54,910.77,111.08,107.04,104.32,58.51,73.48,2.75,38.62,23.66,205026.89,Normal,0
2020-11-27 18:00:00,1080.99,910.81,110.93,106.85,104.14,58.3,73.2,2.7,38.65,24.07,208227.38,Normal,0
2020-11-27 19:00:00,1086.67,910.68,111.11,107.08,104.36,58.3,73.1,2.64,37.93,24.9,209873.02,Normal,0
2020-11-27 20:00:00,1088.47,910.52,111.06,107.02,104.3,58.3,72.96,2.68,37.67,25.52,208968.66,Normal,0
2020-11-27 21:00:00,1106.06,910.87,111.62,107.54,104.87,58.43,73.05,2.72,37.43,26.43,211553.98,Normal,0
2020-11-27 22:00:00,1102.13,910.89,111.75,107.66,104.95,58.6,73.31,2.81,37.64,27.16,210064.85,Normal,0
2020-11-27 23:00:00,1084.63,910.72,111.59,107.52,104.8,58.6,73.41,2.88,38.01,27.46,209872.42,Normal,0
2020-11-28 00:00:00,1073.31,910.91,111.28,107.27,104.53,58.6,73.3,2.94,38.09,28.65,203830.48,Normal,0
2020-11-28 01:00:00,1069.44,910.88,110.65,106.64,103.84,58.22,72.89,2.96,37.77,28.23,201386.59,Normal,0
2020-11-28 02:00:00,1077.04,910.87,110.08,106.02,103.22,57.57,72.3,3.01,36.84,26.48,202484.74,Normal,0
2020-11-28 03:00:00,1075.71,910.83,109.62,105.59,102.79,57.05,71.78,2.84,36.64,24.67,203511.02,Normal,0
2020-11-28 04:00:00,1083.88,910.96,109.38,105.32,102.6,57.0,71.5,2.28,36.67,34.62,204183.64,Normal,0
2020-11-28 05:00:00,1087.78,910.92,109.36,105.3,102.58,57.0,71.3,2.41,36.27,33.96,205122.32,Normal,0
2020-11-28 06:00:00,1100.53,910.76,109.55,105.53,102.8,57.0,71.34,2.42,35.42,31.93,209688.9,Normal,0
2020-11-28 07:00:00,1100.69,910.65,110.08,106.0,103.28,57.17,71.57,2.35,34.51,35.58,209851.25,Normal,0
2020-11-28 08:00:00,1083.07,910.72,110.23,106.18,103.42,57.54,71.81,2.36,33.74,38.31,205723.76,Normal,0
2020-11-28 09:00:00,1074.99,910.56,110.07,106.06,103.25,57.86,71.98,2.46,34.63,35.12,200079.98,Normal,0
2020-11-28 10:00:00,1074.4,910.45,110.12,106.12,103.38,58.14,72.24,2.39,34.58,35.59,201571.68,Normal,0
2020-11-28 11:00:00,1046.41,911.29,109.68,105.81,103.05,58.51,72.5,2.3,37.1,37.77,187877.45,Normal,0
2020-11-28 12:00:00,1064.38,911.01,109.98,106.14,103.49,58.98,72.78,2.43,38.69,39.31,195009.13,Normal,0
2020-11-28 13:00:00,1078.53,911.24,111.1,107.28,104.71,59.87,73.55,2.49,39.0,37.14,199548.17,Normal,0
2020-11-28 14:00:00,1060.45,911.57,112.44,108.65,106.07,61.06,74.96,2.58,38.74,39.22,195253.23,Normal,0
2020-11-28 15:00:00,1056.42,911.38,112.96,109.13,106.51,61.79,76.08,2.5,37.86,39.26,194762.11,Normal,0
2020-11-28 16:00:00,778.88,673.35,111.43,107.66,104.91,62.37,76.42,1.91,38.34,42.1,143308.36,Normal,0
2020-11-28 17:00:00,0.0,0.0,91.58,89.45,88.13,61.81,68.43,0.51,39.59,42.7,79.23,Normal,0
2020-11-28 18:00:00,0.0,0.0,82.53,80.24,81.66,59.13,61.72,0.46,33.93,34.89,88.26,Normal,0
2020-11-28 19:00:00,0.0,0.0,77.08,74.34,76.62,57.24,57.05,0.46,30.05,29.49,130.78,Normal,0
2020-11-28 20:00:00,0.0,0.0,72.08,68.74,72.03,55.57,52.65,0.46,26.86,25.83,198.65,Normal,0
2020-11-28 21:00:00,0.0,0.0,67.75,64.28,68.06,53.58,49.21,0.47,24.69,23.29,324.61,Normal,0
2020-11-28 22:00:00,251.96,214.88,66.63,62.99,66.09,49.3,47.57,1.24,22.48,21.58,35958.15,Normal,0
2020-11-28 23:00:00,9.27,19.45,62.28,59.78,60.09,44.97,47.26,0.56,25.8,26.67,3964.75,Normal,0
2020-11-29 00:00:00,122.78,88.36,57.01,54.98,56.21,42.67,43.22,0.97,23.08,22.84,9434.5,Normal,0
2020-11-29 01:00:00,817.95,674.82,64.53,62.08,61.65,38.7,44.62,2.13,24.96,27.21,139325.56,Normal,0
2020-11-29 02:00:00,1072.58,912.45,85.12,82.39,81.37,44.29,52.46,2.62,33.01,38.51,194715.11,Normal,0
2020-11-29 03:00:00,1067.32,912.31,94.74,91.83,90.13,48.85,58.15,2.58,34.23,38.31,198196.74,Normal,0
2020-11-29 04:00:00,1070.31,912.21,100.28,97.03,94.95,52.04,62.16,2.6,34.28,39.35,199746.75,Normal,0
2020-11-29 05:00:00,1079.46,911.89,104.05,100.53,98.26,54.43,65.4,2.45,34.13,38.27,203140.79,Normal,0
2020-11-29 06:00:00,1087.35,911.0,106.9,103.24,100.82,56.31,68.05,2.67,33.52,39.07,206250.93,Normal,0
2020-11-29 07:00:00,1064.34,911.64,108.47,104.76,102.15,57.5,70.08,2.53,32.58,36.06,200468.18,Normal,0
2020-11-29 08:00:00,1073.92,911.67,109.4,105.68,102.94,58.57,71.53,2.53,32.61,33.18,199727.22,Normal,0
2020-11-29 09:00:00,1072.5,911.8,110.49,106.76,104.1,60.12,73.0,2.51,34.29,33.65,198678.34,Normal,0
2020-11-29 10:00:00,1070.54,911.95,111.8,108.1,105.5,61.72,75.15,2.51,35.58,34.2,198643.03,Normal,0
2020-11-29 11:00:00,1065.13,912.08,112.87,109.15,106.43,62.69,77.29,2.47,36.41,33.69,197807.9,Normal,0
2020-11-29 12:00:00,1073.44,912.15,113.7,109.94,107.19,63.43,78.25,2.55,36.97,33.06,198739.38,Normal,0
2020-11-29 13:00:00,1073.4,912.12,114.81,111.06,108.35,64.64,79.14,2.56,37.34,33.39,199560.69,Normal,0
2020-11-29 14:00:00,1068.8,912.04,115.77,111.97,109.23,65.1,80.04,2.77,36.67,33.06,197903.77,Normal,0
2020-11-29 15:00:00,1076.42,911.97,116.09,112.25,109.49,65.53,80.11,2.75,36.42,32.46,200734.69,Normal,0
2020-11-29 16:00:00,1089.83,911.85,117.07,113.25,110.48,66.4,81.04,2.61,41.48,32.12,204481.97,Normal,0
2020-11-29 17:00:00,1089.14,912.03,117.64,113.77,110.94,66.34,81.56,2.77,42.44,31.37,204784.1,Normal,0
2020-11-29 18:00:00,1039.36,898.61,116.47,112.61,109.73,65.76,81.17,2.46,41.3,30.13,199415.26,Normal,0
2020-11-29 19:00:00,777.92,680.44,113.36,109.59,106.6,64.72,79.49,1.91,41.4,29.43,152734.89,Normal,0
2020-11-29 20:00:00,0.0,0.0,93.09,91.02,89.59,64.07,69.79,0.48,42.75,31.51,122.69,Normal,0
2020-11-29 21:00:00,10.42,0.64,83.18,80.93,83.26,62.33,61.47,0.49,35.42,27.26,225.71,Normal,0
2020-11-29 22:00:00,547.92,439.88,83.77,80.36,81.72,57.3,59.87,1.7,29.27,24.53,97746.53,Normal,0
2020-11-29 23:00:00,1092.1,912.36,99.39,95.69,94.52,55.85,64.87,2.89,35.03,30.57,204885.88,Normal,0
2020-11-30 00:00:00,1091.41,912.02,105.76,102.14,100.0,56.73,68.24,2.78,36.27,35.49,205935.2,Normal,0
2020-11-30 01:00:00,1094.68,911.8,108.84,105.16,102.64,58.07,70.84,2.67,36.2,35.58,206606.93,Normal,0
2020-11-30 02:00:00,1094.63,911.53,110.65,106.86,104.17,58.96,72.66,2.64,35.18,33.71,207855.58,Normal,0
2020-11-30 03:00:00,1094.95,911.49,111.6,107.75,104.95,59.48,73.63,2.65,34.55,32.16,208358.42,Normal,0
2020-11-30 04:00:00,1086.47,911.31,112.03,108.16,105.28,59.76,74.23,2.57,34.48,29.6,209298.22,Normal,0
2020-11-30 05:00:00,1098.74,911.19,112.42,108.49,105.6,59.94,74.63,2.64,35.11,27.06,209597.42,Normal,0
2020-11-30 06:00:00,1094.33,911.08,112.31,108.35,105.45,60.07,74.9,2.76,34.78,25.48,206868.36,Normal,0
2020-11-30 07:00:00,1075.77,911.39,111.76,107.86,104.93,60.03,74.73,2.6,33.92,24.4,199531.54,Normal,0
2020-11-30 08:00:00,1071.63,911.64,111.19,107.34,104.44,60.0,74.4,2.7,33.87,25.03,199845.96,Normal,0
2020-11-30 09:00:00,1082.09,911.48,111.38,107.57,104.77,60.46,74.6,2.58,35.42,25.33,202418.59,Normal,0
2020-11-30 10:00:00,1067.9,911.54,112.0,108.22,105.47,60.78,75.4,2.53,37.14,26.37,200275.37,Normal,0
2020-11-30 11:00:00,1065.52,911.82,112.64,108.93,106.16,61.59,76.59,2.54,38.05,27.52,198838.23,Normal,0
2020-11-30 12:00:00,1068.27,911.65,113.56,109.87,107.1,62.51,77.85,2.42,38.56,28.27,200439.5,Normal,0
2020-11-30 13:00:00,1076.31,911.66,114.47,110.76,107.99,63.39,78.89,2.49,38.73,29.22,200673.78,Normal,0
2020-11-30 14:00:00,1073.21,911.68,115.54,111.75,109.03,64.3,79.74,2.55,39.2,30.02,203178.59,Normal,0
2020-11-30 15:00:00,1071.33,911.76,116.34,112.56,109.85,65.13,80.45,2.66,39.24,31.09,203232.56,Normal,0
2020-11-30 16:00:00,1081.18,911.72,116.76,112.94,110.15,65.4,80.8,2.54,38.92,30.68,203142.09,Normal,0
2020-11-30 17:00:00,1078.52,911.83,116.74,112.86,110.0,65.25,80.62,2.54,37.53,29.06,201534.31,Normal,0
2020-11-30 18:00:00,1078.36,911.88,116.35,112.47,109.59,64.73,80.37,2.6,36.47,28.47,202365.25,Normal,0
2020-11-30 19:00:00,1072.9,911.72,115.96,111.97,109.25,63.95,80.17,2.6,34.71,27.76,202992.39,Normal,0
2020-11-30 20:00:00,1083.34,911.31,115.56,111.52,108.78,63.24,79.48,2.55,32.26,25.9,205223.95,Normal,0
2020-11-30 21:00:00,1089.84,911.2,115.15,111.06,108.28,63.0,78.71,2.49,30.8,24.87,205539.9,Normal,0
2020-11-30 22:00:00,1100.86,910.94,114.88,110.81,107.98,62.75,77.98,2.39,30.72,24.34,207794.84,Normal,0
2020-11-30 23:00:00,1107.54,910.78,114.87,110.76,107.93,62.48,77.51,2.44,35.63,23.92,210812.68,Normal,0
2020-12-01 00:00:00,1101.8,910.98,114.66,110.51,107.7,62.18,76.97,2.49,35.56,23.54,209125.67,Normal,0
2020-12-01 01:00:00,1107.1,910.93,114.33,110.16,107.33,61.69,76.48,2.57,34.95,23.07,210008.6,Normal,0
2020-12-01 02:00:00,1105.74,910.75,114.17,110.04,107.19,61.46,76.0,2.6,34.35,23.5,210819.13,Normal,0
2020-12-01 03:00:00,1103.28,910.7,113.91,109.8,106.98,61.25,75.69,2.75,33.07,24.11,209670.38,Normal,0
2020-12-01 04:00:00,1094.28,910.85,113.48,109.39,106.54,60.86,75.19,2.7,32.56,23.89,207885.75,Normal,0
2020-12-01 05:00:00,1112.54,910.52,113.4,109.31,106.46,60.8,74.9,2.58,33.6,23.71,212160.44,Normal,0
2020-12-01 06:00:00,1107.8,910.33,113.58,109.46,106.66,60.8,74.9,2.59,33.46,23.56,213018.86,Normal,0
2020-12-01 07:00:00,1105.35,910.4,113.5,109.37,106.54,60.75,74.87,2.61,31.89,23.02,209111.33,Normal,0
2020-12-01 08:00:00,1084.55,910.75,112.72,108.67,105.89,60.71,74.7,2.54,32.32,23.92,202286.49,Normal,0
2020-12-01 09:00:00,1083.62,910.12,113.18,109.25,106.57,61.77,75.31,2.46,35.12,26.47,202035.8,Normal,0
2020-12-01 10:00:00,1073.69,910.88,113.94,110.1,107.48,62.99,76.58,2.49,36.98,28.21,199988.41,Normal,0
2020-12-01 11:00:00,1073.52,910.89,114.65,110.87,108.13,63.79,77.69,2.52,37.35,29.08,201314.02,Normal,0
2020-12-01 12:00:00,1074.32,910.96,115.54,111.75,109.02,64.83,79.1,2.57,37.86,30.11,201045.93,Normal,0
2020-12-01 13:00:00,1076.55,910.95,116.43,112.65,109.94,65.85,80.54,2.53,38.99,30.75,201758.76,Normal,0
2020-12-01 14:00:00,1072.55,911.0,117.16,113.4,110.66,66.64,81.27,2.56,39.6,30.93,201364.57,Normal,0
2020-12-01 15:00:00,1077.51,911.04,117.98,114.2,111.46,67.44,81.94,2.46,39.29,31.61,202306.69,Normal,0
2020-12-01 16:00:00,1073.71,911.01,118.55,114.73,111.96,67.61,82.4,2.51,38.79,31.58,202831.04,Normal,0
2020-12-01 17:00:00,1085.96,910.92,118.78,114.9,112.04,67.56,82.44,2.49,38.44,31.11,205215.3,Normal,0
2020-12-01 18:00:00,1089.29,910.9,118.66,114.69,111.92,67.4,82.6,2.59,36.93,29.71,203471.28,Normal,0
2020-12-01 19:00:00,1094.55,910.26,118.38,114.41,111.69,67.11,82.47,2.52,39.0,28.83,206599.43,Normal,0
2020-12-01 20:00:00,1091.35,910.72,118.17,114.12,111.4,66.52,81.92,2.56,39.01,27.51,207088.57,Normal,0
2020-12-01 21:00:00,1114.98,910.45,117.79,113.62,110.84,65.59,80.82,2.49,37.65,25.95,210940.86,Normal,0
2020-12-01 22:00:00,1118.24,910.54,117.41,113.16,110.35,65.06,79.77,2.56,37.17,25.94,211231.48,Normal,0
2020-12-01 23:00:00,1103.26,910.68,116.71,112.5,109.63,64.56,78.73,2.58,36.01,25.42,210943.95,Normal,0
2020-12-02 00:00:00,1098.85,910.82,115.81,111.59,108.71,63.61,77.57,2.53,35.37,25.18,208201.36,Normal,0
2020-12-02 01:00:00,1096.35,910.89,115.08,110.89,108.06,63.02,76.62,2.56,34.79,25.16,208276.62,Normal,0
2020-12-02 02:00:00,1091.96,910.96,114.34,110.21,107.36,62.45,75.83,2.69,33.86,25.2,207703.81,Normal,0
2020-12-02 03:00:00,1094.61,910.72,113.85,109.72,106.89,61.86,75.2,2.63,33.33,25.47,208916.74,Normal,0
2020-12-02 04:00:00,1090.05,910.7,113.49,109.42,106.58,61.45,74.78,2.54,33.01,26.13,209083.91,Normal,0
2020-12-02 05:00:00,1087.04,910.88,113.14,109.04,106.24,60.96,74.3,2.46,32.7,25.43,208137.37,Normal,0
2020-12-02 06:00:00,1094.41,910.96,112.74,108.65,105.84,60.7,73.87,2.43,32.26,24.14,207989.39,Normal,0
2020-12-02 07:00:00,1082.57,911.14,112.16,108.1,105.32,60.48,73.55,2.45,32.07,23.93,204540.21,Normal,0
2020-12-02 08:00:00,1077.72,911.14,111.83,107.85,105.13,60.8,73.54,2.53,32.24,25.16,201811.68,Normal,0
2020-12-02 09:00:00,1089.19,911.26,112.63,108.73,106.14,61.96,74.38,2.59,33.45,27.63,203446.19,Normal,0
2020-12-02 10:00:00,1086.54,911.37,113.97,110.16,107.55,63.31,75.92,2.65,34.55,30.23,202708.11,Normal,0
2020-12-02 11:00:00,1091.64,911.35,115.23,111.42,108.78,64.49,77.39,2.77,34.98,32.58,203071.25,Normal,0
2020-12-02 12:00:00,1090.89,911.24,116.44,112.65,110.02,65.67,78.93,2.77,35.89,35.54,205290.55,Normal,0
2020-12-02 13:00:00,1091.77,911.18,117.66,113.87,111.17,66.62,80.46,2.79,36.11,40.65,205411.02,Normal,0
2020-12-02 14:00:00,1086.93,911.17,118.49,114.69,111.96,67.24,81.79,2.76,36.1,44.62,202389.28,Normal,0
2020-12-02 15:00:00,1056.95,911.43,118.33,114.57,111.76,67.56,82.29,2.64,37.31,44.21,196418.75,Normal,0
2020-12-02 16:00:00,1069.24,911.15,118.69,114.93,112.09,67.47,82.6,2.71,37.54,43.76,202406.28,Normal,0
2020-12-02 17:00:00,563.0,475.61,113.6,110.1,106.85,67.55,80.85,1.64,39.84,44.26,106740.3,Normal,0
2020-12-02 18:00:00,0.0,0.0,93.9,92.52,89.24,66.29,70.86,0.5,40.56,41.31,156.05,Normal,0
2020-12-02 19:00:00,0.0,0.0,86.43,84.61,83.65,64.16,63.86,0.49,36.35,35.0,49.65,Normal,0
2020-12-02 20:00:00,0.0,0.0,80.33,77.61,79.4,62.35,58.57,0.47,32.35,30.77,67.83,Normal,0
2020-12-02 21:00:00,0.0,0.0,74.61,71.07,74.78,59.95,54.15,0.47,28.93,27.21,79.87,Normal,0
2020-12-02 22:00:00,763.3,611.36,82.26,78.1,80.58,55.79,55.21,2.02,27.34,25.41,139374.54,Normal,0
2020-12-02 23:00:00,1097.62,912.43,99.9,96.02,94.78,54.18,63.01,2.81,31.39,31.23,206001.0,Normal,0
2020-12-03 00:00:00,1096.74,912.27,104.67,100.97,98.85,54.92,66.27,2.83,32.24,32.25,205989.06,Normal,0
2020-12-03 01:00:00,1085.71,912.21,106.84,103.1,100.72,55.98,68.51,2.78,32.27,31.05,204283.91,Normal,0
2020-12-03 02:00:00,1075.93,912.05,107.84,104.11,101.6,56.76,69.95,2.77,31.52,29.79,201397.43,Normal,0
2020-12-03 03:00:00,1073.96,911.78,108.51,104.75,102.18,57.21,70.72,2.76,30.51,28.27,203383.53,Normal,0
2020-12-03 04:00:00,1094.23,911.6,109.27,105.44,102.83,57.68,71.21,2.76,29.41,28.0,207144.4,Normal,0
2020-12-03 05:00:00,1098.78,911.52,110.0,106.09,103.47,57.97,71.6,2.83,31.71,31.2,208875.44,Normal,0
2020-12-03 06:00:00,1107.56,911.51,110.67,106.74,104.14,58.33,72.09,2.85,32.68,33.91,211258.51,Normal,0
2020-12-03 07:00:00,1099.69,911.38,111.22,107.34,104.72,58.74,72.59,2.88,32.55,37.18,212681.98,Normal,0
2020-12-03 08:00:00,740.94,626.88,108.83,105.06,102.3,59.39,72.43,2.08,34.28,42.64,140086.28,Normal,0
2020-12-03 09:00:00,0.0,0.0,88.35,86.31,85.46,59.65,64.34,0.52,37.16,42.86,195.67,Normal,0
2020-12-03 10:00:00,0.0,0.0,80.28,78.55,79.35,58.69,58.68,0.5,32.37,34.65,99.55,Normal,0
2020-12-03 11:00:00,0.0,0.0,75.55,73.94,73.55,58.09,54.6,0.47,29.53,30.0,62.09,Normal,0
2020-12-03 12:00:00,0.0,0.0,71.74,70.06,69.28,56.99,51.96,0.47,28.16,28.01,0.0,Normal,0
2020-12-03 13:00:00,0.0,0.0,68.43,66.77,65.75,55.55,49.71,0.5,27.05,26.64,74.11,Normal,0
2020-12-03 14:00:00,0.0,0.0,65.52,63.95,62.57,54.01,47.7,0.5,26.35,25.82,13.23,Normal,0
2020-12-03 15:00:00,0.0,0.0,62.95,61.42,60.07,52.35,46.0,0.5,25.74,25.16,25.03,Normal,0
2020-12-03 16:00:00,0.0,0.0,60.67,59.17,58.14,50.55,44.78,0.5,25.34,24.67,35.91,Normal,0
2020-12-03 17:00:00,0.0,0.0,58.7,57.12,56.62,48.66,43.78,0.48,24.76,23.83,7.67,Normal,0
2020-12-03 18:00:00,0.0,0.0,56.73,55.05,54.54,46.86,42.14,0.47,23.96,22.76,6.89,Normal,0
2020-12-03 19:00:00,0.0,0.0,54.73,52.78,53.0,44.8,40.99,0.47,23.53,22.51,19.84,Normal,0
2020-12-03 20:00:00,212.96,187.95,55.71,53.62,54.25,42.4,40.69,0.99,23.17,22.46,43812.13,Normal,0
2020-12-03 21:00:00,341.91,272.04,60.41,58.36,58.16,40.61,42.89,1.23,26.5,26.14,60128.31,Normal,0
2020-12-03 22:00:00,1091.18,912.54,80.08,77.43,76.85,41.69,49.3,2.9,31.22,34.81,204298.02,Normal,0
2020-12-03 23:00:00,1082.83,912.59,92.25,89.37,88.01,46.37,56.22,2.92,36.01,40.14,203348.75,Normal,0
2020-12-04 00:00:00,1084.83,912.53,99.02,95.87,94.06,50.45,61.39,2.71,36.35,39.18,205480.92,Normal,0
2020-12-04 01:00:00,1090.6,912.53,103.3,99.92,97.85,53.27,65.11,2.64,36.87,38.28,206974.29,Normal,0
2020-12-04 02:00:00,1094.44,912.52,106.31,102.7,100.49,55.36,67.81,2.65,37.2,37.35,208310.9,Normal,0
2020-12-04 03:00:00,1095.72,912.52,108.4,104.7,102.34,56.76,69.68,2.66,36.27,37.33,208767.63,Normal,0
2020-12-04 04:00:00,1091.64,912.52,109.75,105.97,103.51,57.86,70.99,2.59,34.81,37.49,208992.36,Normal,0
2020-12-04 05:00:00,1090.83,911.37,110.73,106.91,104.41,58.66,71.86,2.7,36.17,38.42,210291.59,Normal,0
2020-12-04 06:00:00,1096.27,910.23,111.41,107.59,105.05,59.26,72.54,2.8,37.26,36.87,209900.96,Normal,0
2020-12-04 07:00:00,1084.45,910.05,111.84,108.02,105.46,59.66,73.08,2.79,37.42,35.87,209428.81,Normal,0
2020-12-04 08:00:00,1091.15,910.02,112.14,108.29,105.69,60.04,73.56,2.67,38.09,35.13,208949.58,Normal,0
2020-12-04 09:00:00,1093.73,910.19,112.62,108.76,106.15,60.65,74.51,2.67,39.2,37.58,211216.3,Normal,0
2020-12-04 10:00:00,1109.0,910.34,113.41,109.54,106.94,61.43,75.48,2.6,38.82,40.29,212801.55,Normal,0
2020-12-04 11:00:00,1092.32,910.73,114.08,110.26,107.65,62.22,76.36,2.7,39.1,39.58,211736.77,Normal,0
2020-12-04 12:00:00,1087.72,910.5,114.57,110.78,108.15,62.85,77.04,2.73,40.38,37.65,210165.33,Normal,0
2020-12-04 13:00:00,1086.91,910.67,114.69,110.87,108.21,62.59,77.34,2.65,41.92,34.46,208092.64,Normal,0
2020-12-04 14:00:00,1104.29,910.89,114.13,110.19,107.46,61.52,76.66,2.68,41.41,30.99,210870.59,Normal,0
2020-12-04 15:00:00,1090.52,909.47,113.6,109.69,106.98,61.28,75.96,2.58,41.73,30.26,208364.77,Normal,0
2020-12-04 16:00:00,1085.31,910.79,113.4,109.54,106.88,61.13,75.58,2.58,42.63,29.47,206694.69,Normal,0
2020-12-04 17:00:00,1099.73,911.17,113.25,109.36,106.68,60.58,75.01,2.62,42.11,29.46,211704.93,Normal,0
2020-12-04 18:00:00,1102.99,909.91,113.53,109.61,106.95,60.42,74.9,2.62,40.27,29.82,218174.27,Normal,0
2020-12-04 19:00:00,1098.1,910.16,113.79,109.9,107.21,60.6,74.9,2.69,39.31,31.27,217211.16,Normal,0
2020-12-04 20:00:00,1101.14,910.21,113.81,109.9,107.19,60.54,75.1,2.79,38.9,32.81,214364.1,Normal,0
2020-12-04 21:00:00,1102.84,910.26,113.3,109.31,106.57,59.88,74.95,2.74,37.77,33.44,212688.99,Normal,0
2020-12-04 22:00:00,1088.73,910.32,112.2,108.29,105.55,59.23,74.69,2.8,38.92,33.06,207799.67,Normal,0
2020-12-04 23:00:00,1088.53,910.13,111.58,107.68,104.96,58.52,74.2,2.78,38.17,32.16,209662.37,Normal,0
2020-12-05 00:00:00,1089.05,909.94,111.07,107.17,104.46,57.75,73.64,2.77,36.31,30.14,209785.89,Normal,0
2020-12-05 01:00:00,1094.76,910.0,110.31,106.35,103.58,56.67,72.69,2.7,34.43,27.42,212319.17,Normal,0
2020-12-05 02:00:00,1088.17,910.03,109.81,105.91,103.19,56.41,72.27,2.62,33.22,25.85,210845.67,Normal,0
2020-12-05 03:00:00,1089.38,910.0,109.44,105.56,102.84,56.22,71.72,2.63,31.66,25.16,209315.29,Normal,0
2020-12-05 04:00:00,1069.24,905.91,108.88,105.03,102.24,55.36,70.63,2.75,29.6,25.24,204668.46,Normal,0
2020-12-05 05:00:00,0.0,1.73,91.2,88.93,86.05,55.44,64.43,0.51,32.1,29.99,2314.75,Normal,0
2020-12-05 06:00:00,0.0,0.0,78.5,76.79,75.9,53.43,56.22,0.5,27.22,23.86,835.47,Normal,0
2020-12-05 07:00:00,115.79,60.33,73.75,71.13,70.9,49.81,51.98,0.77,22.18,18.73,19725.88,Normal,0
2020-12-05 08:00:00,1091.1,899.55,83.5,80.0,78.59,44.68,53.61,2.81,24.41,23.83,203361.16,Normal,0
2020-12-05 09:00:00,1108.19,912.5,95.39,91.93,90.19,47.4,58.77,2.82,29.34,29.56,210316.73,Normal,0
2020-12-05 10:00:00,1101.26,912.5,100.05,96.57,94.51,49.48,62.35,2.83,30.16,31.21,209479.89,Normal,0
2020-12-05 11:00:00,1095.95,912.49,102.81,99.28,97.04,51.43,65.04,2.83,30.07,31.87,210187.63,Normal,0
2020-12-05 12:00:00,1093.35,912.49,104.36,100.63,98.25,52.01,66.55,2.91,29.57,29.84,209987.9,Normal,0
2020-12-05 13:00:00,1093.61,912.49,105.17,101.4,98.96,52.83,67.55,2.83,34.07,28.84,208525.0,Normal,0
2020-12-05 14:00:00,1088.36,912.5,105.82,102.07,99.57,53.58,68.29,2.78,34.17,27.36,207673.45,Normal,0
2020-12-05 15:00:00,1120.52,912.5,107.12,103.21,100.72,53.85,68.7,2.77,33.32,25.62,220138.48,Normal,0
2020-12-05 16:00:00,1108.61,912.51,108.02,104.14,101.61,54.56,69.37,2.7,33.89,24.61,217222.4,Normal,0
2020-12-05 17:00:00,1125.11,912.5,108.74,104.78,102.21,55.02,69.94,2.62,36.41,24.42,218004.25,Normal,0
2020-12-05 18:00:00,1117.82,912.44,109.06,105.08,102.49,55.29,70.4,2.73,36.42,26.23,212941.35,Normal,0
2020-12-05 19:00:00,1114.2,912.5,108.95,105.0,102.39,55.47,70.6,2.79,36.7,29.48,218170.66,Normal,0
2020-12-05 20:00:00,1113.7,912.5,109.24,105.26,102.65,55.58,70.6,2.82,35.83,30.24,218114.0,Normal,0
2020-12-05 21:00:00,1123.62,912.5,109.43,105.42,102.75,55.6,70.6,2.75,33.7,29.87,217373.61,Normal,0
2020-12-05 22:00:00,1122.24,912.51,109.23,105.19,102.55,55.4,70.43,2.76,34.82,28.67,214352.47,Normal,0
2020-12-05 23:00:00,1128.96,912.51,109.22,105.15,102.52,55.34,70.28,2.66,34.82,27.54,217995.32,Normal,0
2020-12-06 00:00:00,1130.86,912.53,109.46,105.38,102.77,55.4,70.38,2.62,34.96,25.91,219868.19,Normal,0
2020-12-06 01:00:00,1120.53,912.51,109.51,105.47,102.82,55.44,70.61,2.51,34.92,24.73,218141.55,Normal,0
2020-12-06 02:00:00,1111.65,912.41,109.0,104.98,102.34,55.28,70.6,2.53,35.48,23.85,215452.98,Normal,0
2020-12-06 03:00:00,1126.87,912.52,109.15,105.12,102.49,55.2,70.6,2.56,36.13,25.33,223605.09,Normal,0
2020-12-06 04:00:00,1110.76,912.49,109.09,105.05,102.42,55.2,70.6,2.68,34.73,27.42,216196.39,Normal,0
2020-12-06 05:00:00,1122.45,912.53,108.9,104.9,102.25,55.13,70.6,2.79,34.66,29.25,220422.04,Normal,0
2020-12-06 06:00:00,1124.68,912.54,109.01,105.0,102.37,54.91,70.46,2.74,34.99,28.71,222127.19,Normal,0
2020-12-06 07:00:00,1126.73,912.55,109.32,105.27,102.67,55.2,70.61,2.71,35.16,27.59,225810.22,Normal,0
2020-12-06 08:00:00,1122.74,912.51,109.52,105.51,102.87,55.54,70.87,2.59,36.15,26.2,215253.32,Normal,0
2020-12-06 09:00:00,1107.51,912.52,109.34,105.36,102.69,55.8,71.1,2.57,35.93,24.3,209959.1,Normal,0
2020-12-06 10:00:00,1123.99,912.55,109.28,105.32,102.61,55.8,71.05,2.77,36.51,27.62,216978.9,Normal,0
2020-12-06 11:00:00,1116.59,912.56,109.41,105.44,102.81,56.24,71.38,2.78,36.79,32.22,213586.47,Normal,0
2020-12-06 12:00:00,1093.54,912.57,109.37,105.48,102.86,56.84,71.66,2.75,38.44,34.03,209197.52,Normal,0
2020-12-06 13:00:00,1079.11,912.61,109.44,105.64,103.04,57.52,72.12,2.71,39.19,34.13,203806.35,Normal,0
2020-12-06 14:00:00,1094.93,912.62,109.49,105.67,103.04,57.34,72.2,2.56,39.0,36.42,208637.98,Normal,0
2020-12-06 15:00:00,1109.51,912.45,109.89,105.97,103.39,57.4,72.34,2.63,38.49,36.09,212420.78,Normal,0
2020-12-06 16:00:00,803.85,674.78,105.66,102.01,99.34,57.12,71.1,2.11,38.22,34.19,149824.42,Normal,0
2020-12-06 17:00:00,325.62,290.92,96.21,93.17,90.93,56.46,67.54,1.15,41.11,39.73,66156.05,Normal,0
2020-12-06 18:00:00,0.0,0.0,79.73,77.84,78.47,54.87,59.86,0.47,37.07,35.27,239.08,Normal,0
2020-12-06 19:00:00,0.0,0.0,73.24,70.68,73.42,52.64,54.92,0.47,30.78,28.86,88.94,Normal,0
2020-12-06 20:00:00,0.0,0.0,68.28,65.3,68.96,50.6,51.32,0.47,27.1,25.2,250.53,Normal,0
2020-12-06 21:00:00,0.0,0.0,64.16,61.2,64.91,48.62,48.29,0.47,24.54,22.78,137.87,Normal,0
2020-12-06 22:00:00,0.0,0.0,60.75,57.92,61.4,46.46,45.92,0.49,22.93,21.0,151.78,Normal,0
2020-12-06 23:00:00,746.74,592.05,69.01,65.8,67.86,43.81,46.83,1.95,24.44,24.09,134037.36,Normal,0
2020-12-07 00:00:00,1126.53,912.16,89.93,86.51,85.72,45.33,54.1,2.76,33.58,35.6,210860.62,Normal,0
2020-12-07 01:00:00,1123.37,911.9,97.79,94.39,92.72,48.08,58.83,2.66,35.74,35.98,212590.25,Normal,0
2020-12-07 02:00:00,1117.24,911.14,101.87,98.34,96.29,50.31,62.55,2.61,35.3,37.13,211150.32,Normal,0
2020-12-07 03:00:00,1116.21,911.53,104.46,100.75,98.55,52.21,65.17,2.65,34.37,36.47,213421.02,Normal,0
2020-12-07 04:00:00,1122.44,911.54,106.3,102.49,100.16,53.6,67.09,2.57,34.44,36.55,214435.11,Normal,0
2020-12-07 05:00:00,1123.39,911.3,107.71,103.82,101.36,54.84,68.5,2.8,34.95,35.13,214673.73,Normal,0
2020-12-07 06:00:00,1128.61,910.98,108.63,104.69,102.15,55.38,69.56,2.84,35.89,34.61,215071.32,Normal,0
2020-12-07 07:00:00,1124.41,909.72,109.13,105.16,102.55,55.64,70.02,2.72,34.78,35.73,218973.89,Normal,0
2020-12-07 08:00:00,1120.76,909.66,109.65,105.7,103.04,56.18,70.59,2.77,35.17,36.54,217989.96,Normal,0
2020-12-07 09:00:00,1122.98,908.09,110.24,106.28,103.68,56.96,71.26,2.87,35.92,36.18,218335.16,Normal,0
2020-12-07 10:00:00,1125.95,910.97,111.27,107.34,104.84,58.05,72.42,2.79,37.09,39.13,216867.06,Normal,0
2020-12-07 11:00:00,1114.14,910.98,112.28,108.39,105.88,59.29,73.67,2.78,37.72,40.14,216536.27,Normal,0
2020-12-07 12:00:00,1105.46,910.96,113.03,109.18,106.61,60.22,74.87,2.88,38.14,39.56,213969.01,Normal,0
2020-12-07 13:00:00,1101.75,910.91,113.85,110.03,107.47,61.37,76.05,2.85,38.64,40.88,212915.43,Normal,0
2020-12-07 14:00:00,1094.49,910.86,114.67,110.85,108.27,62.3,77.16,2.8,39.33,41.5,209680.4,Normal,0
2020-12-07 15:00:00,1111.36,910.52,115.33,111.44,108.87,62.6,78.02,2.83,38.91,41.46,215811.83,Normal,0
2020-12-07 16:00:00,1114.97,910.19,115.97,111.99,109.4,62.79,78.5,2.78,39.68,41.02,214607.31,Normal,0
2020-12-07 17:00:00,1103.12,906.13,115.49,111.51,108.86,62.68,78.51,2.83,42.82,36.46,210697.4,Normal,0
2020-12-07 18:00:00,1132.88,909.89,115.73,111.64,109.04,62.47,78.5,2.85,42.63,33.24,218287.45,Normal,0
2020-12-07 19:00:00,1133.06,910.9,115.91,111.79,109.18,62.4,78.47,2.85,42.58,32.19,216808.02,Normal,0
2020-12-07 20:00:00,1123.51,910.85,115.83,111.7,109.06,62.33,78.18,2.85,42.25,34.14,216590.8,Normal,0
2020-12-07 21:00:00,1123.07,910.61,115.55,111.47,108.8,62.17,77.73,2.63,42.21,38.02,216674.74,Normal,0
2020-12-07 22:00:00,1126.85,910.35,115.43,111.36,108.69,62.0,77.42,2.65,42.71,38.81,217379.28,Normal,0
2020-12-07 23:00:00,1122.42,910.2,115.32,111.21,108.56,62.0,77.04,2.76,41.91,39.33,217646.29,Normal,0
2020-12-08 00:00:00,1132.48,910.26,115.26,111.15,108.51,62.07,76.86,2.72,40.46,39.35,217392.58,Normal,0
2020-12-08 01:00:00,1121.64,910.11,114.96,110.89,108.2,61.6,76.59,2.79,40.46,41.08,217688.82,Normal,0
2020-12-08 02:00:00,1120.48,908.46,114.57,110.53,107.82,61.12,76.1,2.91,39.6,35.46,218322.32,Normal,0
2020-12-08 03:00:00,1111.21,910.36,113.53,109.53,106.78,60.58,75.44,2.66,39.2,37.82,213285.98,Normal,0
2020-12-08 04:00:00,1116.46,910.51,113.27,109.27,106.53,60.16,74.86,2.69,39.63,37.92,216515.02,Normal,0
2020-12-08 05:00:00,277.66,239.73,102.03,98.8,96.31,60.31,71.42,1.07,42.25,41.24,57228.2,Normal,0
2020-12-08 06:00:00,517.54,431.7,90.01,87.32,87.9,56.8,63.82,1.57,34.82,33.57,97421.09,Normal,0
2020-12-08 07:00:00,1128.25,912.59,104.17,100.19,98.78,55.24,66.92,2.76,37.0,36.22,217766.86,Normal,0
2020-12-08 08:00:00,1131.05,912.57,108.08,104.19,101.95,55.8,69.04,2.88,38.64,38.4,215817.04,Normal,0
2020-12-08 09:00:00,1132.33,912.59,110.15,106.23,103.78,56.79,70.68,2.93,38.68,38.94,215033.75,Normal,0
2020-12-08 10:00:00,1125.45,912.59,111.26,107.33,104.85,57.79,72.09,2.82,39.04,38.18,212839.19,Normal,0
2020-12-08 11:00:00,1118.28,912.58,112.14,108.25,105.75,58.87,73.32,2.87,39.45,37.2,211011.43,Normal,0
2020-12-08 12:00:00,1115.91,912.59,113.05,109.17,106.64,59.86,74.65,2.93,39.82,35.29,210774.34,Normal,0
2020-12-08 13:00:00,1113.82,912.6,113.75,109.84,107.28,60.47,75.64,2.85,40.29,35.61,210064.95,Normal,0
2020-12-08 14:00:00,1117.36,912.57,114.41,110.48,107.89,60.97,76.43,2.9,40.04,35.07,211975.32,Normal,0
2020-12-08 15:00:00,1113.03,912.59,114.99,111.06,108.48,61.5,77.3,2.84,40.58,37.4,211736.85,Normal,0
2020-12-08 16:00:00,1116.23,912.59,115.6,111.64,109.05,61.7,78.02,2.84,40.55,38.51,213265.32,Normal,0
2020-12-08 17:00:00,1110.62,912.6,115.55,111.56,108.93,61.93,78.3,2.69,39.82,38.09,207355.96,Normal,0
2020-12-08 18:00:00,1098.4,912.59,114.87,110.92,108.24,62.24,78.04,2.67,38.62,39.68,204193.15,Normal,0
2020-12-08 19:00:00,1107.63,912.53,114.54,110.57,107.88,61.85,77.24,2.72,37.67,39.28,209184.71,Normal,0
2020-12-08 20:00:00,1106.18,912.54,114.4,110.42,107.73,60.93,76.66,2.8,36.71,38.58,210311.04,Normal,0
2020-12-08 21:00:00,1102.0,912.51,113.79,109.81,107.12,60.07,75.83,2.63,35.28,37.91,207625.93,Normal,0
2020-12-08 22:00:00,1123.18,912.55,113.38,109.4,106.69,59.45,75.0,2.59,34.26,37.29,214400.46,Normal,0
2020-12-08 23:00:00,1137.12,912.55,113.46,109.42,106.73,59.15,74.48,2.51,36.08,38.92,219012.87,Normal,0
2020-12-09 00:00:00,1138.21,912.54,113.74,109.62,106.95,59.0,74.25,2.58,39.3,38.73,219246.82,Normal,0
2020-12-09 01:00:00,1124.41,912.54,113.25,109.19,106.46,58.88,74.07,2.6,39.29,38.07,215040.3,Normal,0
2020-12-09 02:00:00,1129.91,912.55,113.07,108.95,106.29,58.8,73.71,2.79,38.12,33.88,217858.8,Normal,0
2020-12-09 03:00:00,1135.19,912.54,113.35,109.3,106.63,58.73,73.7,2.78,37.19,32.84,220017.67,Normal,0
2020-12-09 04:00:00,1097.47,901.4,113.19,109.14,106.48,58.8,73.65,2.75,37.19,33.58,210133.78,Normal,0
2020-12-09 05:00:00,497.8,407.09,99.19,96.21,93.45,57.23,69.16,1.59,37.59,33.04,89921.64,Normal,0
2020-12-09 06:00:00,1119.73,911.9,106.04,102.24,100.1,55.93,69.19,2.89,38.49,30.91,210593.78,Normal,0
2020-12-09 07:00:00,1126.54,911.48,109.19,105.31,102.91,56.38,70.45,2.84,39.29,32.06,214729.73,Normal,0
2020-12-09 08:00:00,258.72,223.55,98.95,95.94,93.56,57.32,68.65,1.04,42.75,38.31,50716.35,Normal,0
2020-12-09 09:00:00,0.0,0.0,82.13,80.24,81.03,55.96,60.66,0.5,37.35,34.5,396.45,Normal,0
2020-12-09 10:00:00,0.0,0.0,75.56,73.22,75.84,54.23,56.09,0.5,32.1,29.71,311.35,Normal,0
2020-12-09 11:00:00,0.0,0.0,70.86,68.3,71.33,52.8,53.05,0.5,28.82,26.25,617.05,Normal,0
2020-12-09 12:00:00,0.0,0.0,67.62,64.73,67.16,51.8,50.4,0.5,26.91,24.1,279.02,Normal,0
2020-12-09 13:00:00,1026.67,0.0,64.55,61.35,63.92,50.74,48.28,0.51,25.45,22.84,534.24,Normal,0
2020-12-09 14:00:00,1100.0,0.0,61.21,58.71,59.91,49.27,45.03,0.51,23.29,20.78,242.93,Normal,0
2020-12-09 15:00:00,1026.67,0.01,58.84,56.45,56.17,47.88,42.41,0.51,22.33,20.16,424.05,Normal,0
2020-12-09 16:00:00,355.68,277.86,59.6,57.38,56.77,45.8,41.4,1.18,22.69,20.49,59469.4,Normal,0
2020-12-09 17:00:00,1133.48,911.53,84.07,81.01,80.04,44.72,50.14,2.9,35.08,33.05,215343.88,Normal,0
2020-12-09 18:00:00,1130.06,911.74,96.1,92.97,91.35,47.9,57.71,2.88,39.52,38.48,214088.3,Normal,0
2020-12-09 19:00:00,1116.92,911.58,102.32,98.99,97.03,51.29,63.02,2.86,40.22,35.17,213462.02,Normal,0
2020-12-09 20:00:00,1108.59,911.29,106.06,102.48,100.28,53.89,66.68,2.89,39.45,35.3,212271.81,Normal,0
2020-12-09 21:00:00,1113.45,910.71,108.31,104.59,102.17,55.51,68.8,2.89,38.83,34.63,215414.86,Normal,0
2020-12-09 22:00:00,1121.84,910.73,109.87,105.98,103.46,56.63,70.19,2.89,39.11,35.04,215816.84,Normal,0
2020-12-09 23:00:00,1107.46,910.92,110.43,106.55,103.99,57.5,71.27,2.85,38.64,36.89,212310.67,Normal,0
2020-12-10 00:00:00,1111.53,910.72,111.07,107.16,104.58,58.03,71.91,2.77,37.49,37.41,214289.14,Normal,0
2020-12-10 01:00:00,1108.93,910.73,111.33,107.41,104.8,58.56,72.55,2.77,36.77,36.94,211983.08,Normal,0
2020-12-10 02:00:00,1106.72,910.65,111.57,107.62,105.06,58.84,73.16,2.88,36.19,34.49,212949.58,Normal,0
2020-12-10 03:00:00,1098.26,911.0,111.54,107.67,105.07,59.16,73.46,2.81,35.42,32.23,205850.03,Normal,0
2020-12-10 04:00:00,1099.14,910.98,111.77,107.94,105.29,59.13,73.66,2.89,34.52,30.64,209526.09,Normal,0
2020-12-10 05:00:00,1105.41,910.83,111.73,107.88,105.24,59.2,74.12,2.83,32.8,28.79,209044.3,Normal,0
2020-12-10 06:00:00,1097.6,910.64,111.75,107.89,105.24,59.1,74.28,2.73,31.67,26.99,209357.03,Normal,0
2020-12-10 07:00:00,1108.65,910.85,111.56,107.64,104.97,58.91,73.95,2.63,31.34,25.7,208022.79,Normal,0
2020-12-10 08:00:00,1032.65,854.48,111.33,107.4,104.74,58.81,73.64,2.44,32.0,26.44,196034.65,Normal,0
2020-12-10 09:00:00,0.0,0.0,92.76,90.75,87.39,59.37,66.76,0.53,34.93,29.64,1424.04,Normal,0
2020-12-10 10:00:00,153.02,112.9,82.05,80.55,79.29,57.72,59.25,0.73,31.17,26.55,24977.09,Normal,0
2020-12-10 11:00:00,1111.11,911.69,98.5,94.93,93.91,55.41,63.51,2.49,32.63,26.54,209908.45,Normal,0
2020-12-10 12:00:00,1130.43,911.82,106.71,102.97,101.04,56.35,68.22,2.6,36.56,28.91,214354.59,Normal,0
2020-12-10 13:00:00,0.0,14.16,92.85,90.67,88.53,57.92,65.69,0.55,39.95,33.32,5450.88,Normal,0
2020-12-10 14:00:00,24.75,7.08,80.74,79.25,79.11,56.68,59.08,0.53,34.7,29.84,1935.88,Normal,0
2020-12-10 15:00:00,1062.25,901.85,94.07,90.79,90.31,54.47,61.78,2.49,33.94,28.03,195117.0,Normal,0
2020-12-10 16:00:00,1114.67,912.18,104.94,101.35,99.62,55.68,67.29,2.63,37.74,30.78,210684.9,Normal,0
2020-12-10 17:00:00,1111.93,912.16,108.98,105.3,103.14,57.24,70.36,2.64,37.49,31.58,208356.69,Normal,0
2020-12-10 18:00:00,1101.89,912.17,110.96,107.19,104.87,58.53,72.52,2.76,36.6,33.54,207324.94,Normal,0
2020-12-10 19:00:00,1097.97,912.1,111.98,108.18,105.72,59.41,73.88,2.83,35.41,35.62,207324.62,Normal,0
2020-12-10 20:00:00,1104.62,911.85,112.79,108.95,106.43,60.06,74.88,2.7,36.33,37.3,209685.12,Normal,0
2020-12-10 21:00:00,1107.52,911.49,113.48,109.62,107.09,60.84,75.74,2.6,36.11,40.29,210135.63,Normal,0
2020-12-10 22:00:00,1115.54,911.59,113.87,109.94,107.38,61.4,76.03,2.69,35.09,40.56,210563.61,Normal,0
2020-12-10 23:00:00,1109.99,911.79,113.94,110.01,107.42,61.69,76.2,2.79,34.27,38.66,208834.38,Normal,0
2020-12-11 00:00:00,1094.26,911.95,113.57,109.66,107.08,61.85,76.43,2.8,34.07,37.63,201742.21,Normal,0
2020-12-11 01:00:00,1103.71,911.89,113.76,109.85,107.14,61.58,76.5,2.84,33.26,36.47,208346.48,Normal,0
2020-12-11 02:00:00,1104.22,911.95,113.85,109.96,107.37,61.91,76.54,2.66,32.83,39.84,207405.73,Normal,0
2020-12-11 03:00:00,1104.18,911.94,114.01,110.14,107.47,61.94,76.57,2.81,32.45,36.66,209097.44,Normal,0
2020-12-11 04:00:00,1113.47,911.71,114.38,110.47,107.87,62.2,76.95,2.75,32.78,35.22,210853.77,Normal,0
2020-12-11 05:00:00,1121.11,911.24,114.82,110.88,108.31,62.17,77.4,2.63,32.19,32.0,213613.3,Normal,0
2020-12-11 06:00:00,1116.9,911.1,114.8,110.84,108.2,61.98,77.17,2.58,32.06,29.69,212498.9,Normal,0
2020-12-11 07:00:00,1118.39,910.71,114.75,110.85,108.15,62.04,77.01,2.55,31.33,28.42,214309.38,Normal,0
2020-12-11 08:00:00,1113.38,910.89,114.62,110.73,107.88,61.79,76.72,2.59,31.7,29.45,213034.14,Normal,0
2020-12-11 09:00:00,1116.93,910.7,114.56,110.69,107.82,61.9,76.4,2.57,32.32,28.97,214756.61,Normal,0
2020-12-11 10:00:00,1125.31,910.54,114.85,110.91,108.18,62.34,76.37,2.6,33.7,30.49,216121.96,Normal,0
2020-12-11 11:00:00,1120.26,910.63,115.47,111.47,108.92,62.95,76.78,2.61,34.21,31.13,214618.7,Normal,0
2020-12-11 12:00:00,1107.28,910.67,115.64,111.71,109.0,63.29,77.12,2.56,34.96,30.14,212414.13,Normal,0
2020-12-11 13:00:00,1111.21,910.78,115.79,111.84,109.22,63.57,77.68,2.56,37.73,29.62,211300.01,Normal,0
2020-12-11 14:00:00,1105.4,910.79,116.33,112.43,109.9,64.46,78.49,2.48,40.34,29.81,212612.38,Normal,0
2020-12-11 15:00:00,1116.33,909.9,117.02,113.12,110.57,65.36,79.36,2.5,40.24,29.54,214341.6,Normal,0
2020-12-11 16:00:00,1111.62,909.36,117.44,113.51,110.83,65.19,79.31,2.45,39.81,28.8,214640.14,Normal,0
2020-12-11 17:00:00,729.53,604.73,114.55,110.73,107.84,65.6,78.21,1.79,41.28,29.77,140872.14,Normal,0
2020-12-11 18:00:00,0.0,0.0,93.37,91.86,89.82,64.45,69.71,0.44,41.64,30.93,371.59,Normal,0
2020-12-11 19:00:00,0.0,0.0,84.98,83.19,83.56,61.96,63.71,0.44,36.54,28.35,252.65,Normal,0
2020-12-11 20:00:00,0.0,0.0,79.51,76.96,78.86,59.69,60.13,0.44,33.14,26.71,214.6,Normal,0
2020-12-11 21:00:00,0.0,0.0,74.88,72.0,74.72,57.37,57.26,0.44,30.79,25.56,349.74,Normal,0
2020-12-11 22:00:00,657.75,522.43,79.91,76.61,78.32,54.12,56.71,1.77,31.81,24.86,116591.93,Normal,0
2020-12-11 23:00:00,1113.16,912.33,98.96,95.27,94.21,53.4,63.06,2.88,40.56,32.92,205669.18,Normal,0
2020-12-12 00:00:00,1104.21,912.28,104.84,101.28,99.29,54.53,66.48,2.87,41.04,37.14,206542.29,Normal,0
2020-12-12 01:00:00,1101.74,912.26,107.85,104.22,101.9,55.88,68.92,2.87,42.7,37.42,208118.6,Normal,0
2020-12-12 02:00:00,1112.36,912.13,109.7,105.99,103.47,56.99,70.48,2.85,41.55,37.56,210132.83,Normal,0
2020-12-12 03:00:00,1121.56,911.89,111.18,107.34,104.87,58.13,72.03,2.9,41.66,35.3,213206.05,Normal,0
2020-12-12 04:00:00,1130.64,911.59,112.37,108.48,106.0,59.15,73.22,2.81,43.19,33.09,214485.75,Normal,0
2020-12-12 05:00:00,1134.39,911.29,113.47,109.52,106.99,60.11,74.18,2.71,42.84,31.32,217551.24,Normal,0
2020-12-12 06:00:00,1126.42,911.36,114.12,110.18,107.54,60.86,74.81,2.63,41.78,30.4,214660.01,Normal,0
2020-12-12 07:00:00,1112.37,911.31,114.01,110.11,107.38,61.29,75.13,2.61,41.32,29.94,209353.29,Normal,0
2020-12-12 08:00:00,1120.04,911.21,114.25,110.31,107.67,61.52,75.47,2.52,40.34,29.54,212903.55,Normal,0
2020-12-12 09:00:00,1118.83,911.13,114.66,110.73,108.18,62.15,75.92,2.45,41.48,28.88,211604.28,Normal,0
2020-12-12 10:00:00,1130.67,911.1,115.29,111.32,108.78,62.74,76.42,2.41,43.88,28.49,211369.83,Normal,0
2020-12-12 11:00:00,1130.6,910.83,115.78,111.81,109.1,63.27,76.74,2.45,44.55,27.92,212021.49,Normal,0
2020-12-12 12:00:00,1127.5,910.76,116.26,112.38,109.59,63.99,77.07,2.36,43.28,27.58,212345.26,Normal,0
2020-12-12 13:00:00,1125.94,910.43,116.6,112.72,109.88,64.62,77.5,2.37,42.6,27.89,213003.8,Normal,0
2020-12-12 14:00:00,1117.39,910.38,116.97,113.14,110.3,65.01,77.87,2.43,42.24,28.9,212561.32,Normal,0
2020-12-12 15:00:00,1120.29,910.06,117.32,113.48,110.64,65.26,78.36,2.45,41.54,29.51,214637.18,Normal,0
2020-12-12 16:00:00,1110.99,910.43,117.73,113.87,111.07,65.39,79.54,2.43,40.34,30.3,211090.68,Normal,0
2020-12-12 17:00:00,1136.53,910.55,118.01,114.07,111.28,64.97,80.28,2.43,39.36,30.8,216636.07,Normal,0
2020-12-12 18:00:00,1139.52,909.86,118.33,114.33,111.44,64.9,80.3,2.56,37.86,31.06,218801.44,Normal,0
2020-12-12 19:00:00,1126.89,905.88,117.95,113.95,111.11,64.62,80.01,2.51,35.73,36.35,219982.86,Normal,0
2020-12-12 20:00:00,1126.22,908.99,117.73,113.74,111.0,64.42,79.57,2.56,35.04,41.09,219265.64,Normal,0
2020-12-12 21:00:00,1131.49,908.2,117.65,113.65,110.89,64.64,79.14,2.57,34.09,39.45,219321.6,Normal,0
2020-12-12 22:00:00,1129.69,909.91,117.33,113.25,110.52,64.53,78.44,2.63,33.76,39.79,213952.17,Normal,0
2020-12-12 23:00:00,1133.85,910.03,117.23,113.25,110.5,64.87,78.3,2.59,34.45,38.62,217109.33,Normal,0
2020-12-13 00:00:00,1117.74,910.22,117.16,113.21,110.46,64.82,78.3,2.65,34.67,39.09,215709.75,Normal,0
2020-12-13 01:00:00,1124.22,910.19,117.02,113.1,110.33,64.55,78.27,2.7,34.13,38.28,215867.63,Normal,0
2020-12-13 02:00:00,1130.46,910.07,116.92,112.92,110.15,64.1,77.94,2.8,34.16,36.39,217311.0,Normal,0
2020-12-13 03:00:00,1133.94,909.92,116.72,112.67,109.87,63.68,77.59,2.85,34.24,34.5,217556.76,Normal,0
2020-12-13 04:00:00,1122.93,909.81,116.18,112.13,109.32,62.96,77.07,2.74,33.64,37.33,215909.25,Normal,0
2020-12-13 05:00:00,1119.56,910.47,115.6,111.59,108.78,62.96,76.59,2.97,32.96,34.47,213382.69,Normal,0
2020-12-13 06:00:00,1126.13,909.74,115.27,111.26,108.42,62.32,75.96,3.03,32.66,32.03,215828.05,Normal,0
2020-12-13 07:00:00,1113.3,910.18,114.44,110.45,107.57,61.49,75.14,3.0,32.47,30.69,213131.39,Normal,0
2020-12-13 08:00:00,1124.09,910.17,114.03,110.08,107.23,61.23,74.53,3.0,33.71,30.9,214441.27,Normal,0
2020-12-13 09:00:00,590.51,489.09,108.92,105.33,102.42,61.91,73.58,1.84,35.91,34.43,113415.49,Normal,0
2020-12-13 10:00:00,276.51,207.21,90.69,88.9,87.49,60.96,65.75,1.12,35.98,33.42,45991.94,Normal,0
2020-12-13 11:00:00,1109.87,911.64,104.81,101.18,99.46,58.56,68.49,3.09,37.41,32.89,207096.07,Normal,0
2020-12-13 12:00:00,1104.38,911.27,109.99,106.33,103.91,58.79,71.35,3.04,40.5,35.97,211026.91,Normal,0
2020-12-13 13:00:00,1105.73,911.22,112.38,108.7,106.16,59.71,73.19,2.99,41.17,39.36,210305.02,Normal,0
2020-12-13 14:00:00,1093.93,911.16,113.47,109.8,107.17,60.83,74.66,2.98,41.74,41.38,206155.74,Normal,0
2020-12-13 15:00:00,1107.6,910.97,114.3,110.56,107.78,61.34,75.05,3.08,41.23,36.73,212541.7,Normal,0
2020-12-13 16:00:00,823.04,675.08,113.22,109.41,106.59,61.96,75.42,2.34,41.69,36.63,160817.01,Normal,0
2020-12-13 17:00:00,0.0,0.0,92.69,90.89,88.87,61.93,68.04,0.5,42.01,37.48,202.13,Normal,0
2020-12-13 18:00:00,0.0,0.0,83.81,82.06,81.46,60.52,61.16,0.47,36.03,31.76,291.14,Normal,0
2020-12-13 19:00:00,0.0,0.0,77.99,75.43,76.86,59.34,56.34,0.47,31.79,28.42,75.07,Normal,0
2020-12-13 20:00:00,0.0,0.0,72.74,69.74,72.81,58.17,52.54,0.47,28.72,25.68,173.74,Normal,0
2020-12-13 21:00:00,0.0,0.0,68.71,65.64,69.22,56.57,49.83,0.47,26.84,24.05,86.7,Normal,0
2020-12-13 22:00:00,427.33,353.75,70.36,67.17,69.99,53.45,49.17,1.42,26.17,24.31,83528.45,Normal,0
2020-12-13 23:00:00,1113.08,901.01,92.27,88.7,88.05,50.17,57.28,2.6,33.4,35.56,219576.16,Normal,0
2020-12-14 00:00:00,1114.94,907.52,101.17,97.8,96.04,51.81,63.1,2.68,37.38,37.93,216879.42,Normal,0
2020-12-14 01:00:00,1107.51,911.14,105.87,102.33,100.19,54.14,67.21,2.78,38.1,36.87,213590.18,Normal,0
2020-12-14 02:00:00,1120.25,910.17,108.87,105.19,102.9,56.2,70.05,2.65,37.92,40.18,218536.91,Normal,0
2020-12-14 03:00:00,1120.3,910.47,111.02,107.22,104.88,57.84,72.26,2.78,36.82,40.56,217614.89,Normal,0
2020-12-14 04:00:00,1101.68,910.73,112.1,108.31,105.84,59.12,73.61,2.82,36.09,37.1,213467.05,Normal,0
2020-12-14 05:00:00,1114.6,910.17,112.88,109.06,106.48,60.17,74.56,2.85,36.36,36.44,212383.22,Normal,0
2020-12-14 06:00:00,1107.89,907.32,113.34,109.49,106.93,60.91,75.1,2.79,36.24,34.78,219089.38,Normal,0
2020-12-14 07:00:00,1110.4,910.14,114.16,110.29,107.75,61.6,75.69,2.75,35.89,37.09,216525.56,Normal,0
2020-12-14 08:00:00,1078.78,902.13,114.15,110.32,107.7,61.94,76.0,2.67,35.57,44.22,215043.28,Normal,0
2020-12-14 09:00:00,1128.38,909.75,115.24,111.33,108.84,62.4,76.6,2.58,36.69,46.84,219185.81,Normal,0
2020-12-14 10:00:00,1108.69,902.03,116.23,112.37,109.86,63.57,77.56,2.55,37.88,44.05,220343.24,Normal,0
2020-12-14 11:00:00,1108.8,902.68,116.78,112.95,110.42,64.41,78.22,2.58,37.92,40.15,219587.31,Normal,0
2020-12-14 12:00:00,1121.45,909.91,117.87,114.0,111.46,65.15,79.17,2.7,38.44,40.88,217407.65,Normal,0
2020-12-14 13:00:00,1120.09,909.94,118.83,114.9,112.28,65.99,80.39,2.7,39.68,41.29,216990.08,Normal,0
2020-12-14 14:00:00,1114.87,910.57,119.2,115.29,112.68,66.76,81.18,2.67,41.13,42.58,214779.23,Normal,0
2020-12-14 15:00:00,1114.13,910.66,119.67,115.73,113.03,67.17,81.54,2.85,42.12,40.04,216074.09,Normal,0
2020-12-14 16:00:00,781.21,643.27,117.18,113.31,110.29,66.9,80.64,2.02,41.92,43.58,151419.89,Normal,0
2020-12-14 17:00:00,0.0,0.0,95.46,93.87,91.37,65.74,71.38,0.5,41.68,42.64,182.79,Normal,0
2020-12-14 18:00:00,0.0,0.0,86.5,84.99,83.71,63.66,63.59,0.47,35.23,33.71,141.72,Normal,0
2020-12-14 19:00:00,0.0,0.0,80.81,79.16,76.66,62.22,58.23,0.47,31.49,29.12,276.57,Normal,0
2020-12-14 20:00:00,0.0,0.0,76.36,74.33,72.67,60.22,55.14,0.47,29.61,26.92,146.9,Normal,0
2020-12-14 21:00:00,0.0,0.0,72.52,70.26,69.43,57.93,52.64,0.47,27.71,25.01,180.15,Normal,0
2020-12-14 22:00:00,122.45,85.34,69.38,67.12,65.81,55.46,49.63,0.71,25.34,22.57,19390.13,Normal,0
2020-12-14 23:00:00,1111.33,909.83,89.16,85.78,84.21,51.41,56.18,2.69,32.2,31.05,206646.7,Normal,0
2020-12-15 00:00:00,1095.2,912.17,100.12,96.74,94.99,52.44,63.22,2.86,36.84,37.63,202239.28,Normal,0
2020-12-15 01:00:00,1079.7,912.36,104.56,101.14,99.17,54.64,67.26,2.9,37.83,37.39,197796.72,Normal,0
2020-12-15 02:00:00,1081.89,912.3,107.35,103.81,101.65,56.45,69.82,2.82,37.62,38.91,197232.83,Normal,0
2020-12-15 03:00:00,1090.32,912.24,109.07,105.43,103.06,57.45,71.65,2.71,36.01,40.71,200685.56,Normal,0
2020-12-15 04:00:00,1103.41,912.03,110.68,106.94,104.52,58.13,72.91,2.74,36.25,42.0,206120.02,Normal,0
2020-12-15 05:00:00,1096.11,912.21,111.56,107.78,105.3,58.85,73.85,2.69,35.66,43.29,202358.34,Normal,0
2020-12-15 06:00:00,1091.08,912.16,111.62,107.81,105.37,59.54,74.28,2.61,35.04,45.07,198571.3,Normal,0
2020-12-15 07:00:00,1085.13,912.26,111.74,107.95,105.47,60.32,74.5,2.66,34.78,44.4,197492.79,Normal,0
2020-12-15 08:00:00,664.77,566.32,108.26,104.67,101.92,61.1,73.81,1.91,35.27,45.15,123783.56,Normal,0
2020-12-15 09:00:00,0.0,0.0,87.82,85.99,85.54,60.6,64.62,0.5,36.52,45.34,0.0,Normal,0
2020-12-15 10:00:00,0.0,0.0,79.89,78.04,79.03,59.19,58.59,0.47,31.99,35.11,40.33,Normal,0
2020-12-15 11:00:00,755.0,599.57,85.8,83.06,82.53,56.02,57.78,1.97,29.05,30.08,137491.58,Normal,0
2020-12-15 12:00:00,1094.29,912.29,102.0,98.48,96.67,55.12,65.07,2.82,34.86,37.1,204388.54,Normal,0
2020-12-15 13:00:00,1098.23,912.36,107.26,103.76,101.52,56.55,69.15,2.9,36.01,36.56,204158.94,Normal,0
2020-12-15 14:00:00,1093.08,912.39,109.96,106.41,103.96,58.37,72.13,2.94,36.55,36.57,201784.15,Normal,0
2020-12-15 15:00:00,1086.19,912.43,111.71,108.16,105.61,60.08,74.19,2.68,37.46,43.8,201101.56,Normal,0
2020-12-15 16:00:00,1082.65,912.37,112.87,109.29,106.58,61.3,75.41,2.78,37.27,43.73,201551.25,Normal,0
2020-12-15 17:00:00,1091.41,912.42,113.56,109.91,107.15,62.33,76.28,2.88,36.36,42.53,201792.49,Normal,0
2020-12-15 18:00:00,1092.48,912.35,114.1,110.35,107.75,63.44,77.12,2.87,34.76,38.8,203408.85,Normal,0
2020-12-15 19:00:00,1095.75,912.31,114.63,110.89,108.23,63.9,77.64,2.81,33.38,38.21,205671.31,Normal,0
2020-12-15 20:00:00,1087.72,912.27,114.43,110.6,107.91,63.0,77.6,2.88,32.08,37.37,204823.24,Normal,0
2020-12-15 21:00:00,1100.95,912.23,113.79,109.87,107.18,62.19,76.91,2.94,30.43,36.49,205253.98,Normal,0
2020-12-15 22:00:00,1108.03,911.36,113.21,109.25,106.58,61.49,75.88,2.89,29.97,36.29,206800.99,Normal,0
2020-12-15 23:00:00,1120.76,911.7,113.33,109.34,106.71,61.1,75.06,3.0,31.5,35.2,214466.03,Normal,0
2020-12-16 00:00:00,1110.6,911.64,113.2,109.24,106.56,61.2,74.66,2.95,30.55,35.22,211128.51,Normal,0
2020-12-16 01:00:00,1117.97,911.49,112.89,108.9,106.19,60.5,74.08,2.86,30.57,35.95,213405.47,Normal,0
2020-12-16 02:00:00,1115.56,910.52,112.78,108.85,106.12,60.03,73.67,2.91,30.81,31.58,217044.16,Normal,0
2020-12-16 03:00:00,1119.7,907.74,112.83,108.93,106.23,60.35,73.66,2.73,30.15,30.58,220018.08,Normal,0
2020-12-16 04:00:00,1124.54,910.02,113.06,109.06,106.38,60.16,73.59,2.97,29.72,33.65,218800.35,Normal,0
2020-12-16 05:00:00,1117.22,911.58,112.87,108.88,106.22,59.76,73.96,3.07,29.61,31.6,214218.16,Normal,0
2020-12-16 06:00:00,1122.47,910.48,113.05,109.0,106.37,59.5,74.0,2.96,29.64,31.75,219214.38,Normal,0
2020-12-16 07:00:00,1121.2,908.37,113.08,109.07,106.42,59.38,73.82,2.79,29.22,35.27,219323.76,Normal,0
2020-12-16 08:00:00,1125.06,911.4,113.22,109.2,106.53,59.3,73.78,2.81,30.38,37.81,216195.99,Normal,0
2020-12-16 09:00:00,1118.03,911.66,113.79,109.86,107.3,60.35,74.74,2.78,34.31,38.58,213536.8,Normal,0
2020-12-16 10:00:00,1129.35,911.73,114.98,111.06,108.59,61.83,76.16,2.76,36.7,40.69,213479.08,Normal,0
2020-12-16 11:00:00,1130.8,911.31,115.99,112.06,109.47,62.78,77.21,2.78,36.76,43.87,217966.42,Normal,0
2020-12-16 12:00:00,1130.43,911.06,116.6,112.67,109.99,63.73,77.96,2.78,36.28,43.38,217982.19,Normal,0
2020-12-16 13:00:00,1124.37,911.44,116.85,112.9,110.22,64.38,78.57,2.79,36.34,47.07,213796.67,Normal,0
2020-12-16 14:00:00,1119.13,911.29,116.87,112.9,110.29,64.5,79.08,2.74,35.92,47.21,213664.4,Normal,0
2020-12-16 15:00:00,1118.68,911.27,117.07,113.13,110.55,64.56,79.41,2.67,35.67,47.18,214593.68,Normal,0
2020-12-16 16:00:00,786.6,641.63,114.91,111.01,108.29,64.72,79.1,2.03,36.46,49.9,153117.59,Normal,0
2020-12-16 17:00:00,0.0,0.0,93.72,91.93,90.7,63.77,70.77,0.48,38.66,49.61,11.29,Normal,0
2020-12-16 18:00:00,0.0,0.0,84.91,82.9,84.33,61.4,64.16,0.47,34.46,39.35,28.69,Normal,0
2020-12-16 19:00:00,0.0,0.0,79.44,76.87,79.2,59.28,59.93,0.47,30.49,31.96,56.0,Normal,0
2020-12-16 20:00:00,0.0,0.0,74.51,71.45,74.38,56.58,56.31,0.47,27.96,27.49,22.8,Normal,0
2020-12-16 21:00:00,0.0,0.0,70.43,67.36,69.54,54.36,52.59,0.47,25.79,23.56,42.86,Normal,0
2020-12-16 22:00:00,507.48,390.13,72.85,69.57,70.6,51.34,50.99,1.53,25.04,23.14,92532.84,Normal,0
2020-12-16 23:00:00,1136.41,910.18,94.19,90.41,89.43,49.75,58.23,2.83,30.79,33.13,218311.04,Normal,0
2020-12-17 00:00:00,1120.69,904.49,101.84,98.34,96.45,51.56,63.27,2.79,32.59,33.3,220141.86,Normal,0
2020-12-17 01:00:00,1134.59,907.36,105.68,102.04,99.86,53.34,66.5,2.85,33.15,32.48,219306.02,Normal,0
2020-12-17 02:00:00,1130.08,910.56,108.43,104.64,102.32,54.99,69.04,2.84,38.91,31.44,218900.18,Normal,0
2020-12-17 03:00:00,1128.9,909.64,109.95,106.05,103.58,56.09,70.62,2.85,39.49,31.44,219624.93,Normal,0
2020-12-17 04:00:00,1121.11,906.74,110.47,106.56,104.0,56.78,71.66,2.83,40.65,32.12,217839.5,Normal,0
2020-12-17 05:00:00,1132.6,910.04,111.29,107.36,104.75,57.33,72.26,2.8,38.83,30.35,218221.97,Normal,0
2020-12-17 06:00:00,1146.82,908.69,111.79,107.77,105.09,57.42,72.6,2.75,37.73,27.64,219382.51,Normal,0
2020-12-17 07:00:00,1114.73,904.33,111.47,107.44,104.75,57.46,72.25,2.66,36.33,25.62,218957.51,Normal,0
2020-12-17 08:00:00,1110.79,901.24,110.64,106.66,103.92,57.22,71.75,2.59,36.16,24.74,219943.26,Normal,0
2020-12-17 09:00:00,1117.96,903.96,110.63,106.73,104.05,57.24,71.74,2.65,36.44,26.54,219924.29,Normal,0
2020-12-17 10:00:00,1135.36,908.3,111.65,107.81,105.09,57.88,72.36,2.68,37.48,33.26,219636.32,Normal,0
2020-12-17 11:00:00,1137.17,908.09,112.81,108.93,106.2,58.7,73.26,2.75,38.2,34.87,219665.48,Normal,0
2020-12-17 12:00:00,1124.48,907.35,113.44,109.63,106.78,59.44,73.95,2.6,38.61,33.23,219971.63,Normal,0
2020-12-17 13:00:00,1122.58,907.93,114.24,110.42,107.65,60.54,74.86,2.55,39.63,32.44,220030.48,Normal,0
2020-12-17 14:00:00,1126.58,907.59,115.04,111.18,108.5,61.61,75.69,2.53,42.74,32.44,219880.18,Normal,0
2020-12-17 15:00:00,1124.55,908.07,115.74,111.85,109.14,62.67,76.48,2.63,43.8,33.58,219833.14,Normal,0
2020-12-17 16:00:00,1118.62,905.88,116.03,112.13,109.26,63.03,76.54,2.53,43.28,32.59,219937.69,Normal,0
2020-12-17 17:00:00,1136.3,906.38,115.95,112.01,109.09,62.71,76.52,2.54,42.67,31.23,219823.9,Normal,0
2020-12-17 18:00:00,1129.22,907.74,115.87,111.85,108.98,62.47,76.68,2.52,40.35,30.32,219642.83,Normal,0
2020-12-17 19:00:00,1126.36,905.27,115.37,111.34,108.52,62.09,76.31,2.55,39.29,28.57,220094.9,Normal,0
2020-12-17 20:00:00,1115.58,900.68,114.31,110.33,107.53,61.38,75.49,2.51,38.58,27.34,219857.13,Normal,0
2020-12-17 21:00:00,1143.57,907.93,114.18,110.13,107.35,60.55,74.76,2.68,36.79,26.18,225332.73,Normal,0
2020-12-17 22:00:00,1143.44,910.51,114.51,110.39,107.64,60.01,74.41,2.78,35.37,25.1,224236.22,Normal,0
2020-12-17 23:00:00,1141.43,910.56,114.19,110.09,107.28,59.3,74.11,2.77,34.11,24.21,220186.24,Normal,0
2020-12-18 00:00:00,1135.67,910.28,113.28,109.16,106.33,58.51,73.42,2.8,33.74,25.03,218227.84,Normal,0
2020-12-18 01:00:00,433.21,368.4,103.73,100.2,97.37,59.06,70.6,1.42,38.32,29.59,79192.05,Normal,0
2020-12-18 02:00:00,0.0,0.0,84.18,81.92,82.62,60.6,60.4,0.47,36.0,29.85,983.0,Normal,0
2020-12-18 03:00:00,0.0,0.0,76.7,74.05,77.33,61.48,53.93,0.47,30.18,25.18,822.17,Normal,0
2020-12-18 04:00:00,0.0,0.0,71.48,68.94,73.12,62.02,49.63,0.47,26.24,21.66,285.64,Normal,0
2020-12-18 05:00:00,404.3,317.24,71.7,69.06,72.75,59.8,47.81,1.23,23.08,19.12,73182.15,Normal,0
2020-12-18 06:00:00,669.06,574.64,85.6,81.83,79.56,53.64,54.9,2.2,26.8,22.87,126126.04,Normal,0
2020-12-18 07:00:00,1114.03,912.28,99.33,94.7,90.79,53.08,60.67,3.26,32.21,28.52,207077.55,Normal,0
2020-12-18 08:00:00,1120.93,912.47,108.86,103.41,98.38,56.41,66.27,3.42,35.0,31.07,208410.25,Normal,0
2020-12-18 09:00:00,1128.72,912.46,115.91,109.9,104.33,60.61,71.69,3.26,35.74,33.05,210141.89,Normal,0
2020-12-18 10:00:00,1123.05,912.44,121.45,115.07,109.21,65.06,77.05,3.19,37.18,35.51,211761.28,Normal,0
2020-12-18 11:00:00,670.68,561.37,121.66,114.92,108.21,68.9,80.06,2.02,37.63,40.49,129400.88,Normal,0
2020-12-18 12:00:00,828.12,667.54,111.59,104.99,98.62,65.8,75.55,2.19,34.61,35.04,155058.0,Normal,0
2020-12-18 13:00:00,1129.97,912.34,123.36,116.61,110.93,68.69,81.16,2.78,39.05,39.54,215970.72,Normal,0
2020-12-18 14:00:00,1134.39,912.21,128.62,121.6,115.44,71.57,85.68,2.69,40.02,44.34,216767.37,Normal,0
2020-12-18 15:00:00,1130.21,912.07,131.65,124.39,117.88,73.73,88.45,2.69,40.27,48.36,214867.88,Normal,0
2020-12-18 16:00:00,548.57,445.09,127.78,120.67,113.43,75.26,87.91,1.58,42.38,50.62,106574.79,Normal,0
2020-12-18 17:00:00,0.0,0.0,107.38,102.1,95.16,74.02,75.15,0.49,38.48,42.31,89.33,Normal,0
2020-12-18 18:00:00,460.92,372.94,102.86,98.21,93.0,71.05,68.93,1.37,32.14,31.32,80987.2,Normal,0
2020-12-18 19:00:00,1075.8,901.32,117.01,111.56,106.24,67.32,76.87,2.5,37.01,35.97,203473.59,Normal,0
2020-12-18 20:00:00,1085.46,901.3,121.53,115.75,109.87,66.47,80.13,2.48,38.92,37.27,207390.27,Normal,0
2020-12-18 21:00:00,721.05,604.26,121.04,114.9,108.3,66.86,80.66,1.82,40.71,39.63,141421.62,Normal,0
2020-12-18 22:00:00,0.0,0.0,101.33,95.54,92.15,67.07,70.37,0.47,39.95,42.25,105.47,Normal,0
2020-12-18 23:00:00,922.31,704.49,105.21,99.44,98.38,64.4,68.29,2.31,31.11,30.08,175365.33,Normal,0
2020-12-19 00:00:00,1169.51,912.56,119.63,113.64,108.69,63.68,76.35,2.95,35.07,30.81,228747.12,Normal,0
2020-12-19 01:00:00,1163.13,912.57,124.25,117.91,111.89,64.92,79.69,2.91,34.65,30.49,228079.34,Normal,0
2020-12-19 02:00:00,1161.85,912.62,127.03,120.53,113.98,66.48,81.88,2.87,35.53,29.26,227547.16,Normal,0
2020-12-19 03:00:00,1151.12,912.66,128.21,121.69,114.84,67.64,83.45,2.81,35.86,28.58,223487.75,Normal,0
2020-12-19 04:00:00,1145.9,912.66,128.81,122.35,115.37,68.32,84.6,2.84,34.73,31.15,222136.31,Normal,0
2020-12-19 05:00:00,1150.58,912.59,129.15,122.74,115.69,68.5,84.91,2.95,34.99,31.78,222007.16,Normal,0
2020-12-19 06:00:00,1143.39,912.65,129.2,122.95,115.8,68.35,85.19,2.96,34.95,30.91,223216.24,Normal,0
2020-12-19 07:00:00,1134.33,912.66,129.0,122.83,115.62,68.27,85.3,2.9,34.0,32.83,222692.81,Normal,0
2020-12-19 08:00:00,1146.53,912.59,129.04,122.84,115.71,68.15,85.23,3.0,33.17,33.44,225197.46,Normal,0
2020-12-19 09:00:00,1148.13,912.54,129.75,123.58,116.68,69.08,85.77,2.81,35.89,37.07,223276.25,Normal,0
2020-12-19 10:00:00,1140.23,912.54,130.64,124.54,117.75,70.4,87.41,2.72,37.71,39.02,217558.3,Normal,0
2020-12-19 11:00:00,1134.26,912.57,130.92,124.82,117.94,71.06,88.4,2.75,39.42,39.66,213695.37,Normal,0
2020-12-19 12:00:00,1132.61,912.59,131.25,125.1,118.26,71.52,89.16,2.61,40.2,41.2,214101.67,Normal,0
2020-12-19 13:00:00,1135.17,912.66,131.64,125.55,118.7,71.98,89.52,2.47,41.12,44.46,215255.95,Normal,0
2020-12-19 14:00:00,1130.26,912.64,132.06,125.89,119.09,72.34,89.43,2.57,40.26,46.48,214990.66,Normal,0
2020-12-19 15:00:00,1121.32,912.64,132.07,125.85,119.08,72.17,89.4,2.61,38.7,46.63,213858.41,Normal,0
2020-12-19 16:00:00,859.61,716.39,130.61,124.42,117.44,71.86,89.15,2.04,41.54,48.37,167918.96,Normal,0
2020-12-19 17:00:00,0.0,0.0,109.65,105.04,97.64,72.03,79.06,0.51,41.76,47.0,31.3,Normal,0
2020-12-19 18:00:00,0.0,0.0,98.56,95.26,88.9,70.98,69.14,0.49,34.76,34.63,19.39,Normal,0
2020-12-19 19:00:00,0.0,0.0,91.74,88.66,84.1,69.56,63.56,0.46,31.25,29.43,18.71,Normal,0
2020-12-19 20:00:00,0.0,0.0,85.25,81.79,80.7,67.77,58.83,0.47,28.13,26.22,54.88,Normal,0
2020-12-19 21:00:00,526.39,427.83,86.28,82.51,82.61,64.12,57.95,1.4,26.95,25.79,92650.82,Normal,0
2020-12-19 22:00:00,1134.89,912.55,107.63,103.1,99.7,60.33,68.41,2.39,35.89,36.07,216545.74,Normal,0
2020-12-19 23:00:00,1136.22,912.66,115.77,110.96,106.07,61.21,74.27,2.4,38.59,40.98,216055.49,Normal,0
2020-12-20 00:00:00,1127.73,912.7,120.26,115.06,109.5,62.94,77.84,2.49,37.48,43.58,212727.94,Normal,0
2020-12-20 01:00:00,1117.45,912.68,122.67,117.29,111.4,64.68,80.12,2.59,36.29,44.13,208870.69,Normal,0
2020-12-20 02:00:00,1114.81,912.66,124.46,118.95,112.83,65.83,81.91,2.67,35.5,44.14,209901.01,Normal,0
2020-12-20 03:00:00,1122.18,912.65,125.73,120.19,113.89,66.74,83.03,2.65,34.71,42.39,210485.23,Normal,0
2020-12-20 04:00:00,1124.89,912.67,126.82,121.19,114.87,67.56,84.12,2.61,34.92,43.41,212235.49,Normal,0
2020-12-20 05:00:00,1123.07,912.67,127.53,121.76,115.36,68.06,85.07,2.62,36.77,41.63,211681.19,Normal,0
2020-12-20 06:00:00,1130.68,912.62,128.2,122.36,115.96,68.67,85.78,2.63,36.37,42.24,213358.17,Normal,0
2020-12-20 07:00:00,1127.44,912.5,128.89,123.14,116.7,69.25,86.47,2.69,35.45,39.67,214906.24,Normal,0
2020-12-20 08:00:00,1132.75,912.39,129.38,123.68,117.13,69.53,87.02,2.62,35.33,41.65,215254.44,Normal,0
2020-12-20 09:00:00,1134.22,912.29,129.66,124.0,117.42,69.94,87.41,2.48,40.59,41.78,215069.14,Normal,0
2020-12-20 10:00:00,1128.58,912.27,129.97,124.36,117.74,70.19,88.17,2.54,42.16,39.6,215882.95,Normal,0
2020-12-20 11:00:00,1126.46,912.24,130.25,124.73,118.06,70.6,88.51,2.46,42.86,40.46,215209.26,Normal,0
2020-12-20 12:00:00,1128.76,912.11,130.36,124.87,118.17,70.62,88.57,2.56,42.51,39.86,216363.2,Normal,0
2020-12-20 13:00:00,1135.02,911.82,130.83,125.4,118.82,71.31,88.84,2.53,42.99,41.33,217816.89,Normal,0
2020-12-20 14:00:00,1128.27,911.65,131.45,126.08,119.57,72.16,89.47,2.5,43.86,41.87,217192.22,Normal,0
2020-12-20 15:00:00,1123.1,911.38,131.81,126.42,119.84,72.73,89.8,2.63,44.07,39.88,217500.96,Normal,0
2020-12-20 16:00:00,617.69,505.55,127.39,122.1,114.87,73.03,88.46,1.65,45.81,42.6,121869.25,Normal,0
2020-12-20 17:00:00,0.0,0.0,106.41,103.14,95.69,72.6,77.06,0.47,41.69,39.54,200.95,Normal,0
2020-12-20 18:00:00,0.0,0.0,97.24,94.77,87.87,71.21,68.38,0.47,35.14,31.75,193.49,Normal,0
2020-12-20 19:00:00,0.0,0.0,90.69,88.17,83.37,69.67,63.37,0.47,31.76,28.04,179.94,Normal,0
2020-12-20 20:00:00,0.0,0.0,84.38,81.45,79.95,67.96,58.91,0.47,28.19,24.86,132.84,Normal,0
2020-12-20 21:00:00,24.22,11.19,78.85,75.78,76.65,65.79,55.07,0.53,25.87,22.8,3480.1,Normal,0
2020-12-20 22:00:00,1117.52,901.4,97.03,93.09,91.87,60.45,62.28,2.5,31.2,27.2,211126.8,Normal,0
2020-12-20 23:00:00,1154.06,912.25,111.71,107.51,103.34,60.06,71.25,2.68,38.45,34.37,221462.59,Normal,0
2020-12-21 00:00:00,1144.51,912.27,117.82,113.39,108.15,61.79,75.9,2.74,38.98,35.13,220391.66,Normal,0
2020-12-21 01:00:00,1138.71,912.17,121.23,116.54,110.73,63.86,78.77,2.76,38.81,35.23,220644.26,Normal,0
2020-12-21 02:00:00,1147.38,912.11,123.62,118.73,112.59,68.49,80.99,2.76,38.96,34.86,220629.97,Normal,0
2020-12-21 03:00:00,1145.45,911.82,125.19,120.18,113.78,70.73,82.6,2.69,38.86,33.14,221673.43,Normal,0
2020-12-21 04:00:00,1147.35,911.69,126.07,121.01,114.5,71.17,83.62,2.73,38.85,33.6,222710.63,Normal,0
2020-12-21 05:00:00,1156.64,911.69,127.12,122.02,115.46,71.84,84.46,2.69,38.78,36.33,223691.88,Normal,0
2020-12-21 06:00:00,1150.37,911.75,127.84,122.72,116.02,71.98,85.26,2.68,38.6,35.66,221737.18,Normal,0
2020-12-21 07:00:00,1140.68,911.79,127.93,122.85,116.1,72.2,85.68,2.61,38.55,36.12,218412.43,Normal,0
2020-12-21 08:00:00,548.03,454.73,121.78,116.88,109.72,72.32,83.76,1.6,40.89,38.05,105792.32,Normal,0
2020-12-21 09:00:00,0.0,0.0,99.96,96.01,93.46,70.66,71.13,0.47,36.87,34.44,603.04,Normal,0
2020-12-21 10:00:00,0.0,0.0,90.44,86.18,88.25,69.12,63.74,0.47,31.32,27.26,178.02,Normal,0
2020-12-21 11:00:00,0.0,0.0,84.14,80.39,83.41,67.13,60.04,0.47,28.65,23.45,535.97,Normal,0
2020-12-21 12:00:00,0.0,0.0,79.15,75.96,79.0,64.98,57.28,0.47,26.94,21.53,406.71,Normal,0
2020-12-21 13:00:00,0.0,0.0,74.93,72.18,75.18,62.76,54.92,0.47,25.54,21.36,341.05,Normal,0
2020-12-21 14:00:00,0.0,0.0,71.45,68.99,72.01,60.81,52.87,0.47,24.96,21.7,378.96,Normal,0
2020-12-21 15:00:00,757.97,626.81,83.06,80.25,81.12,58.29,56.09,1.86,29.42,26.33,143896.06,Normal,0
2020-12-21 16:00:00,1073.1,883.5,100.78,97.73,94.76,59.01,64.92,2.6,36.05,36.83,200089.53,Normal,0
2020-12-21 17:00:00,1141.07,912.42,112.5,109.03,104.64,63.87,71.52,2.63,39.69,41.96,216997.47,Normal,0
2020-12-21 18:00:00,1127.49,912.39,118.74,115.01,109.77,68.36,76.83,2.66,41.32,41.02,214827.21,Normal,0
2020-12-21 19:00:00,1138.5,912.34,122.85,118.9,113.15,70.54,80.88,2.65,41.48,40.86,215565.7,Normal,0
2020-12-21 20:00:00,1132.96,912.29,125.52,121.42,115.28,71.1,83.61,2.65,39.95,39.47,216135.08,Normal,0
2020-12-21 21:00:00,1130.5,912.26,126.8,122.59,116.12,70.69,85.04,2.76,38.28,38.34,216143.8,Normal,0
2020-12-21 22:00:00,1134.65,912.27,127.8,123.54,116.92,70.74,86.09,2.77,37.68,38.26,215769.55,Normal,0
2020-12-21 23:00:00,1133.35,912.24,128.25,123.94,117.18,70.44,86.63,2.82,36.06,37.08,214646.54,Normal,0
2020-12-22 00:00:00,1128.82,912.26,128.45,124.11,117.28,69.96,86.8,2.76,34.06,36.53,216185.97,Normal,0
2020-12-22 01:00:00,1133.39,912.22,128.53,124.21,117.32,69.79,86.17,2.77,32.54,36.41,217378.72,Normal,0
2020-12-22 02:00:00,1136.72,912.24,128.45,124.1,117.21,69.4,85.53,2.81,31.43,35.8,217319.19,Normal,0
2020-12-22 03:00:00,1140.28,912.24,128.39,123.98,117.11,69.17,85.23,2.81,31.07,36.13,218782.91,Normal,0
2020-12-22 04:00:00,1132.64,912.31,128.25,123.87,117.07,69.14,85.1,2.85,30.7,34.36,216358.5,Normal,0
2020-12-22 05:00:00,1137.81,912.27,128.23,123.87,117.08,69.16,85.08,2.86,30.13,32.72,218332.82,Normal,0
2020-12-22 06:00:00,1149.1,912.2,128.31,123.93,117.11,69.26,84.91,2.86,29.13,31.34,219074.8,Normal,0
2020-12-22 07:00:00,1134.34,912.25,127.83,123.56,116.68,69.08,84.85,2.86,29.16,31.72,216984.81,Normal,0
2020-12-22 08:00:00,1124.52,912.26,127.33,123.14,116.3,68.62,84.45,2.78,30.68,31.36,216167.78,Normal,0
2020-12-22 09:00:00,1122.14,912.29,127.42,123.27,116.63,68.95,84.69,2.51,38.73,33.47,214006.58,Normal,0
2020-12-22 10:00:00,1125.0,912.17,128.21,124.01,117.58,69.91,85.69,2.5,41.75,36.72,214308.33,Normal,0
2020-12-22 11:00:00,1121.49,912.17,129.15,124.98,118.56,70.87,86.61,2.44,41.19,40.78,215199.57,Normal,0
2020-12-22 12:00:00,1126.31,912.24,130.28,126.12,119.73,71.96,87.51,2.41,43.29,41.85,214661.11,Normal,0
2020-12-22 13:00:00,1132.17,912.19,131.26,127.04,120.63,73.46,88.21,2.39,45.21,43.32,216302.08,Normal,0
2020-12-22 14:00:00,1133.28,912.25,131.96,127.69,121.27,73.97,88.75,2.51,44.92,43.4,216775.56,Normal,0
2020-12-22 15:00:00,1125.0,912.17,132.42,128.22,121.76,74.96,89.52,2.66,44.31,44.75,215548.53,Normal,0
2020-12-22 16:00:00,1121.07,912.07,132.79,128.61,122.11,74.98,90.0,2.63,44.79,44.87,215362.54,Normal,0
2020-12-22 17:00:00,1137.38,911.55,133.06,128.86,122.32,74.87,90.5,2.54,43.75,44.09,217610.13,Normal,0
2020-12-22 18:00:00,1142.89,911.03,133.28,129.04,122.47,74.7,90.7,2.45,43.14,42.53,220963.13,Normal,0
2020-12-22 19:00:00,1138.21,911.21,133.03,128.75,122.11,73.92,90.37,2.42,41.76,40.79,220410.04,Normal,0
2020-12-22 20:00:00,512.99,418.99,125.79,121.9,114.85,73.47,87.6,1.38,43.29,42.65,100417.55,Normal,0
2020-12-22 21:00:00,0.0,0.0,103.68,101.24,98.71,72.93,75.03,0.47,40.74,41.72,205.82,Normal,0
2020-12-22 22:00:00,0.0,0.0,94.04,91.62,93.32,71.89,66.87,0.47,34.64,34.16,98.57,Normal,0
2020-12-22 23:00:00,0.0,0.0,87.11,84.48,88.31,70.45,61.4,0.47,30.39,29.28,161.25,Normal,0
2020-12-23 00:00:00,555.91,438.54,88.72,85.49,89.08,66.55,60.09,1.49,27.53,25.63,104096.82,Normal,0
2020-12-23 01:00:00,1152.51,912.32,110.59,106.57,103.78,62.42,70.16,2.65,32.42,33.88,222204.18,Normal,0
2020-12-23 02:00:00,1139.86,912.44,117.23,113.44,108.33,62.57,74.81,2.62,36.96,38.03,218452.29,Normal,0
2020-12-23 03:00:00,1139.5,912.39,120.54,116.73,110.82,63.72,77.5,2.59,37.15,38.54,219418.99,Normal,0
2020-12-23 04:00:00,1143.68,912.29,122.67,118.79,112.54,64.94,79.53,2.48,34.86,38.48,221522.42,Normal,0
2020-12-23 05:00:00,1146.63,912.23,124.03,120.08,113.64,65.78,80.78,2.63,33.93,35.22,221194.61,Normal,0
2020-12-23 06:00:00,1151.56,912.22,124.78,120.69,114.22,66.0,81.53,2.66,35.82,34.2,220740.24,Normal,0
2020-12-23 07:00:00,1151.39,912.17,125.32,121.14,114.66,66.18,81.74,2.71,34.53,34.49,222093.19,Normal,0
2020-12-23 08:00:00,883.37,713.94,120.82,116.94,110.11,66.03,80.49,2.26,33.51,34.87,168369.58,Normal,0
2020-12-23 09:00:00,1152.71,912.46,122.7,118.78,112.69,66.63,80.61,2.55,35.4,38.93,220850.85,Normal,0
2020-12-23 10:00:00,1155.52,912.52,125.98,122.11,116.06,68.97,83.07,2.49,37.02,42.3,220497.95,Normal,0
2020-12-23 11:00:00,1151.31,912.48,128.64,124.76,118.75,70.98,85.97,2.52,37.38,43.02,222267.46,Normal,0
2020-12-23 12:00:00,1147.45,912.49,130.77,126.83,120.73,72.27,88.77,2.51,37.78,43.54,221705.37,Normal,0
2020-12-23 13:00:00,1143.21,912.49,132.1,128.08,121.84,72.98,89.54,2.59,39.21,42.72,220349.98,Normal,0
2020-12-23 14:00:00,1140.51,912.48,132.86,128.8,122.51,73.41,90.03,2.61,39.44,42.33,218361.79,Normal,0
2020-12-23 15:00:00,1130.89,912.55,132.86,128.94,122.63,73.84,90.1,2.8,38.85,42.07,216147.48,Normal,0
2020-12-23 16:00:00,1129.53,912.46,132.67,128.84,122.52,74.35,89.85,2.85,38.02,41.2,216206.44,Normal,0
2020-12-23 17:00:00,1136.54,912.38,132.11,128.34,121.94,73.73,89.8,2.86,37.21,39.95,216023.07,Normal,0
2020-12-23 18:00:00,1138.24,912.34,131.49,127.73,121.39,72.85,89.59,2.82,36.31,38.91,215744.66,Normal,0
2020-12-23 19:00:00,1131.45,912.31,130.64,126.99,120.59,72.02,88.65,2.77,35.85,37.78,216077.91,Normal,0
2020-12-23 20:00:00,1126.08,912.38,129.83,126.23,119.74,71.18,87.73,2.92,34.7,36.56,216281.16,Normal,0
2020-12-23 21:00:00,1128.03,912.31,128.92,125.37,118.78,70.09,86.87,3.06,33.94,34.85,216639.91,Normal,0
2020-12-23 22:00:00,1135.21,912.31,128.11,124.51,117.91,68.95,86.04,3.11,33.74,33.61,217511.99,Normal,0
2020-12-23 23:00:00,1143.04,912.31,127.46,123.85,117.25,68.14,85.33,2.65,33.14,32.21,218109.9,Normal,0
2020-12-24 00:00:00,1135.95,912.3,126.62,122.98,116.42,67.4,84.66,2.53,32.42,31.52,216132.16,Normal,0
2020-12-24 01:00:00,1129.26,912.24,125.86,122.28,115.76,66.99,84.16,2.39,32.08,31.41,217084.59,Normal,0
2020-12-24 02:00:00,1134.66,912.19,125.48,121.88,115.42,66.6,83.65,2.4,30.84,30.49,218490.13,Normal,0
2020-12-24 03:00:00,1132.77,912.18,125.06,121.48,115.0,66.2,83.39,2.45,32.07,28.71,218945.13,Normal,0
2020-12-24 04:00:00,1125.87,912.34,124.5,120.93,114.43,65.92,83.06,2.34,32.23,26.84,216735.39,Normal,0
2020-12-24 05:00:00,1126.89,912.45,123.85,120.31,113.76,65.51,82.73,2.22,31.79,25.88,215175.58,Normal,0
2020-12-24 06:00:00,1132.68,912.32,123.42,119.83,113.37,65.13,82.37,2.46,32.51,25.42,215544.75,Normal,0
2020-12-24 07:00:00,1136.88,912.25,123.11,119.52,113.02,64.75,81.87,2.42,32.67,24.48,216391.65,Normal,0
2020-12-24 08:00:00,1144.58,911.98,122.8,119.14,112.74,64.35,81.65,2.36,34.29,25.09,216570.84,Normal,0
2020-12-24 09:00:00,1133.71,912.24,123.1,119.46,113.34,65.23,82.02,2.42,37.81,27.63,215462.67,Normal,0
2020-12-24 10:00:00,668.15,544.45,117.36,114.31,107.77,66.2,81.01,1.56,41.13,31.34,126931.94,Normal,0
2020-12-24 11:00:00,1149.8,911.59,118.71,115.43,109.94,65.75,79.17,2.46,38.5,30.79,220904.55,Normal,0
2020-12-24 12:00:00,1137.77,912.61,122.73,119.23,113.67,67.06,81.38,2.55,39.72,32.84,217178.9,Normal,0
2020-12-24 13:00:00,1138.41,912.59,124.75,121.22,115.49,67.55,82.41,2.51,39.34,33.01,219144.21,Normal,0
2020-12-24 14:00:00,1137.95,912.43,126.05,122.47,116.59,68.04,83.04,2.47,39.31,33.03,216373.52,Normal,0
2020-12-24 15:00:00,1130.86,912.69,126.91,123.34,117.42,68.83,84.0,2.41,39.44,33.21,216932.78,Normal,0
2020-12-24 16:00:00,604.16,490.04,122.29,119.09,112.51,69.46,83.2,1.41,41.39,35.78,117317.07,Normal,0
2020-12-24 17:00:00,592.55,471.51,107.85,106.25,99.82,67.86,74.83,1.31,37.96,34.56,99838.65,Normal,0
2020-12-24 21:00:00,1138.32,912.68,124.12,120.5,114.47,65.85,80.86,2.18,41.17,29.39,221302.29,Normal,0
2020-12-24 22:00:00,1157.16,912.72,124.46,120.73,114.65,65.78,81.08,2.24,37.55,28.59,223324.31,Normal,0
2020-12-24 23:00:00,1151.33,912.82,124.51,120.78,114.65,65.66,81.31,2.22,35.29,27.87,223077.63,Normal,0
2020-12-25 00:00:00,1146.59,912.8,124.32,120.64,114.49,65.78,81.33,2.24,33.53,27.51,223580.83,Normal,0
2020-12-25 01:00:00,1157.26,912.79,124.39,120.66,114.5,65.74,81.2,2.16,31.29,26.99,226476.14,Normal,0
2020-12-25 02:00:00,1158.07,912.79,124.19,120.46,114.25,65.43,81.05,2.18,29.17,26.61,227110.03,Normal,0
2020-12-25 03:00:00,1147.44,912.75,124.06,120.38,114.18,65.18,81.0,2.18,28.8,26.72,228538.26,Normal,0
2020-12-25 04:00:00,1157.17,912.77,124.01,120.33,114.07,64.81,80.85,2.14,28.39,26.5,229406.95,Normal,0
2020-12-25 05:00:00,1152.11,912.73,123.82,120.15,113.91,64.66,80.93,2.22,28.45,26.62,226492.41,Normal,0
2020-12-25 06:00:00,1130.95,912.59,123.51,119.83,113.61,64.31,80.85,2.05,28.77,25.9,215271.05,Normal,0
2020-12-25 07:00:00,1138.59,912.7,122.13,118.54,112.31,64.04,80.48,2.24,29.68,26.39,224368.95,Normal,0
2020-12-25 08:00:00,943.1,539.65,118.25,114.88,108.4,64.51,79.16,1.45,31.36,29.39,132087.92,Normal,0
2020-12-25 09:00:00,1100.0,0.0,95.85,93.85,91.19,65.12,67.84,0.52,31.5,30.04,110.55,Normal,0
2020-12-25 10:00:00,1100.0,0.0,86.26,83.26,85.7,65.18,59.6,0.52,28.25,27.04,631.17,Normal,0
2020-12-25 11:00:00,1100.0,0.0,80.06,77.42,81.3,64.74,55.96,0.52,26.66,25.75,309.2,Normal,0
2020-12-25 12:00:00,1100.0,0.0,75.54,73.24,77.27,63.33,53.54,0.52,25.93,25.25,842.87,Normal,0
2020-12-25 13:00:00,73.33,0.01,71.98,70.11,73.28,61.46,51.71,0.5,25.41,24.97,923.55,Normal,0
2020-12-25 14:00:00,0.0,0.0,69.05,67.75,68.85,59.23,49.33,0.51,24.06,23.51,664.8,Normal,0
2020-12-25 15:00:00,196.55,156.9,68.77,67.65,66.31,55.93,47.77,0.83,23.59,22.81,38637.74,Normal,0
2020-12-25 16:00:00,439.24,333.83,74.23,72.36,69.51,50.26,52.14,1.21,27.79,28.82,73581.94,Normal,0
2020-12-25 17:00:00,1129.98,912.39,91.19,88.62,85.93,49.98,57.96,2.38,31.93,30.61,212976.19,Normal,0
2020-12-25 18:00:00,1137.64,912.64,103.32,100.49,96.93,53.51,64.4,2.29,34.0,33.06,216834.29,Normal,0
2020-12-25 19:00:00,1129.16,912.62,109.81,106.86,102.47,56.99,69.21,2.31,32.9,32.06,216178.9,Normal,0
2020-12-25 20:00:00,1125.59,912.64,114.15,111.12,106.24,59.83,73.15,2.23,31.29,30.55,216964.62,Normal,0
2020-12-25 21:00:00,1125.38,912.56,117.17,114.12,108.88,62.05,77.76,2.3,30.88,30.13,219466.25,Normal,0
2020-12-25 22:00:00,1150.24,912.44,119.6,116.44,110.94,63.74,79.67,2.24,30.86,29.36,221843.71,Normal,0
2020-12-25 23:00:00,1143.27,912.5,121.06,117.86,112.14,65.09,80.16,2.25,30.85,29.46,220393.1,Normal,0
2020-12-26 00:00:00,1133.87,912.6,121.77,118.6,112.73,65.95,80.83,2.28,31.45,29.72,216472.62,Normal,0
2020-12-26 01:00:00,1123.94,912.26,121.95,118.81,112.84,66.0,81.3,2.2,31.08,28.9,211504.08,Normal,0
2020-12-26 02:00:00,694.69,565.45,117.07,114.2,107.83,66.11,80.75,1.49,31.43,30.01,129574.75,Normal,0
2020-12-26 03:00:00,1125.17,912.44,115.01,111.87,106.88,63.73,77.4,2.4,29.44,27.94,216238.78,Normal,0
2020-12-26 04:00:00,1141.25,912.59,119.01,115.84,110.22,63.51,78.49,2.27,29.7,28.51,220848.67,Normal,0
2020-12-26 05:00:00,1143.42,912.39,120.17,117.04,111.17,63.3,79.11,2.3,28.93,27.95,220583.02,Normal,0
2020-12-26 06:00:00,1149.98,912.32,120.86,117.71,111.7,63.34,79.52,2.28,28.42,27.31,224062.87,Normal,0
2020-12-26 07:00:00,1151.02,912.42,121.31,118.18,112.11,63.51,79.84,2.31,28.42,27.07,223697.87,Normal,0
2020-12-26 08:00:00,1149.27,912.46,121.64,118.46,112.37,63.99,80.23,2.25,28.63,27.57,222232.47,Normal,0
2020-12-26 09:00:00,1150.61,912.34,122.29,119.13,113.1,64.92,81.0,2.3,29.25,28.29,224971.51,Normal,0
2020-12-26 10:00:00,1156.62,912.45,123.37,120.21,114.22,65.92,82.12,2.24,30.08,29.32,223707.91,Normal,0
2020-12-26 11:00:00,1129.03,912.57,123.86,120.73,114.78,67.21,82.94,2.26,31.16,30.38,218585.41,Normal,0
2020-12-26 12:00:00,1120.31,912.59,124.52,121.48,115.55,68.76,83.67,2.25,32.49,31.72,216652.28,Normal,0
2020-12-26 13:00:00,1120.59,912.57,125.46,122.46,116.53,70.23,84.76,2.22,33.67,32.65,217612.63,Normal,0
2020-12-26 14:00:00,1133.38,912.39,126.71,123.7,117.77,71.26,86.3,2.28,34.5,33.37,219844.51,Normal,0
2020-12-26 15:00:00,1128.03,912.38,127.71,124.69,118.71,72.24,87.73,2.28,35.05,33.76,218125.72,Normal,0
2020-12-26 16:00:00,1120.9,912.35,127.97,124.97,118.92,72.99,88.3,2.32,35.09,33.53,216085.6,Normal,0
2020-12-26 17:00:00,1137.49,912.27,128.19,125.11,119.02,72.46,88.18,2.27,34.54,32.81,217840.75,Normal,0
2020-12-26 18:00:00,1132.25,911.86,128.13,124.99,118.83,71.76,88.64,2.29,33.76,31.94,222209.99,Normal,0
2020-12-26 19:00:00,1132.46,911.62,127.76,124.62,118.34,70.64,88.03,2.18,32.36,30.62,220565.5,Normal,0
2020-12-26 20:00:00,1146.53,911.96,127.02,123.85,117.52,69.53,87.11,2.35,31.43,29.69,223998.87,Normal,0
2020-12-26 21:00:00,1138.88,912.07,126.35,123.19,116.85,68.09,86.23,2.29,30.56,29.16,222174.3,Normal,0
2020-12-26 22:00:00,1140.95,912.01,125.47,122.29,115.95,66.84,84.97,2.3,29.89,28.17,221006.5,Normal,0
2020-12-26 23:00:00,1142.5,911.94,124.67,121.46,115.15,65.97,83.69,2.32,28.74,27.14,222522.75,Normal,0
2020-12-27 00:00:00,1146.93,911.99,124.13,120.93,114.63,65.52,82.61,2.33,28.57,27.19,225793.07,Normal,0
2020-12-27 01:00:00,1133.69,912.16,123.55,120.41,114.04,65.18,81.85,2.3,28.18,26.58,221501.68,Normal,0
2020-12-27 02:00:00,1001.12,811.76,122.3,119.23,112.81,64.41,80.97,2.0,28.1,26.71,195633.39,Normal,0
2020-12-27 03:00:00,914.35,729.41,113.14,110.4,104.18,63.6,76.81,2.02,28.06,26.15,173848.55,Normal,0
2020-12-27 04:00:00,1166.05,912.08,118.67,115.48,109.74,63.62,78.4,2.35,27.07,26.2,228908.36,Normal,0
2020-12-27 05:00:00,1170.25,912.07,120.37,117.19,111.28,63.5,79.69,2.33,26.63,26.4,228727.57,Normal,0
2020-12-27 06:00:00,1171.49,912.06,121.34,118.09,112.1,63.48,80.41,2.37,26.6,26.53,229185.9,Normal,0
2020-12-27 07:00:00,1170.69,912.14,121.86,118.62,112.6,63.51,80.75,2.33,26.68,27.0,230803.5,Normal,0
2020-12-27 08:00:00,1168.64,912.26,122.12,119.06,112.96,64.02,80.93,2.35,27.37,27.52,229320.57,Normal,0
2020-12-27 09:00:00,1152.78,912.15,122.38,119.4,113.51,64.97,81.64,2.4,29.2,29.25,224110.1,Normal,0
2020-12-27 10:00:00,1151.77,912.1,123.16,120.28,114.56,66.08,82.35,2.43,31.35,31.33,222969.28,Normal,0
2020-12-27 11:00:00,920.31,774.08,122.38,119.72,113.89,67.31,82.78,2.03,33.14,32.81,180822.89,Normal,0
2020-12-27 12:00:00,0.0,0.0,100.59,100.67,93.9,67.28,74.61,0.49,36.67,38.01,32.05,Normal,0
2020-12-27 13:00:00,0.0,0.0,89.79,90.92,85.23,65.6,65.41,0.47,32.52,32.55,15.01,Normal,0
2020-12-27 14:00:00,0.0,0.0,84.04,84.91,79.55,64.21,59.99,0.46,29.83,28.94,14.21,Normal,0
2020-12-27 15:00:00,0.0,0.0,79.26,79.89,73.99,62.54,55.84,0.46,28.01,26.76,70.02,Normal,0
2020-12-27 16:00:00,0.0,0.0,75.13,75.45,69.95,60.4,52.85,0.47,26.63,25.21,6.18,Normal,0
2020-12-27 17:00:00,122.15,100.06,73.15,73.04,68.24,57.53,51.08,0.66,25.87,24.12,26515.32,Normal,0
2020-12-27 18:00:00,0.0,0.0,70.88,70.34,66.74,54.46,51.6,0.49,28.51,27.5,85.47,Normal,0
2020-12-27 19:00:00,0.0,0.0,65.96,65.46,63.28,52.13,48.65,0.46,26.96,25.6,35.46,Normal,0
2020-12-27 20:00:00,693.18,550.49,73.22,71.62,70.41,49.23,49.75,1.77,26.98,24.26,132063.24,Normal,0
2020-12-27 21:00:00,1143.08,912.39,95.82,93.32,90.76,50.07,58.96,2.65,29.44,30.03,221064.15,Normal,0
2020-12-27 22:00:00,1128.26,912.42,104.16,101.89,98.1,52.87,64.61,2.62,28.7,30.28,217693.3,Normal,0
2020-12-27 23:00:00,1121.12,912.52,108.54,106.36,101.72,55.77,68.36,2.77,28.38,29.42,215667.44,Normal,0
2020-12-28 00:00:00,1118.57,912.59,111.55,109.42,104.45,58.2,71.14,2.71,29.38,30.09,216152.52,Normal,0
2020-12-28 01:00:00,1121.95,912.51,113.67,111.49,106.29,59.82,73.18,2.61,29.22,29.05,214654.45,Normal,0
2020-12-28 02:00:00,1128.03,912.46,115.14,112.94,107.55,61.18,74.61,2.64,28.68,28.03,218349.55,Normal,0
2020-12-28 03:00:00,1128.59,912.47,116.11,113.91,108.46,62.35,75.71,2.7,29.04,28.08,218170.92,Normal,0
2020-12-28 04:00:00,1128.35,912.44,116.79,114.56,109.1,62.6,76.47,2.73,29.36,28.15,217954.34,Normal,0
2020-12-28 05:00:00,1131.62,912.45,117.2,114.93,109.4,62.89,76.94,2.71,29.78,28.89,217414.11,Normal,0
2020-12-28 06:00:00,1037.14,866.43,115.32,113.21,107.49,62.33,76.66,2.46,30.37,29.04,195975.53,Normal,0
2020-12-28 07:00:00,1138.69,912.48,115.57,113.29,107.79,61.61,76.62,2.69,30.06,28.63,217487.83,Normal,0
2020-12-28 08:00:00,1118.38,912.27,115.99,113.73,108.15,61.52,76.5,2.68,29.33,28.4,214733.58,Normal,0
2020-12-28 09:00:00,1115.6,912.46,116.13,113.94,108.37,61.92,76.59,2.79,29.56,29.0,214379.87,Normal,0
2020-12-28 10:00:00,1129.52,912.31,117.01,114.8,109.31,62.87,77.04,2.69,30.37,30.04,220066.12,Normal,0
2020-12-28 11:00:00,1119.67,912.28,117.94,115.76,110.34,64.04,77.79,2.73,31.28,30.74,218862.76,Normal,0
2020-12-28 12:00:00,1105.76,912.37,118.49,116.31,110.96,65.2,78.66,2.84,32.28,31.59,212692.26,Normal,0
2020-12-28 13:00:00,1113.92,912.16,119.39,117.24,111.91,66.37,79.61,2.75,33.17,32.58,215027.44,Normal,0
2020-12-28 14:00:00,668.96,553.41,114.11,112.64,106.94,67.24,78.6,1.73,34.72,35.18,131865.1,Normal,0
2020-12-28 15:00:00,1122.99,912.44,115.1,113.2,108.47,66.7,77.57,2.85,34.04,33.39,214993.92,Normal,0
2020-12-28 16:00:00,1115.68,912.44,118.22,116.16,111.14,66.55,79.58,2.87,33.2,36.2,213457.09,Normal,0
2020-12-28 17:00:00,1118.69,912.39,119.15,117.17,111.94,65.59,80.38,2.76,32.14,38.11,214529.19,Normal,0
2020-12-28 18:00:00,1122.96,912.36,119.44,117.48,112.13,64.65,80.5,2.72,31.22,36.33,216141.69,Normal,0
2020-12-28 19:00:00,1119.12,912.34,119.29,117.34,111.94,64.2,80.45,2.7,30.7,33.17,216303.89,Normal,0
2020-12-28 20:00:00,1132.19,912.29,119.13,117.23,111.73,64.18,80.17,2.63,30.7,31.17,217138.18,Normal,0
2020-12-28 21:00:00,1123.37,912.22,119.04,117.08,111.52,64.08,80.0,2.62,30.43,30.28,217601.04,Normal,0
2020-12-28 22:00:00,1116.3,912.2,118.59,116.69,111.1,63.69,79.66,2.59,30.01,29.6,217736.81,Normal,0
2020-12-28 23:00:00,1124.75,912.2,118.22,116.27,110.69,63.26,79.22,2.55,29.6,29.15,217290.63,Normal,0
2020-12-29 00:00:00,1121.5,912.16,117.9,116.03,110.45,62.91,78.73,2.55,29.36,28.8,219375.1,Normal,0
2020-12-29 01:00:00,1118.68,912.14,117.72,115.92,110.32,62.9,78.37,2.58,29.2,28.69,220836.48,Normal,0
2020-12-29 02:00:00,1123.44,912.08,117.7,115.9,110.24,62.75,78.2,2.83,28.85,31.22,222652.24,Normal,0
2020-12-29 03:00:00,1130.19,912.07,117.64,115.83,110.18,62.6,78.1,2.76,28.95,35.13,221345.3,Normal,0
2020-12-29 04:00:00,1127.76,912.01,117.6,115.79,110.16,62.58,78.1,2.55,28.91,31.15,221747.46,Normal,0
2020-12-29 05:00:00,1132.38,912.13,117.58,115.73,110.15,62.36,78.1,2.57,29.17,29.36,219610.19,Normal,0
2020-12-29 06:00:00,423.33,347.05,108.33,107.51,100.99,60.97,75.26,1.19,29.41,30.05,82540.18,Normal,0
2020-12-29 07:00:00,0.0,0.0,85.1,87.59,80.43,57.11,63.14,0.49,27.71,28.21,159.21,Normal,0
2020-12-29 08:00:00,0.0,0.0,77.93,79.7,74.68,55.91,56.34,0.52,26.16,24.63,140.38,Normal,0
2020-12-29 09:00:00,13.39,4.38,73.11,73.6,71.66,54.07,52.91,0.53,23.81,22.33,1550.96,Normal,0
2020-12-29 10:00:00,1090.55,902.72,90.64,88.57,86.69,52.07,58.07,2.54,26.61,26.45,205845.4,Normal,0
2020-12-29 11:00:00,1099.33,912.66,101.99,99.87,96.19,53.69,64.28,3.03,28.02,29.68,207202.48,Normal,0
2020-12-29 12:00:00,1095.18,912.59,106.17,104.27,99.89,55.34,67.39,2.45,28.49,28.63,205311.44,Normal,0
2020-12-29 13:00:00,1107.72,912.71,109.01,107.19,102.44,57.15,69.74,2.51,28.96,28.54,210430.75,Normal,0
2020-12-29 14:00:00,1125.93,912.81,111.6,109.8,104.76,58.1,71.44,2.47,28.48,27.1,218209.39,Normal,0
2020-12-29 15:00:00,1117.43,912.85,113.13,111.3,106.14,59.16,72.82,2.47,28.76,27.17,215752.58,Normal,0
2020-12-29 16:00:00,1103.02,912.82,113.77,111.99,106.75,60.19,73.76,2.5,29.1,27.24,210741.61,Normal,0
2020-12-29 17:00:00,1103.83,912.85,114.11,112.36,107.05,61.06,74.35,2.48,29.17,27.05,208827.42,Normal,0
2020-12-29 18:00:00,1102.83,912.85,114.23,112.45,107.15,61.49,74.72,2.39,29.38,27.12,209520.22,Normal,0
2020-12-29 19:00:00,1107.2,912.81,114.36,112.61,107.21,61.5,74.72,2.35,29.13,26.76,209936.21,Normal,0
2020-12-29 20:00:00,1125.16,912.79,115.19,113.43,108.04,61.67,74.95,2.28,29.24,27.23,219774.87,Normal,0
2020-12-29 21:00:00,1134.6,912.73,116.1,114.29,108.89,62.27,75.31,2.27,29.38,27.34,221385.23,Normal,0
2020-12-29 22:00:00,1120.52,912.64,116.43,114.61,109.19,63.39,75.94,2.22,29.6,27.76,213202.44,Normal,0
2020-12-29 23:00:00,1137.06,912.71,117.02,115.2,109.78,63.84,76.56,2.12,29.71,27.67,224430.34,Normal,0
2020-12-30 00:00:00,1131.89,912.71,117.37,115.52,110.05,63.89,78.31,1.9,29.44,27.34,223190.24,Normal,0
2020-12-30 01:00:00,1133.58,912.64,117.68,115.91,110.35,63.95,77.74,1.92,29.27,26.92,223962.34,Normal,0
2020-12-30 02:00:00,1132.49,912.63,117.8,116.01,110.41,63.71,77.6,1.97,28.75,26.18,224624.01,Normal,0
2020-12-30 03:00:00,1145.83,912.57,117.91,116.04,110.45,63.36,77.55,1.96,28.39,25.63,225329.22,Normal,0
2020-12-30 04:00:00,1144.15,912.53,117.92,116.05,110.43,63.19,77.4,1.97,28.41,25.76,224194.65,Normal,0
2020-12-30 05:00:00,1148.31,912.43,118.18,116.23,110.7,63.21,77.4,1.95,28.68,26.3,223826.65,Normal,0
2020-12-30 06:00:00,1161.82,912.51,118.43,116.44,110.87,63.1,77.52,2.22,29.02,26.51,228004.93,Normal,0
2020-12-30 07:00:00,1157.64,912.52,118.75,116.77,111.09,63.37,77.51,2.33,28.3,25.37,229467.81,Normal,0
2020-12-30 08:00:00,1147.15,912.62,118.48,116.57,110.91,62.99,77.7,2.32,28.37,25.61,225491.78,Normal,0
2020-12-30 09:00:00,1121.37,912.56,118.18,116.29,110.69,62.67,77.8,2.29,28.72,26.28,217444.94,Normal,0
2020-12-30 10:00:00,1130.73,912.64,117.36,115.56,109.98,62.45,77.64,2.29,29.23,26.88,218478.03,Normal,0
2020-12-30 11:00:00,1147.04,912.46,118.11,116.25,110.77,62.8,77.78,2.33,29.79,27.8,222340.05,Normal,0
2020-12-30 12:00:00,1158.77,912.51,118.96,117.05,111.49,62.9,78.13,2.35,29.73,27.35,226500.27,Normal,0
2020-12-30 13:00:00,1163.82,912.52,119.57,117.62,112.05,63.24,78.34,2.39,29.98,27.5,228105.64,Normal,0
2020-12-30 14:00:00,1161.5,912.56,120.17,118.19,112.65,63.87,78.81,2.46,30.3,27.83,226604.5,Normal,0
2020-12-30 15:00:00,1150.24,912.57,120.34,118.39,112.82,65.56,79.24,2.54,30.5,27.89,226057.86,Normal,0
2020-12-30 16:00:00,1134.03,912.55,120.27,118.39,112.77,66.19,79.35,2.52,30.33,27.55,224362.34,Normal,0
2020-12-30 17:00:00,1138.26,912.53,119.74,117.87,112.21,64.77,79.15,2.51,30.02,27.14,221303.51,Normal,0
2020-12-30 18:00:00,1141.04,912.54,119.18,117.31,111.62,63.41,78.71,2.53,29.21,26.37,222016.67,Normal,0
2020-12-30 19:00:00,1138.78,912.58,118.68,116.79,111.13,62.47,78.25,2.58,28.41,25.44,222725.64,Normal,0
2020-12-30 20:00:00,1137.83,912.6,118.16,116.27,110.57,61.82,77.46,2.61,27.53,24.55,223719.07,Normal,0
2020-12-30 21:00:00,1144.28,912.6,117.67,115.86,110.07,61.33,76.66,2.6,26.87,23.98,224935.16,Normal,0
2020-12-30 22:00:00,1142.68,912.61,117.06,115.22,109.42,60.82,76.0,2.57,26.26,23.38,223741.24,Normal,0
2020-12-30 23:00:00,1137.98,912.57,116.42,114.6,108.79,60.38,75.49,2.62,25.56,22.87,222667.27,Normal,0
2020-12-31 00:00:00,1121.15,912.84,115.22,113.49,107.57,59.74,74.85,2.78,25.19,22.83,216995.63,Normal,0
2020-12-31 01:00:00,1124.33,912.85,114.46,112.78,106.88,59.24,74.12,2.74,24.87,23.03,221137.84,Normal,0
2020-12-31 02:00:00,1134.06,912.85,114.02,112.31,106.44,58.61,73.57,2.78,24.19,22.94,221741.85,Normal,0
2020-12-31 03:00:00,1132.51,912.85,113.61,111.89,106.03,58.14,73.21,2.78,23.63,23.13,221592.72,Normal,0
2020-12-31 04:00:00,1138.6,912.85,113.2,111.51,105.64,57.78,72.75,2.72,23.48,23.77,220664.21,Normal,0
2020-12-31 05:00:00,1131.1,912.85,112.67,111.01,105.13,57.4,72.5,2.68,23.4,24.05,218572.78,Normal,0
2020-12-31 06:00:00,1134.14,912.81,112.51,110.88,104.98,57.28,72.39,2.61,23.36,24.13,220678.98,Normal,0
2020-12-31 07:00:00,1132.85,912.51,112.16,110.54,104.69,57.2,72.16,2.58,23.22,24.14,217502.17,Normal,0
2020-12-31 08:00:00,1147.02,912.34,112.47,110.75,104.99,57.17,72.21,2.54,23.51,27.81,219338.56,Normal,0
2020-12-31 09:00:00,1152.38,912.16,113.08,111.31,105.77,57.91,72.57,2.61,25.13,29.95,223135.61,Normal,0
2020-12-31 10:00:00,94.57,79.99,97.92,98.33,92.1,58.97,68.33,0.69,28.92,36.58,20489.52,Normal,0
2020-12-31 11:00:00,1035.97,823.1,99.73,99.17,94.59,56.59,65.22,2.63,26.71,29.24,194090.83,Normal,0
2020-12-31 12:00:00,1141.66,912.71,109.39,107.48,102.78,57.27,69.84,3.01,27.38,30.84,218070.86,Normal,0
2020-12-31 13:00:00,1143.44,912.46,112.45,110.55,105.68,58.44,72.33,2.64,27.97,29.39,218223.42,Normal,0
2020-12-31 14:00:00,515.2,408.63,100.0,99.43,93.66,56.33,69.05,1.72,28.29,29.91,97735.16,Normal,0
2020-12-31 15:00:00,1151.09,912.67,107.29,105.64,101.11,56.48,68.91,2.86,32.26,30.33,225976.47,Normal,0
2020-12-31 16:00:00,851.5,673.44,110.32,108.64,103.65,58.53,70.88,2.19,37.74,30.51,169794.27,Normal,0
2020-12-31 17:00:00,0.0,0.0,89.73,91.17,85.41,58.74,63.62,0.48,37.01,32.27,13.63,Normal,0
2020-12-31 18:00:00,0.0,0.0,80.48,81.87,77.75,56.8,56.45,0.47,29.96,24.93,30.98,Normal,0
2020-12-31 19:00:00,0.0,0.0,74.99,75.5,72.84,55.07,52.43,0.47,26.68,21.43,51.18,Normal,0
2020-12-31 20:00:00,0.0,0.0,70.58,70.34,69.33,52.98,49.68,0.47,24.28,19.79,29.05,Normal,0
2020-12-31 21:00:00,0.0,0.0,66.73,65.78,65.8,50.55,46.9,0.47,21.71,18.09,70.84,Normal,0
2020-12-31 22:00:00,715.62,538.37,72.77,70.5,70.27,46.55,47.53,2.05,22.64,18.51,128382.18,Normal,0
2020-12-31 23:00:00,1152.65,912.36,92.47,90.0,87.16,46.94,55.36,3.02,30.88,25.31,222666.41,Normal,0
2021-01-01 00:00:00,1131.79,912.34,99.62,97.72,93.61,49.37,59.75,2.97,32.14,23.55,219512.3,Normal,0
2021-01-01 01:00:00,1144.98,912.06,103.7,101.99,97.27,51.47,62.86,2.91,32.09,22.86,222534.98,Normal,0
2021-01-01 02:00:00,1150.03,911.44,106.72,105.03,99.98,53.17,65.37,2.85,32.06,22.53,226749.43,Normal,0
2021-01-01 03:00:00,1150.12,911.28,108.77,107.09,101.74,54.41,67.23,2.75,31.32,21.63,228003.6,Normal,0
2021-01-01 04:00:00,1147.76,911.55,110.05,108.42,102.89,55.71,68.76,2.84,32.08,21.51,224260.24,Normal,0
2021-01-01 05:00:00,1145.12,911.72,111.03,109.41,103.82,56.56,69.83,2.88,33.23,22.46,223382.73,Normal,0
2021-01-01 06:00:00,1142.93,911.62,112.07,110.44,105.0,57.74,71.09,2.8,34.17,24.23,221151.96,Normal,0
2021-01-01 07:00:00,1154.16,911.28,113.47,111.72,106.41,58.88,72.38,2.75,35.1,25.27,226841.33,Normal,0
2021-01-01 08:00:00,1153.48,911.14,114.67,112.92,107.54,59.89,73.46,2.6,35.28,25.71,227123.97,Normal,0
2021-01-01 09:00:00,1164.35,910.57,115.82,114.03,108.65,60.87,74.46,2.6,35.66,26.31,227967.2,Normal,0
2021-01-01 10:00:00,1160.18,911.11,116.67,114.92,109.53,61.85,75.43,2.53,36.55,26.96,225377.29,Normal,0
2021-01-01 11:00:00,1147.42,911.15,117.1,115.36,109.9,62.52,76.06,2.45,36.21,26.54,224432.46,Normal,0
2021-01-01 12:00:00,1137.7,911.2,116.88,115.15,109.6,62.28,76.08,2.45,35.62,25.53,224271.91,Normal,0
2021-01-01 13:00:00,1133.13,911.2,116.45,114.72,109.18,61.52,75.85,2.42,35.36,25.08,224274.77,Normal,0
2021-01-01 14:00:00,1134.01,911.05,116.04,114.32,108.7,61.02,75.47,2.34,35.3,25.11,224695.01,Normal,0
2021-01-01 15:00:00,1134.45,910.97,115.75,114.02,108.48,60.83,75.13,2.2,35.88,25.46,224673.13,Normal,0
2021-01-01 16:00:00,1135.38,911.04,115.84,114.09,108.6,61.08,75.1,2.26,36.27,25.41,225447.95,Normal,0
2021-01-01 17:00:00,1135.37,910.99,115.86,114.11,108.64,61.0,75.1,2.27,36.08,25.22,226295.53,Normal,0
2021-01-01 18:00:00,1129.27,911.1,115.82,114.06,108.62,61.1,75.24,2.26,35.75,25.02,225595.36,Normal,0
2021-01-01 19:00:00,1133.63,910.87,115.74,114.01,108.56,60.99,75.3,2.2,35.81,24.97,225205.81,Normal,0
2021-01-01 20:00:00,1126.29,911.15,115.51,113.82,108.33,60.93,75.3,2.18,36.13,25.11,222715.77,Normal,0
2021-01-01 21:00:00,1133.51,911.11,115.61,113.89,108.41,60.9,75.3,2.16,36.44,25.06,225973.37,Normal,0
2021-01-01 22:00:00,1140.41,911.05,115.75,114.0,108.51,61.15,75.43,2.14,36.63,25.16,226013.98,Normal,0
2021-01-01 23:00:00,1138.41,911.01,115.83,114.09,108.55,61.32,75.6,2.08,36.6,25.06,224758.74,Normal,0
2021-01-02 00:00:00,1138.55,910.93,115.96,114.22,108.69,61.22,75.6,2.12,36.15,24.79,226568.38,Normal,0
2021-01-02 01:00:00,1142.56,910.88,115.89,114.11,108.6,61.06,75.65,2.09,36.72,24.48,228111.58,Normal,0
2021-01-02 02:00:00,1138.08,910.81,115.78,113.99,108.44,60.53,75.6,2.18,38.76,23.91,229428.53,Normal,0
2021-01-02 03:00:00,1137.79,910.58,115.6,113.87,108.35,60.15,75.55,2.13,38.98,23.71,226075.03,Normal,0
2021-01-02 04:00:00,1134.99,911.14,115.39,113.71,108.2,60.04,75.67,2.14,40.9,23.4,225525.67,Normal,0
2021-01-02 05:00:00,1136.69,911.13,115.29,113.58,108.08,59.98,75.6,2.13,36.55,23.32,224674.9,Normal,0
2021-01-02 06:00:00,1144.94,910.93,115.33,113.57,108.07,60.03,75.6,2.14,32.08,23.26,226676.36,Normal,0
2021-01-02 07:00:00,1142.34,910.87,115.21,113.43,107.97,59.79,75.72,2.16,28.57,23.13,225067.87,Normal,0
2021-01-02 08:00:00,1134.36,910.75,115.03,113.27,107.82,59.72,75.6,2.22,27.3,23.2,225445.02,Normal,0
2021-01-02 09:00:00,1149.32,910.86,115.07,113.31,107.9,59.9,75.62,2.27,27.41,23.56,224092.67,Normal,0
2021-01-02 10:00:00,1141.69,910.91,115.19,113.42,108.0,59.9,75.7,2.33,27.26,23.32,223442.23,Normal,0
2021-01-02 11:00:00,1135.54,910.87,115.11,113.39,107.92,60.13,75.64,2.41,27.59,24.02,224204.16,Normal,0
2021-01-02 12:00:00,1135.49,910.82,115.55,113.88,108.5,60.85,76.1,2.43,28.49,25.21,224618.73,Normal,0
2021-01-02 13:00:00,1137.01,910.71,116.13,114.47,109.11,61.8,76.65,2.37,28.81,25.53,224068.72,Normal,0
2021-01-02 14:00:00,1143.3,910.74,116.58,114.93,109.47,62.95,76.85,2.4,30.5,25.45,225166.34,Normal,0
2021-01-02 15:00:00,1147.21,910.51,117.29,115.61,110.28,64.07,77.42,2.39,31.65,26.24,228179.84,Normal,0
2021-01-02 16:00:00,536.28,428.06,111.06,110.16,104.4,64.54,76.19,1.42,32.38,29.18,109340.05,Normal,0
2021-01-02 17:00:00,0.0,0.0,89.79,92.0,86.05,62.66,64.84,0.47,29.27,26.89,664.32,Normal,0
2021-01-02 18:00:00,0.0,0.0,81.88,83.56,77.75,60.1,57.13,0.46,25.51,22.11,184.04,Normal,0
2021-01-02 19:00:00,0.0,0.0,76.43,77.04,73.05,57.57,52.95,0.47,23.2,19.47,411.42,Normal,0
2021-01-02 20:00:00,0.0,0.0,71.83,71.57,69.27,54.92,49.91,0.46,21.69,18.46,198.48,Normal,0
2021-01-02 21:00:00,0.0,0.0,67.47,66.35,66.21,52.38,46.9,0.46,20.02,17.15,351.48,Normal,0
2021-01-02 22:00:00,964.27,760.64,81.29,78.76,77.99,48.83,50.9,2.32,25.24,19.04,177846.25,Normal,0
2021-01-02 23:00:00,1144.73,912.72,97.64,95.26,91.98,49.63,59.1,2.81,38.21,24.93,219878.78,Normal,0
2021-01-03 00:00:00,1151.3,912.83,103.21,101.24,97.01,51.59,62.79,2.83,39.09,24.37,221065.21,Normal,0
2021-01-03 01:00:00,1141.65,912.83,106.46,104.67,99.9,53.72,65.43,2.8,37.73,22.95,221511.93,Normal,0
2021-01-03 02:00:00,1139.69,912.83,108.45,106.76,101.63,55.27,67.49,2.82,31.86,22.01,220430.53,Normal,0
2021-01-03 03:00:00,1141.9,912.83,109.8,108.12,102.82,56.25,68.95,2.89,25.83,21.79,220819.8,Normal,0
2021-01-03 04:00:00,1128.43,912.85,110.36,108.71,103.28,56.81,69.92,2.87,24.12,21.46,216786.83,Normal,0
2021-01-03 05:00:00,1127.56,912.85,110.55,108.9,103.41,57.1,70.33,2.89,23.45,21.18,215289.89,Normal,0
2021-01-03 06:00:00,1120.7,912.81,110.33,108.74,103.14,57.16,70.6,2.91,22.82,20.5,213083.32,Normal,0
2021-01-03 07:00:00,1121.87,912.82,109.96,108.38,102.74,56.79,70.32,2.84,22.46,20.41,212176.89,Normal,0
2021-01-03 08:00:00,1131.88,912.84,109.78,108.21,102.65,56.6,70.33,2.8,22.91,21.51,212032.39,Normal,0
2021-01-03 09:00:00,1130.81,912.86,110.57,108.97,103.6,57.43,70.89,2.71,24.43,24.06,214060.44,Normal,0
2021-01-03 10:00:00,1131.86,912.8,111.86,110.23,105.06,58.46,71.9,2.44,26.1,25.38,211228.96,Normal,0
2021-01-03 11:00:00,1076.61,912.77,111.22,109.7,104.46,59.23,73.01,2.33,31.57,27.02,194788.71,Normal,0
2021-01-03 12:00:00,1127.73,912.86,112.5,110.88,105.69,59.82,73.23,2.39,37.03,26.7,212459.15,Normal,0
2021-01-03 13:00:00,1128.77,912.56,113.73,112.08,106.84,60.61,73.75,2.43,39.79,26.26,215174.66,Normal,0
2021-01-03 14:00:00,1124.34,912.44,114.49,112.86,107.58,61.39,74.61,2.54,38.02,26.54,213501.71,Normal,0
2021-01-03 15:00:00,1133.82,912.36,115.29,113.65,108.32,62.14,75.22,2.52,32.61,26.64,215481.54,Normal,0
2021-01-03 16:00:00,1131.05,912.19,115.88,114.19,108.84,62.2,75.6,2.55,31.5,26.37,218497.51,Normal,0
2021-01-03 17:00:00,229.62,198.39,103.58,103.71,97.24,62.37,71.63,0.98,31.87,30.83,50541.72,Normal,0
2021-01-03 18:00:00,0.0,0.0,86.12,88.23,83.28,60.49,61.69,0.49,29.53,27.57,99.01,Normal,0
2021-01-03 19:00:00,0.0,0.0,79.24,80.0,78.6,58.89,55.69,0.49,25.19,22.19,2.06,Normal,0
2021-01-03 20:00:00,0.0,0.0,73.54,72.92,74.3,57.41,51.04,0.48,22.1,19.24,89.05,Normal,0
2021-01-03 21:00:00,0.0,0.0,68.17,66.71,69.79,55.37,47.12,0.47,19.53,16.93,23.87,Normal,0
2021-01-03 22:00:00,1108.34,835.62,85.43,82.52,83.06,50.5,52.38,2.53,23.91,20.84,211557.23,Normal,0
2021-01-03 23:00:00,1170.35,912.66,100.24,97.77,94.49,50.1,60.38,2.85,34.31,26.96,232398.96,Normal,0
2021-01-04 00:00:00,1174.88,912.76,105.47,103.4,99.02,51.65,64.29,2.62,37.6,25.36,235696.72,Normal,0
2021-01-04 01:00:00,1170.69,912.73,108.17,106.27,101.28,52.9,66.7,2.58,37.53,22.07,236817.87,Normal,0
2021-01-04 02:00:00,1162.13,912.65,109.64,107.85,102.5,53.89,68.23,2.44,36.88,20.47,234306.73,Normal,0
2021-01-04 03:00:00,941.76,823.51,107.94,106.36,100.84,54.42,68.91,2.14,34.71,20.01,188806.35,Normal,0
2021-01-04 04:00:00,0.0,0.0,86.45,87.24,82.69,54.44,60.87,0.48,35.32,26.54,527.88,Normal,0
2021-01-04 05:00:00,0.0,0.0,73.84,74.45,75.06,52.78,51.14,0.45,26.7,21.51,243.88,Normal,0
2021-01-04 06:00:00,0.0,0.0,67.25,66.82,70.23,51.28,45.78,0.45,21.39,17.61,426.63,Normal,0
2021-01-04 07:00:00,0.0,0.0,62.41,61.35,66.02,49.44,42.36,0.45,18.27,15.31,887.29,Normal,0
2021-01-04 08:00:00,0.0,0.0,58.33,56.72,61.85,47.24,39.63,0.45,16.11,13.89,567.85,Normal,0
2021-01-04 09:00:00,351.91,289.38,58.73,56.73,61.27,44.73,38.92,1.11,17.2,13.76,60733.88,Normal,0
2021-01-04 10:00:00,702.21,589.85,74.7,72.51,71.45,41.87,47.42,1.94,27.68,22.13,126739.47,Normal,0
2021-01-04 11:00:00,1123.98,912.37,85.25,83.45,80.89,42.82,51.91,2.46,39.6,29.14,213073.37,Normal,0
2021-01-04 12:00:00,1105.62,912.56,95.28,93.6,90.22,46.87,57.45,2.53,42.1,30.73,208075.71,Normal,0
2021-01-04 13:00:00,281.73,230.67,89.86,89.6,84.72,50.01,58.52,1.01,44.12,35.39,54573.24,Normal,0
2021-01-04 14:00:00,1053.15,836.53,91.8,91.17,86.77,49.45,57.76,2.62,35.86,29.06,194970.72,Normal,0
2021-01-04 15:00:00,1098.31,911.46,101.8,100.21,96.08,52.32,63.56,2.78,43.45,32.59,208285.96,Normal,0
2021-01-04 16:00:00,1132.81,911.47,106.79,105.11,100.65,54.4,67.17,2.85,43.03,31.79,221788.22,Normal,0
2021-01-04 17:00:00,1158.2,911.18,110.44,108.68,103.88,56.12,69.94,3.0,40.49,30.59,224987.32,Normal,0
2021-01-04 18:00:00,1163.57,910.79,112.71,110.88,105.92,57.9,72.53,2.85,33.41,28.96,227495.15,Normal,0
2021-01-04 19:00:00,1153.85,910.72,114.25,112.47,107.33,59.52,74.54,2.69,28.58,25.25,228235.53,Normal,0
2021-01-04 20:00:00,1148.72,911.26,114.56,112.77,107.37,59.67,75.27,2.66,26.26,23.07,227142.49,Normal,0
2021-01-04 21:00:00,1131.86,911.34,114.27,112.56,107.06,59.5,75.18,2.65,25.41,22.63,222493.05,Normal,0
2021-01-04 22:00:00,1147.93,911.11,114.27,112.57,107.06,59.47,75.09,2.79,25.04,25.47,227820.47,Normal,0
2021-01-04 23:00:00,1150.71,910.98,114.21,112.48,106.94,59.2,74.85,2.99,24.47,28.0,228549.38,Normal,0
2021-01-05 00:00:00,1154.28,910.47,114.25,112.5,106.97,59.07,74.7,2.9,24.5,25.58,230956.06,Normal,0
2021-01-05 01:00:00,1150.86,910.9,114.52,112.81,107.33,59.6,74.94,2.72,25.16,24.78,229133.65,Normal,0
2021-01-05 02:00:00,1152.86,910.67,114.85,113.2,107.74,59.71,75.29,2.67,25.54,24.4,229506.33,Normal,0
2021-01-05 03:00:00,1152.85,910.69,115.32,113.59,108.15,59.84,75.68,2.63,25.93,24.21,229002.54,Normal,0
2021-01-05 04:00:00,1151.92,911.0,115.61,113.86,108.41,60.14,76.04,2.61,26.91,24.85,228086.78,Normal,0
2021-01-05 05:00:00,1147.27,910.99,116.07,114.33,108.99,60.73,76.67,2.52,27.85,25.57,227452.87,Normal,0
2021-01-05 06:00:00,1142.75,911.14,116.49,114.78,109.41,61.41,77.08,2.51,28.28,25.81,226101.49,Normal,0
2021-01-05 07:00:00,1142.64,910.92,116.57,114.87,109.39,61.43,77.21,2.51,28.14,25.5,227157.59,Normal,0
2021-01-05 08:00:00,1137.25,911.07,116.31,114.64,109.13,61.07,77.19,2.47,28.01,25.1,222706.95,Normal,0
2021-01-05 09:00:00,720.74,594.22,107.06,106.27,100.58,59.82,73.67,1.79,31.25,27.47,141202.66,Normal,0
2021-01-05 10:00:00,1141.23,912.01,112.45,110.77,105.74,59.29,74.21,2.37,30.64,26.74,219946.73,Normal,0
2021-01-05 11:00:00,1142.96,912.13,114.59,112.85,107.77,60.13,75.55,2.43,29.79,27.27,221859.44,Normal,0
2021-01-05 12:00:00,1131.99,912.27,115.28,113.66,108.32,60.46,76.19,2.4,28.73,26.17,219823.84,Normal,0
2021-01-05 13:00:00,1127.61,912.36,115.51,113.93,108.47,60.8,76.5,2.32,28.46,25.69,218654.78,Normal,0
2021-01-05 14:00:00,1127.31,912.14,115.53,113.96,108.46,60.8,76.5,2.07,28.14,25.4,222141.63,Normal,0
2021-01-05 15:00:00,1131.62,912.07,115.57,113.99,108.47,60.69,76.49,2.04,27.4,24.65,221913.38,Normal,0
2021-01-05 16:00:00,1128.65,911.97,115.29,113.71,108.17,60.39,76.18,2.15,27.06,24.51,221831.3,Normal,0
2021-01-05 17:00:00,1145.77,911.88,115.3,113.67,108.18,60.1,75.89,2.13,26.76,24.15,224552.68,Normal,0
2021-01-05 18:00:00,1145.53,911.82,115.56,113.92,108.51,60.41,75.93,2.14,27.27,24.75,224577.12,Normal,0
2021-01-05 19:00:00,1123.21,911.81,115.79,114.12,108.86,61.3,76.57,2.17,29.08,26.97,220551.64,Normal,0
2021-01-05 20:00:00,1143.28,911.67,117.01,115.22,110.21,62.56,77.72,2.39,30.64,28.51,226047.4,Normal,0
2021-01-05 21:00:00,1147.18,911.38,118.54,116.65,111.64,63.53,78.83,2.46,31.27,28.88,228706.82,Normal,0
2021-01-05 22:00:00,1152.46,910.27,119.45,117.51,112.38,64.0,79.54,2.5,31.07,28.62,229968.55,Normal,0
2021-01-05 23:00:00,1152.47,910.54,119.79,117.84,112.69,64.23,79.98,2.52,31.19,28.68,229888.36,Normal,0
2021-01-06 00:00:00,1152.69,910.57,120.37,118.35,113.22,64.9,80.38,2.51,31.43,28.88,228852.06,Normal,0
2021-01-06 01:00:00,1153.09,910.91,120.5,118.51,113.35,65.28,80.65,2.56,31.4,28.71,228747.83,Normal,0
2021-01-06 02:00:00,1154.74,910.62,120.35,118.24,113.01,64.39,80.36,2.61,30.61,27.41,229997.73,Normal,0
2021-01-06 03:00:00,1154.37,910.95,119.92,117.88,112.69,64.01,80.05,2.62,31.07,27.16,228436.07,Normal,0
2021-01-06 04:00:00,1151.05,910.77,119.79,117.76,112.6,63.8,79.9,2.63,30.62,27.31,229291.73,Normal,0
2021-01-06 05:00:00,1160.0,910.78,119.7,117.65,112.49,63.54,79.62,2.63,30.94,27.2,228611.7,Normal,0
2021-01-06 06:00:00,1138.78,911.1,119.29,117.3,111.96,63.11,79.14,2.81,31.33,26.59,227290.24,Normal,0
2021-01-06 07:00:00,1144.77,911.21,118.91,116.96,111.55,62.9,78.7,2.63,31.32,26.65,226859.71,Normal,0
2021-01-06 08:00:00,1144.93,911.3,118.65,116.69,111.39,63.07,78.97,2.66,31.51,27.01,225173.03,Normal,0
2021-01-06 09:00:00,671.58,547.14,114.77,113.22,107.71,63.99,78.44,1.8,33.99,30.56,136256.23,Normal,0
2021-01-06 10:00:00,42.22,36.43,93.09,94.32,90.88,62.62,69.51,0.83,34.52,33.06,10832.68,Normal,0
2021-01-06 11:00:00,473.14,358.06,88.24,88.22,85.46,57.1,64.15,1.6,30.88,26.42,89667.28,Normal,0
2021-01-06 12:00:00,1163.97,912.63,104.86,102.86,99.36,56.92,68.12,3.05,42.16,28.47,233072.21,Normal,0
2021-01-06 13:00:00,1157.27,912.5,112.18,110.12,105.93,59.03,72.18,3.18,45.68,30.1,230967.34,Normal,0
2021-01-06 14:00:00,1145.06,910.08,115.66,113.71,109.11,60.99,74.93,3.29,44.14,30.33,229800.28,Normal,0
2021-01-06 15:00:00,1142.55,911.34,117.62,115.8,110.89,62.64,77.15,3.47,40.11,29.73,227836.12,Normal,0
2021-01-06 16:00:00,1144.84,911.57,118.95,117.1,112.07,63.6,78.73,3.41,37.58,29.61,226613.62,Normal,0
2021-01-06 17:00:00,1152.15,911.61,119.87,118.0,112.87,64.27,80.0,3.4,36.54,29.31,225735.82,Normal,0
2021-01-06 18:00:00,1143.89,911.72,120.48,118.63,113.48,65.16,80.98,3.33,36.11,29.86,224700.03,Normal,0
2021-01-06 19:00:00,1140.96,911.72,121.28,119.47,114.34,66.11,81.92,3.29,36.84,30.86,223353.6,Normal,0
2021-01-06 20:00:00,1136.8,911.73,121.91,120.05,114.91,66.63,82.54,3.35,36.67,31.51,224754.09,Normal,0
2021-01-06 21:00:00,1141.77,911.63,122.63,120.72,115.56,67.52,82.82,3.29,38.35,32.04,226734.2,Normal,0
2021-01-06 22:00:00,1146.91,911.01,123.28,121.28,116.15,68.8,83.04,3.29,37.7,31.8,228304.22,Normal,0
2021-01-06 23:00:00,1145.89,911.45,123.78,121.75,116.64,68.3,83.37,3.27,37.43,31.97,229384.95,Normal,0
2021-01-07 00:00:00,1145.39,911.48,124.04,122.0,116.83,67.94,83.5,3.25,36.12,31.29,229049.22,Normal,0
2021-01-07 01:00:00,1139.03,911.02,123.55,121.51,116.22,67.26,83.29,3.26,34.14,30.17,229875.15,Normal,0
2021-01-07 02:00:00,1141.9,911.17,123.13,121.19,115.87,67.0,83.24,3.2,34.08,30.63,229051.91,Normal,0
2021-01-07 03:00:00,1134.26,911.55,123.29,121.3,116.15,67.55,83.5,3.18,35.91,31.49,227014.55,Normal,0
2021-01-07 04:00:00,1137.68,911.3,123.61,121.66,116.53,68.11,83.56,3.08,36.32,31.83,227011.06,Normal,0
2021-01-07 05:00:00,1144.88,911.51,123.89,121.91,116.73,68.19,83.73,3.04,35.75,32.1,227451.7,Normal,0
2021-01-07 06:00:00,1136.5,911.65,124.02,122.02,116.83,68.39,83.96,2.76,35.79,32.39,226768.08,Normal,0
2021-01-07 07:00:00,1138.4,911.67,124.06,122.08,116.88,68.6,84.06,2.78,36.4,32.14,225511.11,Normal,0
2021-01-07 08:00:00,940.22,751.42,121.91,119.98,114.49,67.42,83.18,2.57,35.4,31.1,177863.24,Normal,0
2021-01-07 09:00:00,1133.71,912.54,118.4,116.59,111.27,65.58,81.24,3.66,38.15,32.83,216507.63,Normal,0
2021-01-07 10:00:00,793.73,642.17,117.34,115.58,110.22,64.94,81.33,2.97,37.95,36.11,156359.35,Normal,0
2021-01-07 11:00:00,74.19,52.56,88.63,90.48,82.76,53.31,69.11,9.23,29.69,28.47,12675.21,Trop Élevé (>7.0),1
2021-01-07 12:00:00,53.5,30.18,71.48,74.09,68.08,49.03,59.62,17.86,31.94,30.18,9177.19,Trop Élevé (>7.0),1
2021-01-07 13:00:00,273.16,228.01,67.12,69.88,65.4,50.84,53.78,1.48,30.49,28.69,46598.92,Normal,0
2021-01-07 14:00:00,1147.86,911.11,93.1,91.8,88.99,52.51,59.95,3.93,42.87,37.19,225147.03,Normal,0
2021-01-07 15:00:00,1152.19,912.2,105.55,103.63,100.2,55.46,66.33,3.55,42.58,38.46,225073.5,Normal,0
2021-01-07 16:00:00,1079.98,897.51,110.0,108.18,104.05,58.27,70.63,3.06,42.87,36.83,213413.25,Normal,0
2021-01-07 17:00:00,1077.56,895.17,111.9,110.26,105.81,60.54,73.37,3.04,46.88,33.23,212801.12,Normal,0
2021-01-07 18:00:00,1094.83,899.29,113.59,111.96,107.33,62.12,75.18,3.18,39.92,32.12,215486.55,Normal,0
2021-01-07 19:00:00,1134.76,912.33,116.53,114.68,110.04,63.58,76.95,3.5,37.55,32.55,221388.44,Normal,0
2021-01-07 20:00:00,1134.8,912.15,118.62,116.63,111.91,64.83,78.63,3.48,36.74,32.52,222341.79,Normal,0
2021-01-07 21:00:00,1134.49,911.91,119.93,117.93,113.13,65.85,80.16,3.47,36.06,32.85,222781.47,Normal,0
2021-01-07 22:00:00,1149.69,911.85,121.18,119.16,114.29,66.63,81.51,3.38,36.38,32.96,223565.65,Normal,0
2021-01-07 23:00:00,1144.85,912.15,121.96,119.93,114.99,67.6,82.43,3.27,35.52,33.18,221752.69,Normal,0
2021-01-08 00:00:00,1137.18,912.06,122.3,120.32,115.27,67.91,82.8,3.26,35.19,33.01,221641.67,Normal,0
2021-01-08 01:00:00,1143.61,911.85,122.56,120.56,115.42,68.04,82.79,3.27,34.84,32.19,223983.38,Normal,0
2021-01-08 02:00:00,1139.01,912.09,122.46,120.49,115.17,67.63,82.47,3.25,36.29,31.51,223278.01,Normal,0
2021-01-08 03:00:00,1133.0,912.05,122.1,120.22,114.84,67.25,82.1,3.2,36.96,31.83,223052.56,Normal,0
2021-01-08 04:00:00,1138.1,911.69,122.26,120.36,115.05,67.43,82.24,3.24,35.5,32.08,225421.13,Normal,0
2021-01-08 05:00:00,1141.17,911.82,122.36,120.39,115.2,67.02,82.26,3.27,34.2,31.39,224873.07,Normal,0
2021-01-08 06:00:00,1139.04,911.68,121.91,119.89,114.65,65.99,81.61,3.45,32.8,29.94,225913.23,Normal,0
2021-01-08 07:00:00,1130.75,911.92,121.22,119.26,113.93,65.42,81.12,3.32,32.32,29.44,224893.55,Normal,0
2021-01-08 08:00:00,1136.5,912.0,120.8,118.85,113.57,64.95,81.0,3.28,34.63,29.51,224218.45,Normal,0
2021-01-08 09:00:00,1147.17,911.33,120.85,118.93,113.75,65.56,81.03,3.21,33.57,29.66,228243.53,Normal,0
2021-01-08 10:00:00,1146.79,911.99,121.25,119.38,114.22,66.55,81.21,3.27,34.61,30.51,223972.16,Normal,0
2021-01-08 11:00:00,1136.43,910.39,121.79,119.99,114.79,67.65,81.62,3.38,36.66,31.39,226505.9,Normal,0
2021-01-08 12:00:00,1130.05,910.41,122.22,120.49,115.24,68.37,81.82,3.48,37.34,32.26,227235.14,Normal,0
2021-01-08 13:00:00,1140.2,905.83,122.88,121.16,115.89,68.89,82.22,3.46,37.4,34.06,229919.23,Normal,0
2021-01-08 14:00:00,1143.66,912.82,123.28,121.36,116.1,68.53,83.26,5.01,42.9,38.39,227753.77,Normal,0
2021-01-08 15:00:00,829.88,655.2,119.19,117.46,111.9,67.67,82.94,3.76,47.0,43.9,158721.69,Normal,0
2021-01-08 16:00:00,308.21,264.93,104.21,103.74,98.43,65.28,77.07,1.58,45.63,41.58,64500.81,Normal,0
2021-01-08 17:00:00,53.16,45.08,86.91,87.44,84.68,60.91,68.24,0.89,40.92,38.79,13390.53,Normal,0
2021-01-08 18:00:00,214.66,174.44,79.8,79.74,80.13,58.37,61.78,7.84,34.33,32.75,43759.32,Trop Élevé (>7.0),1
2021-01-08 21:00:00,1187.47,912.83,115.94,113.64,109.36,60.9,74.23,6.16,47.98,37.38,239152.54,Normal,0
2021-01-08 22:00:00,1188.1,912.75,118.82,116.56,111.86,62.66,77.91,5.19,48.05,36.59,240986.04,Normal,0
2021-01-08 23:00:00,1168.37,912.82,119.75,117.56,112.54,63.56,79.79,5.01,47.18,35.56,236210.8,Normal,0
2021-01-09 00:00:00,1157.93,912.85,120.01,117.89,112.74,64.11,80.1,5.16,46.84,35.07,235189.59,Normal,0
2021-01-09 01:00:00,1154.54,912.85,120.08,117.97,112.74,63.77,79.99,5.17,46.25,34.3,235655.98,Normal,0
2021-01-09 02:00:00,1158.77,912.83,119.84,117.75,112.47,62.97,79.49,4.98,45.75,33.96,234500.5,Normal,0
2021-01-09 03:00:00,1156.82,912.82,119.57,117.5,112.17,62.47,79.13,4.94,45.9,33.99,233665.94,Normal,0
2021-01-09 04:00:00,1156.55,912.81,119.26,117.21,111.88,62.2,78.73,5.15,45.7,33.85,234836.26,Normal,0
2021-01-09 05:00:00,1161.54,912.83,119.05,116.96,111.64,61.83,78.46,5.66,45.46,34.68,235251.6,Normal,0
2021-01-09 06:00:00,1166.14,912.85,118.88,116.77,111.45,61.42,78.3,6.37,45.55,36.33,234377.43,Normal,0
2021-01-09 07:00:00,1166.06,912.83,118.66,116.52,111.24,61.17,78.19,6.07,45.67,34.2,235281.41,Normal,0
2021-01-09 10:00:00,1176.96,912.82,118.42,116.28,111.07,60.81,78.05,5.53,45.01,34.16,237568.95,Normal,0
2021-01-09 11:00:00,1169.39,912.82,118.9,116.75,111.53,61.5,78.56,5.59,44.03,34.47,232687.81,Normal,0
2021-01-09 12:00:00,1169.69,912.66,118.37,116.18,110.82,60.91,78.34,5.29,40.43,31.34,232489.6,Normal,0
2021-01-09 13:00:00,1161.94,912.84,117.76,115.66,110.34,60.5,77.7,6.06,39.95,29.22,230339.48,Normal,0
2021-01-09 14:00:00,1159.37,912.84,117.86,115.8,110.61,60.89,77.8,6.16,39.31,29.99,228652.23,Normal,0
2021-01-09 15:00:00,1074.85,862.83,117.79,115.74,110.58,61.05,77.78,6.62,38.42,31.58,217100.22,Normal,0
2021-01-09 17:00:00,1202.03,912.83,110.22,108.15,103.51,56.6,70.29,17.49,35.15,29.54,246066.59,Trop Élevé (>7.0),1
2021-01-09 18:00:00,672.85,503.38,106.53,104.9,99.44,55.4,69.52,6.02,33.21,29.77,134983.4,Normal,0
2021-01-09 19:00:00,1007.45,802.69,97.08,96.01,91.14,51.85,64.9,17.32,31.31,29.99,190719.24,Trop Élevé (>7.0),1
2021-01-09 20:00:00,870.29,705.21,103.12,101.38,96.92,52.92,65.93,6.07,33.17,32.04,185090.92,Normal,0
2021-01-09 21:00:00,269.47,186.5,81.52,81.7,75.7,46.41,59.27,5.95,27.07,29.36,48461.39,Normal,0
2021-01-09 23:00:00,814.74,319.45,74.0,74.23,71.66,44.54,52.22,15.37,29.53,33.64,75168.15,Trop Élevé (>7.0),1
2021-01-10 14:00:00,987.34,87.15,84.21,84.4,81.0,50.69,58.89,9.53,30.91,40.28,13862.72,Trop Élevé (>7.0),1
2021-01-10 15:00:00,986.13,298.37,78.89,78.14,78.43,52.17,55.22,1.69,27.46,38.5,42280.22,Normal,0
2021-01-10 16:00:00,853.4,337.55,83.05,80.66,82.04,53.47,55.94,2.09,25.17,39.51,80080.3,Normal,0
2021-01-10 17:00:00,1123.74,899.67,95.48,92.71,90.6,48.83,58.61,4.12,23.37,37.5,224308.2,Normal,0
2021-01-10 18:00:00,1158.95,912.68,101.54,99.26,95.69,49.4,61.79,3.76,23.91,36.87,226791.41,Normal,0
2021-01-10 19:00:00,1154.79,912.67,104.78,102.64,98.55,50.89,64.4,3.72,24.21,34.15,225623.84,Normal,0
2021-01-10 20:00:00,1156.6,912.71,106.83,104.73,100.36,52.03,66.29,3.83,23.74,36.92,224618.76,Normal,0
2021-01-10 21:00:00,1150.87,912.69,107.99,105.92,101.34,52.77,67.5,4.01,23.55,37.6,225686.32,Normal,0
2021-01-10 22:00:00,1112.43,887.19,108.98,106.96,102.3,53.59,68.54,3.95,23.56,37.61,219386.39,Normal,0
2021-01-10 23:00:00,56.63,27.06,85.68,85.91,79.03,45.99,61.16,0.78,18.12,24.94,14882.61,Normal,0
2021-01-11 00:00:00,904.71,711.75,78.53,79.02,74.73,41.78,54.29,3.17,18.59,25.07,171086.98,Normal,0
2021-01-11 01:00:00,1151.18,912.63,96.13,94.37,91.01,47.09,59.16,4.16,20.5,29.74,224677.99,Normal,0
2021-01-11 02:00:00,1157.09,912.6,101.97,100.08,96.07,48.91,62.05,4.34,20.48,29.58,227493.54,Normal,0
2021-01-11 03:00:00,1162.64,912.61,105.38,103.41,99.09,50.95,64.85,4.51,21.52,30.5,229316.65,Normal,0
2021-01-11 04:00:00,1167.1,912.6,108.03,106.01,101.49,52.79,67.04,4.2,21.73,26.44,231714.36,Normal,0
2021-01-11 05:00:00,1180.44,912.7,109.61,107.48,102.81,54.16,68.41,4.51,21.6,24.03,234309.21,Normal,0
2021-01-11 06:00:00,1185.84,912.66,110.59,108.41,103.58,54.88,69.3,4.29,21.43,23.26,235908.19,Normal,0
2021-01-11 07:00:00,1189.31,912.68,111.33,109.19,104.29,55.08,69.96,4.23,21.46,22.83,238383.02,Normal,0
2021-01-11 08:00:00,1174.02,912.67,111.64,109.56,104.62,55.33,70.57,4.37,21.94,22.67,232651.49,Normal,0
2021-01-11 09:00:00,1172.08,912.59,111.87,109.78,104.81,55.46,71.07,4.48,22.29,24.78,230905.63,Normal,0
2021-01-11 10:00:00,1173.02,912.57,111.94,109.89,104.91,55.32,71.3,4.98,22.29,24.22,231407.6,Normal,0
2021-01-11 11:00:00,1177.59,912.58,112.38,110.33,105.37,55.77,71.65,4.65,23.04,23.85,233810.26,Normal,0
2021-01-11 12:00:00,1185.88,912.69,113.33,111.22,106.3,56.51,72.29,4.89,23.56,23.51,234363.15,Normal,0
2021-01-11 13:00:00,1169.79,912.52,113.44,111.31,106.32,56.96,72.65,4.47,23.38,22.92,230491.21,Normal,0
2021-01-11 14:00:00,1174.9,912.63,113.65,111.54,106.52,57.01,72.86,4.47,23.99,23.55,230997.69,Normal,0
2021-01-11 15:00:00,1168.78,912.63,113.94,111.86,106.95,57.46,73.27,4.11,25.0,24.51,230278.41,Normal,0
2021-01-11 16:00:00,1171.02,912.63,114.55,112.46,107.55,58.06,73.51,4.15,25.46,24.83,231367.52,Normal,0
2021-01-11 17:00:00,1162.95,912.58,114.69,112.62,107.71,58.57,73.74,3.83,25.32,24.69,228738.91,Normal,0
2021-01-11 18:00:00,1199.66,912.66,115.56,113.39,108.54,58.73,74.02,3.73,25.41,25.38,242151.0,Normal,0
2021-01-11 19:00:00,1194.14,912.72,116.55,114.43,109.41,58.8,74.23,3.37,25.27,26.61,243257.72,Normal,0
2021-01-11 20:00:00,1186.43,912.61,116.39,114.3,109.12,58.74,74.4,3.21,25.36,26.64,234974.38,Normal,0
2021-01-11 21:00:00,884.46,702.01,114.09,112.12,106.62,57.93,73.76,2.87,24.39,25.37,182347.7,Normal,0
2021-01-11 22:00:00,30.87,14.56,83.32,85.06,77.86,48.58,62.26,0.71,21.16,24.14,5544.54,Normal,0
2021-01-11 23:00:00,104.61,99.7,69.8,71.68,68.83,44.45,52.92,3.68,17.93,19.81,24843.48,Normal,0
2021-01-12 00:00:00,22.32,15.38,54.47,57.04,52.39,34.63,45.11,0.66,12.9,13.85,7090.94,Normal,0
2021-01-12 01:00:00,245.41,180.18,47.52,49.51,45.77,30.73,39.16,7.23,12.97,14.6,45109.6,Trop Élevé (>7.0),1
2021-01-12 08:00:00,808.67,633.08,48.32,46.76,48.25,29.0,28.27,12.34,15.13,17.28,156269.07,Trop Élevé (>7.0),1
2021-01-12 09:00:00,1151.36,903.88,75.92,73.87,72.79,35.05,40.66,4.45,24.83,28.17,227842.65,Normal,0
2021-01-12 10:00:00,1166.9,907.83,89.09,87.26,84.88,41.6,49.66,4.97,27.65,30.58,231603.32,Normal,0
2021-01-12 11:00:00,1183.45,911.24,98.3,96.46,93.33,47.11,56.99,4.88,31.09,31.94,230310.7,Normal,0
2021-01-12 12:00:00,1187.74,911.11,104.81,102.96,99.24,52.0,62.65,4.75,34.55,32.88,229734.68,Normal,0
2021-01-12 13:00:00,1182.27,910.91,109.66,107.79,103.59,55.58,67.01,4.7,35.4,34.13,230671.87,Normal,0
2021-01-12 14:00:00,1168.11,908.8,112.74,110.95,106.41,58.24,70.09,4.7,34.97,34.79,231763.09,Normal,0
2021-01-12 15:00:00,1165.2,908.02,114.91,113.16,108.42,59.92,72.24,4.65,33.37,34.93,231988.65,Normal,0
2021-01-12 16:00:00,1158.29,906.73,116.25,114.58,109.66,61.25,73.86,4.73,31.31,34.28,231914.21,Normal,0
2021-01-12 17:00:00,1166.48,906.3,117.27,115.54,110.52,61.6,74.93,4.65,28.6,34.63,232081.82,Normal,0
2021-01-12 18:00:00,1164.63,904.65,117.1,115.25,110.18,60.88,75.1,4.64,26.17,34.14,232080.39,Normal,0
2021-01-12 19:00:00,1156.39,903.75,116.27,114.41,109.34,60.15,74.84,4.45,23.88,32.94,231511.11,Normal,0
2021-01-12 20:00:00,1173.64,908.65,116.13,114.17,109.15,59.61,74.27,4.56,22.23,31.45,231951.5,Normal,0
2021-01-12 21:00:00,1165.58,906.89,115.41,113.55,108.35,59.0,73.37,4.33,21.07,29.82,231955.84,Normal,0
2021-01-12 22:00:00,1180.96,905.91,114.64,112.82,107.53,58.09,72.35,4.17,19.87,28.5,231922.95,Normal,0
2021-01-12 23:00:00,1167.74,906.62,113.68,111.85,106.55,57.12,71.36,4.22,18.84,28.9,231985.46,Normal,0
2021-01-13 00:00:00,1160.36,905.61,112.85,111.06,105.79,56.42,70.57,4.12,18.18,28.61,230395.42,Normal,0
2021-01-13 01:00:00,1160.14,904.37,112.02,110.32,104.99,55.79,69.94,3.99,18.16,28.85,231992.13,Normal,0
2021-01-13 02:00:00,1132.52,891.01,110.66,109.06,103.7,55.17,69.15,4.34,17.41,28.81,232497.6,Normal,0
2021-01-13 03:00:00,1134.95,894.19,109.04,107.52,102.15,54.24,68.1,4.11,16.81,28.08,231603.83,Normal,0
2021-01-13 04:00:00,1153.25,903.55,109.16,107.55,102.33,53.87,67.53,3.87,16.84,28.96,231962.2,Normal,0
2021-01-13 05:00:00,1152.24,902.77,109.03,107.42,102.16,53.6,67.28,3.77,16.7,28.61,231984.98,Normal,0
2021-01-13 06:00:00,1160.91,905.58,109.21,107.56,102.31,53.62,67.22,3.88,16.84,29.12,231871.37,Normal,0
2021-01-13 07:00:00,1157.49,903.78,109.4,107.72,102.55,53.84,67.4,3.73,17.17,28.54,231988.3,Normal,0
2021-01-13 08:00:00,1164.34,906.57,109.79,108.11,102.95,54.23,67.66,3.8,17.79,27.35,231954.72,Normal,0
2021-01-13 09:00:00,1171.01,906.38,110.73,109.05,104.04,55.33,68.48,3.84,19.56,31.15,231727.56,Normal,0
2021-01-13 10:00:00,1176.41,908.22,112.42,110.68,105.84,56.74,69.87,3.82,21.58,33.79,232037.99,Normal,0
2021-01-13 11:00:00,1178.65,909.94,113.89,112.0,107.26,57.72,71.24,3.73,22.63,34.5,230941.73,Normal,0
2021-01-13 12:00:00,1166.35,906.12,114.97,113.08,108.33,58.84,72.42,3.5,23.75,35.4,231953.52,Normal,0
2021-01-13 13:00:00,1159.0,902.31,115.45,113.61,108.85,59.87,73.36,3.37,24.4,35.18,232021.14,Normal,0
2021-01-13 14:00:00,1170.27,909.4,116.48,114.62,109.85,60.76,74.08,3.32,24.37,34.08,230948.0,Normal,0
2021-01-13 15:00:00,1169.71,910.77,117.3,115.38,110.61,62.22,74.66,3.17,24.48,34.62,229727.32,Normal,0
2021-01-13 16:00:00,1157.8,909.63,117.49,115.61,110.75,61.67,75.01,3.16,24.37,34.68,225020.4,Normal,0
2021-01-13 17:00:00,1175.03,910.69,117.49,115.57,110.67,60.74,75.1,3.19,24.13,34.66,229321.99,Normal,0
2021-01-13 18:00:00,1170.86,900.09,117.21,115.3,110.33,60.18,75.0,3.2,23.54,33.85,232311.49,Normal,0
2021-01-13 19:00:00,1155.67,898.63,116.14,114.26,109.3,59.66,74.52,3.25,22.05,32.19,232000.28,Normal,0
2021-01-13 20:00:00,1149.61,896.48,115.15,113.28,108.28,58.95,73.7,3.31,20.83,31.37,232112.43,Normal,0
2021-01-13 21:00:00,1182.58,901.51,114.41,112.55,107.46,58.16,72.57,3.47,19.79,30.77,238854.93,Normal,0
2021-01-13 22:00:00,1207.98,912.72,115.9,113.89,108.78,58.08,72.34,3.06,19.24,29.74,242763.37,Normal,0
2021-01-13 23:00:00,1205.56,912.72,115.94,113.98,108.67,57.84,72.11,3.01,18.95,30.28,242657.58,Normal,0
2021-01-14 00:00:00,1208.08,912.73,115.9,113.94,108.55,57.7,71.88,2.93,19.03,30.02,243604.36,Normal,0
2021-01-14 01:00:00,1187.05,909.06,115.57,113.64,108.23,57.62,71.68,2.9,18.94,29.59,240697.27,Normal,0
2021-01-14 02:00:00,1162.13,901.62,113.8,112.05,106.56,56.96,71.06,2.99,18.08,27.83,239323.8,Normal,0
2021-01-14 03:00:00,1170.85,901.61,112.81,111.09,105.64,56.15,70.18,2.98,17.37,27.61,240231.17,Normal,0
2021-01-14 04:00:00,1176.0,901.6,112.2,110.48,105.06,55.58,69.51,2.91,17.16,28.29,241130.06,Normal,0
2021-01-14 05:00:00,1221.81,911.66,112.91,111.03,105.74,55.31,69.28,2.89,17.12,28.43,245569.65,Normal,0
2021-01-14 06:00:00,1223.7,912.75,113.91,111.93,106.66,55.53,69.69,2.79,17.2,27.9,244693.86,Normal,0
2021-01-14 07:00:00,1204.38,912.73,114.02,112.11,106.75,55.8,69.96,2.82,17.06,28.33,242031.39,Normal,0
2021-01-14 08:00:00,359.91,279.11,100.15,99.82,94.34,55.88,66.06,1.44,19.21,28.63,71450.84,Normal,0
2021-01-14 09:00:00,1205.12,912.17,102.89,101.28,97.42,53.51,64.27,3.2,21.63,29.05,235775.05,Normal,0
2021-01-14 10:00:00,1209.38,912.31,109.86,107.76,103.52,55.26,67.34,3.32,24.21,32.95,240928.26,Normal,0
2021-01-14 11:00:00,1192.65,912.31,112.83,110.8,106.31,56.67,69.68,3.06,23.66,33.42,236804.66,Normal,0
2021-01-14 12:00:00,1185.51,912.25,114.59,112.59,107.94,57.75,71.41,3.25,23.94,34.17,234522.32,Normal,0
2021-01-14 13:00:00,1195.81,912.32,116.03,114.06,109.32,58.81,72.87,3.13,24.0,34.35,238467.93,Normal,0
2021-01-14 14:00:00,1186.65,912.37,117.18,115.19,110.4,59.63,73.88,3.12,24.07,34.35,237593.53,Normal,0
2021-01-14 15:00:00,1196.93,912.36,117.98,115.95,111.14,60.68,74.69,3.04,24.29,34.02,238396.06,Normal,0
2021-01-14 16:00:00,1197.7,912.35,118.88,116.79,111.98,61.24,75.63,3.04,24.14,34.43,239229.69,Normal,0
2021-01-14 17:00:00,1203.32,912.08,119.19,117.1,112.2,61.21,76.25,3.03,23.85,34.25,238427.91,Normal,0
2021-01-14 18:00:00,1201.96,912.3,119.35,117.25,112.22,60.83,76.61,3.02,22.98,33.47,239243.97,Normal,0
2021-01-14 19:00:00,1200.46,912.2,119.16,117.04,112.05,60.67,76.66,2.97,22.05,31.47,238354.5,Normal,0
2021-01-14 20:00:00,1209.18,912.19,118.99,116.87,111.75,60.69,76.08,2.97,20.91,30.6,240821.1,Normal,0
2021-01-14 21:00:00,1212.12,912.25,118.71,116.66,111.34,60.41,75.39,3.27,20.4,30.46,242991.81,Normal,0
2021-01-14 22:00:00,1198.38,912.19,117.82,115.85,110.5,59.73,74.7,3.02,19.89,29.17,236721.2,Normal,0
2021-01-14 23:00:00,1188.98,912.16,116.88,114.98,109.59,58.95,73.85,2.99,19.22,27.8,238862.76,Normal,0
2021-01-15 00:00:00,1189.39,912.16,116.15,114.26,108.87,58.31,73.04,3.16,18.82,29.17,239152.58,Normal,0
2021-01-15 01:00:00,1181.72,912.19,115.43,113.57,108.17,57.65,72.37,3.07,18.54,29.39,238348.3,Normal,0
2021-01-15 02:00:00,1192.99,912.17,114.89,113.03,107.64,57.2,71.73,3.16,18.25,29.01,240139.75,Normal,0
2021-01-15 03:00:00,1191.33,912.15,114.49,112.55,107.27,56.72,71.37,3.11,17.9,29.12,238968.16,Normal,0
2021-01-15 04:00:00,1192.29,912.18,114.17,112.23,107.01,56.45,70.95,3.2,17.58,28.67,238994.72,Normal,0
2021-01-15 05:00:00,1196.31,912.19,113.87,111.95,106.64,56.35,70.66,3.19,17.49,28.98,238531.45,Normal,0
2021-01-15 06:00:00,1198.73,912.2,113.9,111.96,106.66,56.36,70.57,3.06,17.45,28.76,241313.33,Normal,0
2021-01-15 07:00:00,1198.22,912.19,113.65,111.73,106.35,55.87,70.2,2.99,16.83,27.75,240875.04,Normal,0
2021-01-15 08:00:00,1205.49,912.18,113.61,111.69,106.39,55.82,70.05,2.82,17.8,27.74,242888.6,Normal,0
2021-01-15 09:00:00,1156.95,869.57,114.61,112.65,107.59,56.83,70.71,2.65,19.74,29.45,232641.3,Normal,0
2021-01-15 10:00:00,203.87,157.44,95.77,96.23,91.35,58.21,65.83,0.92,23.81,33.1,41812.22,Normal,0
2021-01-15 11:00:00,1192.18,912.56,106.28,104.57,100.84,56.76,66.47,2.74,23.3,32.58,230057.59,Normal,0
2021-01-15 12:00:00,1190.11,912.67,112.3,110.23,105.91,57.68,69.77,2.93,24.23,35.12,232240.47,Normal,0
2021-01-15 13:00:00,1199.92,912.68,115.23,113.18,108.69,58.66,72.08,2.74,24.63,35.69,236868.08,Normal,0
2021-01-15 14:00:00,1187.74,912.59,117.05,115.02,110.37,59.6,73.79,2.82,24.38,35.66,232309.21,Normal,0
2021-01-15 15:00:00,1189.38,912.66,118.15,116.1,111.35,60.4,75.04,2.8,24.48,35.0,232411.67,Normal,0
2021-01-15 16:00:00,1177.73,912.67,118.78,116.73,111.97,61.16,76.14,2.73,24.81,35.83,230608.65,Normal,0
2021-01-15 17:00:00,1191.97,912.63,119.31,117.26,112.4,61.55,76.99,2.73,24.52,34.79,231479.0,Normal,0
2021-01-15 18:00:00,1193.04,912.64,119.37,117.28,112.31,61.66,77.1,2.7,23.76,33.99,229674.34,Normal,0
2021-01-15 19:00:00,1194.61,912.59,119.26,117.15,112.21,61.45,77.15,2.78,22.74,33.62,234646.76,Normal,0
2021-01-15 20:00:00,176.13,140.49,103.61,103.26,98.36,61.81,72.25,0.86,25.85,35.98,33936.29,Normal,0
2021-01-15 21:00:00,0.0,0.0,85.46,86.14,85.88,61.15,61.07,0.48,24.65,27.13,355.16,Normal,0
2021-01-15 22:00:00,0.0,0.0,77.69,77.25,80.01,60.37,54.0,0.47,21.57,20.75,157.92,Normal,0
2021-01-15 23:00:00,524.95,400.27,78.16,76.41,79.64,56.94,51.35,1.59,19.01,19.83,102697.82,Normal,0
2021-01-16 00:00:00,1176.55,912.5,99.5,96.68,94.69,52.26,59.83,2.95,21.92,30.29,225836.28,Normal,0
2021-01-16 01:00:00,654.05,492.42,100.78,98.95,94.81,52.25,62.39,1.9,22.24,33.2,133882.01,Normal,0
2021-01-16 02:00:00,933.08,691.97,93.25,92.22,89.38,50.65,58.7,2.29,20.17,27.81,184524.09,Normal,0
2021-01-16 03:00:00,1222.93,912.5,105.7,103.49,99.61,51.4,62.95,2.99,18.47,28.23,247302.8,Normal,0
2021-01-16 04:00:00,819.02,631.02,106.13,104.27,99.49,52.68,64.78,2.26,19.23,30.7,163966.03,Normal,0
2021-01-16 05:00:00,0.0,0.0,83.37,83.99,81.45,53.14,56.57,0.48,21.89,30.11,7949.29,Normal,0
2021-01-16 06:00:00,0.0,0.0,73.19,73.04,75.15,52.55,49.02,0.47,19.45,22.71,6372.51,Normal,0
2021-01-16 07:00:00,0.0,0.0,66.94,65.71,69.83,51.48,44.5,0.47,17.59,18.72,5480.25,Normal,0
2021-01-16 08:00:00,0.0,0.0,62.34,60.79,65.29,50.17,41.63,0.5,16.63,16.46,6053.81,Normal,0
2021-01-16 09:00:00,0.0,0.0,58.64,57.11,61.45,48.5,39.59,0.5,16.25,15.81,5672.44,Normal,0
2021-01-16 10:00:00,0.0,0.0,56.06,55.01,58.06,47.02,38.43,0.5,16.1,15.35,4374.49,Normal,0
2021-01-16 11:00:00,828.27,646.47,68.33,66.46,67.4,44.68,42.33,2.22,20.15,24.59,153028.22,Normal,0
2021-01-16 12:00:00,898.07,704.4,90.03,87.8,85.76,46.27,53.17,2.48,27.21,35.61,171979.54,Normal,0
2021-01-16 13:00:00,156.75,136.96,78.63,78.49,74.52,46.62,53.28,0.84,28.1,33.54,33565.99,Normal,0
2021-01-16 14:00:00,672.38,500.25,75.76,75.93,71.88,45.85,49.71,1.91,26.24,28.3,133582.4,Normal,0
2021-01-16 15:00:00,1218.8,912.59,97.56,95.5,92.58,49.03,57.34,3.26,29.27,35.61,241725.15,Normal,0
2021-01-16 16:00:00,711.71,555.65,101.99,100.26,96.48,53.18,62.67,2.01,30.73,37.4,136745.96,Normal,0
2021-01-16 17:00:00,948.22,697.26,96.63,95.9,91.97,53.34,61.38,2.6,28.22,32.42,186444.94,Normal,0
2021-01-16 18:00:00,682.63,512.43,104.69,102.96,98.89,55.87,65.56,2.07,27.53,35.84,138816.66,Normal,0
2021-01-16 19:00:00,732.39,537.09,97.81,96.65,93.66,55.37,63.29,2.05,25.37,31.0,140842.16,Normal,0
2021-01-16 20:00:00,1173.55,896.45,103.14,101.39,97.83,54.24,65.02,3.06,23.59,30.71,240316.74,Normal,0
2021-01-16 21:00:00,1201.07,910.62,110.77,108.7,104.53,55.53,67.92,3.49,22.82,31.46,241722.97,Normal,0
2021-01-16 22:00:00,1118.1,885.4,110.72,108.99,104.22,56.1,69.04,3.86,21.28,29.42,234272.01,Normal,0
2021-01-16 23:00:00,1137.22,892.05,110.91,109.25,104.36,55.92,69.15,3.48,20.29,28.11,242533.64,Normal,0
2021-01-17 00:00:00,1154.71,901.04,111.35,109.7,104.73,55.93,69.25,2.83,19.87,27.08,242888.32,Normal,0
2021-01-17 01:00:00,387.47,307.89,102.05,101.49,96.35,56.88,66.95,1.3,22.12,28.37,80602.77,Normal,0
2021-01-17 02:00:00,384.76,304.15,85.14,85.25,84.47,55.38,57.3,1.33,20.78,21.44,80741.25,Normal,0
2021-01-17 03:00:00,1126.56,886.9,100.47,98.24,95.79,53.0,61.95,3.77,21.42,26.11,243475.38,Normal,0
2021-01-17 04:00:00,1168.66,905.1,106.16,104.24,100.17,53.05,64.72,3.04,20.69,27.0,242708.43,Normal,0
2021-01-17 05:00:00,1168.66,909.53,109.29,107.48,102.88,54.12,66.65,3.1,20.5,27.38,238891.17,Normal,0
2021-01-17 06:00:00,1136.13,912.34,109.84,108.15,103.25,54.99,67.98,3.18,20.3,26.85,224037.05,Normal,0
2021-01-17 07:00:00,1134.52,912.29,110.07,108.4,103.45,55.48,68.58,3.08,20.6,25.92,223548.56,Normal,0
2021-01-17 08:00:00,1167.2,912.5,111.12,109.43,104.57,56.03,69.15,3.05,21.31,29.12,230773.45,Normal,0
2021-01-17 09:00:00,1024.7,864.57,111.22,109.61,104.79,57.17,70.21,2.5,23.61,32.09,195950.77,Normal,0
2021-01-17 10:00:00,758.87,618.58,100.8,100.0,95.38,56.5,67.48,2.22,26.22,33.27,151978.16,Normal,0
2021-01-17 11:00:00,1147.33,910.6,108.39,106.58,102.57,56.55,68.69,3.22,26.46,36.11,236995.65,Normal,0
2021-01-17 12:00:00,763.07,618.98,108.65,107.1,102.64,57.82,69.87,2.17,26.9,37.01,169477.0,Normal,0
2021-01-17 13:00:00,0.0,0.0,88.29,89.83,84.79,58.85,62.54,0.49,27.69,33.58,1105.27,Normal,0
2021-01-17 14:00:00,0.0,0.0,79.89,81.59,77.2,58.93,55.8,0.48,25.61,26.89,176.54,Normal,0
2021-01-17 15:00:00,0.0,0.0,74.78,75.96,70.78,58.53,51.3,0.48,23.7,22.74,93.33,Normal,0
2021-01-17 16:00:00,0.0,0.0,70.64,71.28,65.21,57.33,47.85,0.48,22.4,20.54,159.68,Normal,0
2021-01-17 17:00:00,0.0,0.0,66.96,67.26,61.0,55.38,45.02,0.48,21.33,19.14,517.08,Normal,0
2021-01-17 18:00:00,0.0,0.0,63.55,63.61,58.06,52.55,43.11,0.48,21.03,18.47,0.0,Normal,0
2021-01-17 19:00:00,0.0,0.0,60.38,59.79,56.46,50.05,41.35,0.48,20.51,18.17,0.0,Normal,0
2021-01-17 20:00:00,0.0,0.0,56.95,55.66,54.84,47.96,39.05,0.47,19.22,17.18,0.0,Normal,0
2021-01-17 21:00:00,0.0,0.0,53.66,52.04,52.95,45.92,36.8,0.46,17.97,16.34,0.0,Normal,0
2021-01-17 22:00:00,0.0,0.0,50.78,49.11,51.1,44.0,34.86,0.46,17.0,15.47,0.0,Normal,0
2021-01-17 23:00:00,0.0,0.0,48.22,46.47,49.12,42.15,32.98,0.46,15.85,14.59,0.0,Normal,0
2021-01-18 00:00:00,0.0,0.0,45.97,44.3,47.3,40.32,31.48,0.46,15.22,14.3,0.0,Normal,0
2021-01-18 01:00:00,0.0,0.0,44.15,42.6,45.72,38.74,30.43,0.46,14.89,14.17,0.0,Normal,0
2021-01-18 02:00:00,0.0,0.0,42.71,41.39,44.15,37.53,29.67,0.46,14.66,13.6,0.0,Normal,0
2021-01-18 03:00:00,0.0,0.0,41.39,40.1,42.45,36.31,28.8,0.47,14.5,13.36,1.3,Normal,0
2021-01-18 04:00:00,0.0,0.0,40.11,38.84,41.05,35.03,27.94,0.46,14.23,13.06,0.0,Normal,0
2021-01-18 05:00:00,0.0,0.0,38.85,37.55,39.63,33.84,26.97,0.46,13.96,12.58,0.0,Normal,0
2021-01-18 06:00:00,0.0,0.0,37.65,36.3,38.34,32.61,26.07,0.46,13.55,12.56,0.0,Normal,0
2021-01-18 07:00:00,0.0,0.0,36.38,34.9,37.21,31.3,25.03,0.47,13.0,12.43,0.0,Normal,0
2021-01-18 08:00:00,0.0,0.0,35.16,33.56,36.1,30.14,24.17,0.49,12.62,12.35,2.02,Normal,0
2021-01-18 09:00:00,0.0,0.0,34.23,32.75,35.21,29.32,23.8,0.49,13.05,13.11,9.16,Normal,0
2021-01-18 10:00:00,0.0,0.0,33.72,32.5,34.63,28.79,23.99,0.47,13.79,14.2,0.0,Normal,0
2021-01-18 11:00:00,0.0,0.0,33.48,32.69,33.84,28.54,24.1,0.46,14.48,15.21,8.93,Normal,0
2021-01-18 12:00:00,0.0,0.0,33.33,32.66,33.08,28.22,24.29,0.47,15.21,16.29,33.39,Normal,0
2021-01-18 13:00:00,0.0,0.0,33.15,32.5,32.57,27.88,24.39,0.49,15.98,17.21,113.38,Normal,0
2021-01-18 14:00:00,0.0,0.0,32.87,32.43,32.18,27.6,24.5,0.49,16.67,17.91,109.58,Normal,0
2021-01-18 15:00:00,0.0,0.0,32.66,32.28,31.73,27.33,24.68,0.48,17.15,18.24,135.65,Normal,0
2021-01-18 16:00:00,0.0,0.0,32.45,32.1,31.53,26.99,24.7,0.48,17.39,18.3,156.11,Normal,0
2021-01-18 17:00:00,0.0,0.0,32.25,31.82,31.4,26.6,24.7,0.48,17.4,18.26,98.9,Normal,0
2021-01-18 18:00:00,0.0,0.0,31.99,31.6,31.2,26.25,24.51,0.48,17.38,17.94,98.22,Normal,0
2021-01-18 19:00:00,0.0,0.0,31.61,31.13,30.97,25.78,24.14,0.48,16.95,17.03,103.45,Normal,0
2021-01-18 20:00:00,0.0,0.0,31.01,30.3,30.57,25.29,23.35,0.48,15.98,15.96,290.36,Normal,0
2021-01-18 21:00:00,0.0,0.0,30.25,29.33,30.1,24.68,22.44,0.48,15.03,15.02,366.43,Normal,0
2021-01-18 22:00:00,0.0,0.0,29.37,28.44,29.49,23.87,21.39,0.47,14.12,13.96,0.0,Normal,0
2021-01-18 23:00:00,0.0,0.0,28.54,27.56,28.83,23.08,20.46,0.48,13.16,12.81,0.0,Normal,0
2021-01-19 00:00:00,0.0,0.0,27.74,26.73,28.22,22.37,19.65,0.48,12.36,12.11,0.0,Normal,0
2021-01-19 01:00:00,0.0,0.0,27.0,26.07,27.59,21.69,19.12,0.47,11.96,11.78,0.0,Normal,0
2021-01-19 02:00:00,0.0,0.0,26.46,25.53,27.09,21.18,18.62,0.47,11.6,11.6,0.0,Normal,0
2021-01-19 03:00:00,0.0,0.0,26.03,25.24,26.64,20.72,18.5,0.47,11.7,11.89,0.0,Normal,0
2021-01-19 04:00:00,0.0,0.0,25.68,25.04,26.3,20.41,18.49,0.48,11.9,12.06,0.0,Normal,0
2021-01-19 05:00:00,0.0,0.0,25.42,24.74,25.95,20.12,18.24,0.48,11.68,11.62,0.0,Normal,0
2021-01-19 06:00:00,0.0,0.0,25.08,24.34,25.52,19.68,17.86,0.47,11.24,11.2,0.0,Normal,0
2021-01-19 07:00:00,0.0,0.0,24.6,23.86,25.17,19.29,17.37,0.48,10.72,10.66,0.0,Normal,0
2021-01-19 08:00:00,0.0,0.0,24.2,23.44,24.74,18.87,17.03,0.47,10.52,10.47,0.0,Normal,0
2021-01-19 09:00:00,0.0,0.0,23.95,23.34,24.5,18.57,17.12,0.48,11.03,11.23,0.0,Normal,0
2021-01-19 10:00:00,0.0,0.0,23.97,23.47,24.49,18.5,17.45,0.48,11.68,12.06,0.0,Normal,0
2021-01-19 11:00:00,0.0,0.0,24.1,23.69,24.49,18.53,17.91,0.49,12.59,13.2,0.0,Normal,0
2021-01-19 12:00:00,0.0,0.0,24.22,23.99,24.5,18.7,18.35,0.49,13.37,14.31,0.0,Normal,0
2021-01-19 13:00:00,0.0,0.0,24.36,24.26,24.7,18.91,18.84,0.49,14.1,15.33,0.0,Normal,0
2021-01-19 14:00:00,0.0,0.0,24.51,24.5,25.0,19.09,19.28,0.49,14.57,15.91,0.0,Normal,0
2021-01-19 15:00:00,0.0,0.0,24.7,24.7,25.2,19.2,19.56,0.48,15.07,16.24,0.0,Normal,0
2021-01-19 16:00:00,0.0,0.0,24.92,25.0,25.37,19.39,19.81,0.48,15.35,16.4,0.0,Normal,0
2021-01-19 17:00:00,0.0,0.0,25.03,25.15,25.4,19.4,20.1,0.48,15.4,16.24,0.0,Normal,0
2021-01-19 18:00:00,0.0,0.0,25.2,25.2,25.4,19.4,20.1,0.48,15.4,16.0,0.0,Normal,0
2021-01-19 19:00:00,0.0,0.0,25.2,25.2,25.4,19.4,19.84,0.48,15.15,15.5,0.0,Normal,0
2021-01-19 20:00:00,0.0,0.0,25.12,24.96,25.25,19.36,19.45,0.48,14.5,14.68,0.0,Normal,0
2021-01-19 21:00:00,0.0,0.0,24.85,24.55,25.06,19.13,18.95,0.48,13.74,13.78,0.0,Normal,0
2021-01-19 22:00:00,0.0,0.0,24.52,24.14,24.73,18.83,18.39,0.48,12.99,12.94,0.0,Normal,0
2021-01-19 23:00:00,0.0,0.0,24.22,23.7,24.45,18.53,18.0,0.48,12.47,12.39,0.0,Normal,0
2021-01-20 00:00:00,0.0,0.0,23.92,23.44,24.21,18.25,17.64,0.48,12.27,12.3,0.0,Normal,0
2021-01-20 01:00:00,0.0,0.0,23.68,23.23,23.96,18.03,17.43,0.48,12.1,12.2,0.0,Normal,0
2021-01-20 02:00:00,0.0,0.0,23.54,23.09,23.74,17.82,17.34,0.48,12.01,12.07,0.0,Normal,0
2021-01-20 03:00:00,0.0,0.0,23.4,22.84,23.56,17.6,17.2,0.48,11.9,11.83,0.0,Normal,0
2021-01-20 04:00:00,0.0,0.0,23.2,22.7,23.4,17.4,17.1,0.48,11.75,11.62,0.0,Normal,0
2021-01-20 05:00:00,0.0,0.0,23.11,22.61,23.27,17.34,16.88,0.48,11.5,11.42,0.0,Normal,0
2021-01-20 06:00:00,0.0,0.0,22.94,22.45,23.13,17.2,16.64,0.48,11.29,11.2,0.0,Normal,0
2021-01-20 07:00:00,0.0,0.0,22.69,22.27,22.98,17.01,16.44,0.48,11.08,10.9,0.0,Normal,0
2021-01-20 08:00:00,0.0,0.0,22.5,22.1,22.7,16.82,16.3,0.48,10.93,10.91,0.0,Normal,0
2021-01-20 09:00:00,0.0,0.0,22.39,22.1,22.68,16.7,16.31,0.49,11.11,11.44,0.0,Normal,0
2021-01-20 10:00:00,0.0,0.0,22.44,22.12,22.65,16.7,16.56,0.49,11.73,12.45,0.0,Normal,0
2021-01-20 11:00:00,0.0,0.0,22.5,22.33,22.78,16.93,17.01,0.49,12.55,13.49,0.0,Normal,0
2021-01-20 12:00:00,0.0,0.0,22.66,22.58,23.05,17.13,17.43,0.49,13.45,14.5,0.0,Normal,0
2021-01-20 13:00:00,0.0,0.0,22.92,23.0,23.31,17.49,17.98,0.49,14.45,15.33,0.0,Normal,0
2021-01-20 14:00:00,0.0,0.0,23.25,23.42,23.59,18.0,18.42,0.48,15.13,15.79,0.0,Normal,0
2021-01-20 15:00:00,0.0,0.0,23.51,23.8,23.88,18.36,18.82,0.48,15.59,16.15,0.0,Normal,0
2021-01-20 16:00:00,0.0,0.0,23.78,24.22,24.17,18.64,19.15,0.48,15.9,16.3,0.0,Normal,0
2021-01-20 17:00:00,0.0,0.0,24.13,24.45,24.3,18.92,19.33,0.48,15.84,16.21,0.0,Normal,0
2021-01-20 18:00:00,0.0,0.0,24.3,24.5,24.32,18.96,19.35,0.48,15.35,15.64,0.0,Normal,0
2021-01-20 19:00:00,0.0,0.0,24.3,24.44,24.3,18.63,19.16,0.48,14.7,14.92,0.0,Normal,0
2021-01-20 20:00:00,0.0,0.0,24.3,24.3,24.3,18.46,19.0,0.48,14.42,14.6,0.0,Normal,0
2021-01-20 21:00:00,0.0,0.0,24.29,24.15,24.17,18.29,18.74,0.48,14.15,14.35,0.0,Normal,0
2021-01-20 22:00:00,0.0,0.0,24.1,24.02,24.1,18.1,18.57,0.48,13.93,14.05,0.0,Normal,0
2021-01-20 23:00:00,0.0,0.0,24.1,23.8,23.9,17.96,18.5,0.48,13.9,13.9,0.0,Normal,0
2021-01-21 00:00:00,0.0,0.0,23.94,23.78,23.8,17.9,18.38,0.48,13.64,13.9,0.0,Normal,0
2021-01-21 01:00:00,0.0,0.0,23.8,23.6,23.79,17.76,18.3,0.48,13.43,13.62,0.0,Normal,0
2021-01-21 02:00:00,0.0,0.0,23.8,23.6,23.6,17.6,18.13,0.48,13.4,13.6,0.0,Normal,0
2021-01-21 03:00:00,0.0,0.0,23.64,23.55,23.6,17.6,18.1,0.48,13.4,13.6,0.0,Normal,0
2021-01-21 04:00:00,0.0,0.0,23.6,23.4,23.6,17.6,18.1,0.48,13.4,13.6,0.0,Normal,0
2021-01-21 05:00:00,0.0,0.0,23.6,23.4,23.6,17.6,18.1,0.48,13.4,13.6,0.0,Normal,0
2021-01-21 06:00:00,0.0,0.0,23.6,23.4,23.6,17.6,18.1,0.48,13.4,13.63,0.0,Normal,0
2021-01-21 07:00:00,0.0,0.0,23.6,23.4,23.59,17.6,18.1,0.48,13.4,13.9,0.0,Normal,0
2021-01-21 08:00:00,0.0,0.0,23.6,23.4,23.52,17.6,18.1,0.5,13.66,13.93,0.0,Normal,0
2021-01-21 09:00:00,0.0,0.0,23.6,23.51,23.6,17.72,18.22,0.5,14.02,14.24,0.0,Normal,0
2021-01-21 10:00:00,0.0,0.0,23.67,23.67,23.63,17.98,18.42,0.49,14.47,14.79,0.0,Normal,0
2021-01-21 11:00:00,0.0,0.0,23.8,23.92,23.8,18.21,18.66,0.48,14.89,15.3,0.0,Normal,0
2021-01-21 12:00:00,0.0,0.0,24.04,24.13,24.05,18.39,18.95,0.48,15.21,15.72,0.0,Normal,0
2021-01-21 13:00:00,0.0,0.0,24.14,24.3,24.23,18.52,19.22,0.49,15.63,16.31,0.0,Normal,0
2021-01-21 14:00:00,0.0,0.0,24.3,24.54,24.46,18.78,19.48,0.48,16.13,16.64,0.0,Normal,0
2021-01-21 15:00:00,0.0,0.0,24.49,24.79,24.69,19.04,19.74,0.48,16.5,17.08,0.0,Normal,0
2021-01-21 16:00:00,0.0,0.0,24.67,25.08,25.05,19.22,20.14,0.48,16.7,17.36,0.0,Normal,0
2021-01-21 17:00:00,0.0,0.0,24.89,25.2,25.2,19.4,20.3,0.48,16.7,17.28,0.0,Normal,0
2021-01-21 18:00:00,0.0,0.0,25.0,25.35,25.33,19.4,20.3,0.48,16.58,17.01,0.0,Normal,0
2021-01-21 19:00:00,0.0,0.0,25.14,25.4,25.4,19.4,20.3,0.48,16.5,16.7,0.0,Normal,0
2021-01-21 20:00:00,0.0,0.0,25.2,25.4,25.4,19.4,20.29,0.48,16.33,16.55,0.0,Normal,0
2021-01-21 21:00:00,0.0,0.0,25.2,25.4,25.38,19.4,20.1,0.48,16.3,16.49,0.0,Normal,0
2021-01-21 22:00:00,0.0,0.0,25.2,25.4,25.4,19.4,20.1,0.48,16.17,16.3,0.0,Normal,0
2021-01-21 23:00:00,0.0,0.0,25.2,25.4,25.35,19.4,20.1,0.48,16.1,16.2,0.0,Normal,0
2021-01-22 00:00:00,0.0,0.0,25.2,25.4,25.21,19.4,20.1,0.48,15.91,16.1,0.0,Normal,0
2021-01-22 01:00:00,0.0,0.0,25.2,25.4,25.2,19.4,20.1,0.48,15.9,16.05,0.0,Normal,0
2021-01-22 02:00:00,0.0,0.0,25.2,25.25,25.2,19.4,19.83,0.48,15.65,15.8,0.0,Normal,0
2021-01-22 03:00:00,0.0,0.0,25.2,25.2,25.2,19.4,19.8,0.48,15.5,15.5,0.0,Normal,0
2021-01-22 04:00:00,0.0,0.0,25.2,25.14,25.2,19.24,19.62,0.48,15.27,15.24,0.0,Normal,0
2021-01-22 05:00:00,0.0,0.0,25.12,25.0,25.12,19.2,19.43,0.48,15.0,15.07,0.0,Normal,0
2021-01-22 06:00:00,0.0,0.0,25.0,25.0,25.0,19.2,19.4,0.48,15.0,15.14,0.0,Normal,0
2021-01-22 07:00:00,0.0,0.0,25.0,25.0,25.0,19.2,19.4,0.48,15.05,15.2,0.0,Normal,0
2021-01-22 08:00:00,0.0,0.0,25.0,25.0,25.0,19.2,19.54,0.49,15.34,15.57,0.0,Normal,0
2021-01-22 09:00:00,0.0,0.0,25.12,25.13,25.14,19.34,19.74,0.49,15.96,16.26,0.0,Normal,0
2021-01-22 10:00:00,0.0,0.0,25.27,25.39,25.3,19.67,20.16,0.49,16.5,16.84,0.0,Normal,0
2021-01-22 11:00:00,0.0,0.0,25.47,25.7,25.52,20.09,20.47,0.48,17.15,17.6,0.0,Normal,0
2021-01-22 12:00:00,0.0,0.0,25.71,26.1,25.78,20.41,20.81,0.49,17.4,17.9,0.0,Normal,0
2021-01-22 13:00:00,0.0,0.0,25.93,26.3,26.08,20.5,21.0,0.49,17.28,17.68,0.0,Normal,0
2021-01-22 14:00:00,898.33,0.0,26.1,26.3,26.1,20.5,21.0,0.48,17.02,17.39,0.0,Normal,0
2021-01-22 15:00:00,1100.0,0.0,26.1,26.3,26.1,20.5,20.99,0.48,16.7,17.02,0.0,Normal,0
2021-01-22 16:00:00,1100.0,0.0,26.1,26.18,26.09,20.32,20.7,0.48,16.42,16.58,0.0,Normal,0
2021-01-22 17:00:00,1100.0,0.0,26.1,26.1,25.81,20.25,20.65,0.48,16.24,16.36,0.0,Normal,0
2021-01-22 18:00:00,1100.0,0.0,26.1,26.09,25.8,20.1,20.5,0.48,16.1,16.2,0.0,Normal,0
2021-01-22 19:00:00,1100.0,0.0,25.98,25.81,25.8,19.98,20.49,0.48,15.91,16.1,0.0,Normal,0
2021-01-22 20:00:00,1100.0,0.0,25.8,25.8,25.8,19.8,20.3,0.48,15.9,15.93,0.0,Normal,0
2021-01-22 21:00:00,1100.0,0.0,25.8,25.64,25.64,19.8,20.3,0.48,15.64,15.87,0.0,Normal,0
2021-01-22 22:00:00,1100.0,0.0,25.76,25.6,25.6,19.65,20.27,0.48,15.57,15.6,0.0,Normal,0
2021-01-22 23:00:00,1100.0,0.0,25.6,25.48,25.6,19.6,20.1,0.48,15.4,15.54,0.0,Normal,0
2021-01-23 00:00:00,1100.0,0.0,25.6,25.4,25.58,19.54,20.1,0.48,15.32,15.35,0.0,Normal,0
2021-01-23 01:00:00,1100.0,0.0,25.53,25.4,25.4,19.4,19.87,0.48,15.2,15.2,0.0,Normal,0
2021-01-23 02:00:00,1100.0,0.0,25.4,25.21,25.4,19.4,19.8,0.48,15.07,15.06,0.0,Normal,0
2021-01-23 03:00:00,1100.0,0.0,25.4,25.2,25.26,19.26,19.71,0.49,15.0,14.89,0.0,Normal,0
2021-01-23 04:00:00,1100.0,0.0,25.31,25.09,25.2,19.18,19.6,0.48,14.73,14.7,0.0,Normal,0
2021-01-23 05:00:00,1100.0,0.0,25.2,25.0,25.18,19.0,19.47,0.48,14.59,14.52,0.0,Normal,0
2021-01-23 06:00:00,1100.0,0.0,25.14,24.79,25.0,19.0,19.4,0.48,14.5,14.3,0.0,Normal,0
2021-01-23 07:00:00,1100.0,0.0,25.0,24.7,24.92,18.71,19.22,0.48,14.34,14.15,0.0,Normal,0
2021-01-23 08:00:00,1100.0,0.0,24.91,24.57,24.7,18.7,19.09,0.49,14.11,13.97,0.0,Normal,0
2021-01-23 09:00:00,1100.0,0.0,24.7,24.43,24.7,18.54,18.92,0.49,13.9,14.0,0.0,Normal,0
2021-01-23 10:00:00,1100.0,0.0,24.61,24.3,24.51,18.5,18.95,0.59,14.45,15.16,0.0,Normal,0
2021-01-23 11:00:00,1100.0,0.0,24.5,24.42,24.5,18.5,19.13,0.48,14.9,15.31,0.0,Normal,0
2021-01-23 12:00:00,1100.0,0.0,24.66,24.5,24.64,18.66,19.24,0.49,15.39,15.79,0.0,Normal,0
2021-01-23 13:00:00,1100.0,0.0,24.7,24.6,24.7,18.7,19.49,0.51,15.73,16.34,0.0,Normal,0
2021-01-23 14:00:00,1100.0,0.0,24.7,24.7,24.99,19.0,19.67,0.48,16.01,16.45,0.0,Normal,0
2021-01-23 15:00:00,1100.0,0.0,24.91,24.97,25.08,19.09,19.89,0.48,16.25,16.99,0.0,Normal,0
2021-01-23 16:00:00,1100.0,0.0,25.0,25.09,25.2,19.2,20.1,0.48,16.16,16.62,0.0,Normal,0
2021-01-23 17:00:00,1100.0,0.0,25.09,25.2,25.34,19.22,20.1,0.48,15.73,16.19,0.0,Normal,0
2021-01-23 18:00:00,1100.0,0.0,25.2,25.2,25.25,19.37,20.1,0.48,15.44,15.78,0.0,Normal,0
2021-01-23 19:00:00,1100.0,0.0,25.2,25.2,25.2,19.22,19.96,0.48,15.04,15.3,0.0,Normal,0
2021-01-23 20:00:00,1100.0,0.0,25.2,25.18,25.2,19.2,19.8,0.48,15.13,14.97,0.0,Normal,0
2021-01-23 21:00:00,1100.0,0.0,25.15,25.0,25.14,19.13,19.63,0.48,14.98,14.58,0.0,Normal,0
2021-01-23 22:00:00,1100.0,0.0,25.0,24.93,25.0,19.0,19.52,0.48,14.68,14.3,0.0,Normal,0
2021-01-23 23:00:00,1100.0,0.0,25.0,24.7,25.0,18.89,19.32,0.48,14.37,13.79,0.0,Normal,0
2021-01-24 00:00:00,1100.0,0.0,24.74,24.56,24.73,18.7,19.04,0.48,13.93,13.17,0.0,Normal,0
2021-01-24 01:00:00,1100.0,0.0,24.56,24.29,24.58,18.59,18.6,0.48,13.53,12.7,0.0,Normal,0
2021-01-24 02:00:00,1100.0,0.0,24.35,23.98,24.4,18.43,18.24,0.48,13.31,12.36,0.0,Normal,0
2021-01-24 03:00:00,1100.0,0.0,24.14,23.7,24.23,18.23,17.98,0.48,13.1,12.05,0.0,Normal,0
2021-01-24 04:00:00,1100.0,0.0,23.87,23.49,24.06,18.02,17.68,0.49,13.02,12.0,0.0,Normal,0
2021-01-24 05:00:00,1100.0,0.0,23.69,23.32,23.8,17.75,17.48,0.48,12.8,11.98,0.0,Normal,0
2021-01-24 06:00:00,1100.0,0.0,23.59,23.2,23.63,17.6,17.4,0.48,13.11,12.46,0.0,Normal,0
2021-01-24 07:00:00,1100.0,0.0,23.4,23.11,23.58,17.43,17.34,0.49,13.05,12.46,0.0,Normal,0
2021-01-24 08:00:00,1100.0,0.0,23.38,23.0,23.4,17.4,17.2,0.49,13.05,12.75,0.0,Normal,0
2021-01-24 09:00:00,1100.0,0.0,23.2,23.0,23.4,17.4,17.37,0.49,13.48,13.85,0.0,Normal,0
2021-01-24 10:00:00,1100.0,0.0,23.26,23.05,23.4,17.4,17.48,0.49,13.91,14.38,0.0,Normal,0
2021-01-24 11:00:00,1100.0,0.0,23.4,23.2,23.4,17.51,17.72,0.49,14.5,14.98,0.0,Normal,0
2021-01-24 12:00:00,1100.0,0.0,23.4,23.33,23.54,17.66,18.1,0.48,15.5,15.76,0.0,Normal,0
2021-01-24 13:00:00,1100.0,0.0,23.56,23.54,23.79,17.94,18.48,0.52,15.51,16.06,0.0,Normal,0
2021-01-24 14:00:00,1100.0,0.0,23.67,23.74,24.08,18.13,18.82,0.48,15.86,16.27,0.0,Normal,0
2021-01-24 15:00:00,1100.0,0.0,23.8,24.0,24.24,18.3,19.1,0.47,16.07,16.66,0.0,Normal,0
2021-01-24 16:00:00,1100.0,0.0,24.09,24.23,24.38,18.5,19.32,0.47,16.11,16.57,0.0,Normal,0
2021-01-24 17:00:00,1100.0,0.0,24.2,24.35,24.5,18.62,19.4,0.47,15.83,16.19,0.0,Normal,0
2021-01-24 18:00:00,1100.0,0.0,24.3,24.5,24.52,18.7,19.56,0.47,15.55,16.03,0.0,Normal,0
2021-01-24 19:00:00,1100.0,0.0,24.36,24.5,24.7,18.7,19.59,0.47,15.4,15.63,0.0,Normal,0
2021-01-24 20:00:00,1100.0,0.0,24.5,24.5,24.7,18.7,19.41,0.47,15.24,15.2,0.0,Normal,0
2021-01-24 21:00:00,1100.0,0.0,24.5,24.5,24.56,18.7,19.39,0.47,15.0,14.7,0.0,Normal,0
2021-01-24 22:00:00,1100.0,0.0,24.5,24.5,24.5,18.7,19.2,0.47,14.74,14.5,0.0,Normal,0
2021-01-24 23:00:00,1100.0,0.0,24.5,24.5,24.5,18.7,19.2,0.47,14.91,14.85,0.0,Normal,0
2021-01-25 00:00:00,1100.0,0.0,24.5,24.5,24.5,18.68,19.2,0.47,14.95,15.02,0.0,Normal,0
2021-01-25 01:00:00,1100.0,0.0,24.5,24.43,24.5,18.52,19.07,0.47,14.76,14.63,0.0,Normal,0
2021-01-25 02:00:00,1100.0,0.0,24.5,24.3,24.5,18.5,19.0,0.47,14.5,14.44,0.0,Normal,0
2021-01-25 03:00:00,1100.0,0.0,24.32,24.3,24.36,18.5,18.86,0.47,14.5,14.3,0.0,Normal,0
2021-01-25 04:00:00,1100.0,0.0,24.3,24.2,24.3,18.5,18.7,0.47,14.31,14.05,0.0,Normal,0
2021-01-25 05:00:00,1100.0,0.0,24.3,24.1,24.3,18.34,18.5,0.47,14.06,14.14,0.0,Normal,0
2021-01-25 06:00:00,1100.0,0.0,24.19,24.1,24.1,18.3,18.5,0.47,14.16,13.95,0.0,Normal,0
2021-01-25 07:00:00,1100.0,0.0,24.1,23.81,24.1,18.28,18.41,0.49,14.1,13.81,0.0,Normal,0
2021-01-25 08:00:00,1100.0,0.0,24.1,23.8,24.1,18.1,18.3,0.59,14.1,13.9,0.0,Normal,0
2021-01-25 09:00:00,1100.0,0.0,24.1,23.8,24.1,18.1,18.32,0.5,14.46,14.88,0.0,Normal,0
2021-01-25 10:00:00,1100.0,0.0,24.1,23.8,24.1,18.11,18.5,0.49,14.84,15.37,0.0,Normal,0
2021-01-25 11:00:00,1100.0,0.0,24.1,24.02,24.1,18.3,18.66,0.48,15.45,16.21,0.0,Normal,0
2021-01-25 12:00:00,1100.0,0.0,24.15,24.15,24.29,18.37,19.01,0.5,16.09,17.15,0.0,Normal,0
2021-01-25 13:00:00,1100.0,0.0,24.3,24.36,24.54,18.56,19.39,0.51,16.46,17.87,0.0,Normal,0
2021-01-25 14:00:00,1100.0,0.0,24.44,24.57,24.86,18.78,19.73,0.53,16.99,18.14,0.0,Normal,0
2021-01-25 15:00:00,1100.0,0.0,24.58,24.82,25.16,19.04,20.13,0.49,17.1,17.92,0.0,Normal,0
2021-01-25 16:00:00,1100.0,0.0,24.71,25.07,25.34,19.21,20.35,0.49,17.24,17.61,0.0,Normal,0
2021-01-25 17:00:00,1100.0,0.0,25.0,25.2,25.53,19.4,20.5,0.48,17.12,17.31,0.0,Normal,0
2021-01-25 18:00:00,1100.0,0.0,25.07,25.37,25.6,19.4,20.5,0.48,16.71,16.96,0.0,Normal,0
2021-01-25 19:00:00,1100.0,0.0,25.2,25.4,25.6,19.4,20.48,0.48,16.36,16.48,0.0,Normal,0
2021-01-25 20:00:00,1100.0,0.0,25.2,25.4,25.42,19.4,20.3,0.48,15.92,16.14,0.0,Normal,0
2021-01-25 21:00:00,1100.0,0.0,25.2,25.4,25.4,19.4,20.17,0.49,15.6,15.94,0.0,Normal,0
2021-01-25 22:00:00,1100.0,0.0,25.2,25.33,25.4,19.4,20.08,0.48,15.59,15.58,0.0,Normal,0
2021-01-25 23:00:00,1100.0,0.0,25.2,25.2,25.26,19.4,19.8,0.49,15.39,15.47,0.0,Normal,0
2021-01-26 00:00:00,1100.0,0.0,25.2,25.2,25.2,19.38,19.8,0.48,15.36,15.4,0.0,Normal,0
2021-01-26 01:00:00,1100.0,0.0,25.2,25.18,25.2,19.2,19.69,0.49,15.19,14.95,0.0,Normal,0
2021-01-26 02:00:00,1100.0,0.0,25.1,24.99,25.13,19.2,19.44,0.48,14.66,14.3,0.0,Normal,0
2021-01-26 03:00:00,1100.0,0.0,25.0,24.7,25.0,19.09,19.18,0.48,14.41,14.06,0.0,Normal,0
2021-01-26 04:00:00,1100.0,0.0,24.7,24.49,24.81,18.98,18.87,0.48,14.04,13.56,0.0,Normal,0
2021-01-26 05:00:00,1100.0,0.0,24.54,24.3,24.66,18.7,18.57,0.48,13.9,13.48,0.0,Normal,0
2021-01-26 06:00:00,1100.0,0.0,24.44,24.12,24.5,18.64,18.5,0.48,13.9,13.75,0.0,Normal,0
2021-01-26 07:00:00,1100.0,0.0,24.3,24.1,24.45,18.5,18.47,0.48,13.93,13.84,0.0,Normal,0
2021-01-26 08:00:00,1100.0,0.0,24.3,24.1,24.3,18.5,18.3,0.51,14.0,13.87,0.0,Normal,0
2021-01-26 09:00:00,1100.0,0.0,24.3,24.1,24.3,18.5,18.48,0.5,14.36,14.5,0.0,Normal,0
2021-01-26 10:00:00,1100.0,0.0,24.3,24.1,24.3,18.5,18.63,0.49,14.99,15.27,0.0,Normal,0
2021-01-26 11:00:00,1100.0,0.0,24.3,24.29,24.39,18.58,18.93,0.48,15.68,16.09,0.0,Normal,0
2021-01-26 12:00:00,1100.0,0.0,24.47,24.45,24.58,18.75,19.3,0.49,16.41,17.21,0.0,Normal,0
2021-01-26 13:00:00,1100.0,0.0,24.58,24.67,24.96,19.06,19.73,0.49,17.24,17.78,0.0,Normal,0
2021-01-26 14:00:00,1100.0,0.0,24.76,25.04,25.3,19.29,20.21,0.49,17.53,18.03,0.0,Normal,0
2021-01-26 15:00:00,1100.0,0.0,25.01,25.27,25.51,19.51,20.48,0.48,17.74,18.06,0.0,Normal,0
2021-01-26 16:00:00,1100.0,0.0,25.2,25.5,25.73,19.72,20.84,0.48,18.29,18.55,0.0,Normal,0
2021-01-26 17:00:00,1100.0,0.0,25.39,25.72,26.07,20.01,21.13,0.48,18.09,18.31,0.0,Normal,0
2021-01-26 18:00:00,1100.0,0.0,25.54,25.86,26.1,20.1,21.2,0.48,17.58,17.9,0.0,Normal,0
2021-01-26 19:00:00,1100.0,0.0,25.66,26.1,26.1,20.1,21.2,0.48,17.2,17.45,0.0,Normal,0
2021-01-26 20:00:00,1100.0,0.0,25.8,26.1,26.1,20.1,21.07,0.48,16.76,17.08,0.0,Normal,0
2021-01-26 21:00:00,1100.0,0.0,25.8,26.1,26.1,20.1,21.0,0.48,16.47,16.76,0.0,Normal,0
2021-01-26 22:00:00,1100.0,0.0,25.8,26.1,26.1,20.1,20.71,0.48,16.25,16.51,0.0,Normal,0
2021-01-26 23:00:00,1100.0,0.0,25.8,25.86,25.93,20.1,20.55,0.48,15.87,15.94,0.0,Normal,0
2021-01-27 00:00:00,1100.0,0.0,25.76,25.7,25.8,19.82,20.3,0.48,15.47,15.49,0.0,Normal,0
2021-01-27 01:00:00,1100.0,0.0,25.6,25.53,25.68,19.79,20.02,0.48,15.17,15.14,0.0,Normal,0
2021-01-27 02:00:00,1100.0,0.0,25.48,25.33,25.58,19.6,19.7,0.49,14.64,14.78,0.0,Normal,0
2021-01-27 03:00:00,1100.0,0.0,25.32,25.11,25.4,19.47,19.41,0.48,14.43,14.37,0.0,Normal,0
2021-01-27 04:00:00,1100.0,0.0,25.12,24.81,25.24,19.33,19.09,0.48,14.1,13.96,0.0,Normal,0
2021-01-27 05:00:00,1100.0,0.0,24.88,24.54,25.06,19.18,18.8,0.49,13.98,13.92,0.0,Normal,0
2021-01-27 06:00:00,1100.0,0.0,24.67,24.37,24.81,19.0,18.59,0.48,13.78,13.8,0.0,Normal,0
2021-01-27 07:00:00,1100.0,0.0,24.5,24.21,24.61,18.79,18.41,0.48,13.51,13.47,0.0,Normal,0
2021-01-27 08:00:00,1100.0,0.0,24.32,24.1,24.44,18.63,18.3,0.49,13.6,13.8,0.0,Normal,0
2021-01-27 09:00:00,1100.0,0.0,24.3,24.12,24.35,18.53,18.53,0.49,14.84,15.1,0.0,Normal,0
2021-01-27 10:00:00,1100.0,0.0,24.45,24.39,24.5,18.73,19.12,0.48,16.04,16.15,0.0,Normal,0
2021-01-27 11:00:00,1100.0,0.0,24.6,24.62,24.7,19.04,19.46,0.48,16.52,17.01,0.0,Normal,0
2021-01-27 12:00:00,1100.0,0.0,24.75,24.9,24.95,19.27,19.76,0.49,17.13,17.91,0.0,Normal,0
2021-01-27 13:00:00,1100.0,0.0,25.01,25.19,25.25,19.48,20.25,0.5,17.85,18.83,0.0,Normal,0
2021-01-27 14:00:00,1100.0,0.0,25.24,25.5,25.64,19.74,20.83,0.48,18.61,19.3,0.0,Normal,0
2021-01-27 15:00:00,1100.0,0.0,25.47,25.84,26.14,20.12,21.34,0.49,18.98,19.38,0.0,Normal,0
2021-01-27 16:00:00,1100.0,0.0,25.68,26.19,26.43,20.37,21.6,0.48,18.92,19.23,0.0,Normal,0
2021-01-27 17:00:00,1100.0,0.0,25.91,26.39,26.5,20.54,21.78,0.48,18.6,19.03,0.0,Normal,0
2021-01-27 18:00:00,1100.0,0.0,26.1,26.5,26.69,20.7,21.8,0.48,18.16,18.5,0.0,Normal,0
2021-01-27 19:00:00,1100.0,0.0,26.28,26.5,26.7,20.7,21.63,0.49,17.75,18.21,0.0,Normal,0
2021-01-27 20:00:00,1100.0,0.0,26.3,26.5,26.64,20.7,21.6,0.48,17.35,17.75,0.0,Normal,0
2021-01-27 21:00:00,1100.0,0.0,26.3,26.5,26.5,20.64,21.4,0.48,16.88,17.17,0.0,Normal,0
2021-01-27 22:00:00,1100.0,0.0,26.3,26.47,26.5,20.5,21.18,0.48,16.48,16.56,0.0,Normal,0
2021-01-27 23:00:00,1100.0,0.0,26.3,26.3,26.4,20.5,20.94,0.48,16.29,16.37,0.0,Normal,0
2021-01-28 00:00:00,1100.0,0.0,26.22,26.17,26.3,20.32,20.61,0.48,15.54,15.73,0.0,Normal,0
2021-01-28 01:00:00,1100.0,0.0,25.99,25.77,26.1,20.17,20.2,0.49,14.84,15.12,0.0,Normal,0
2021-01-28 02:00:00,1100.0,0.0,25.75,25.56,25.8,19.95,19.89,0.49,15.15,15.25,0.0,Normal,0
2021-01-28 03:00:00,1100.0,0.0,25.6,25.4,25.66,19.8,19.75,0.48,15.16,15.37,0.0,Normal,0
2021-01-28 04:00:00,1100.0,0.0,25.45,25.25,25.53,19.65,19.51,0.48,14.4,14.59,0.0,Normal,0
2021-01-28 05:00:00,1100.0,0.0,25.28,25.03,25.38,19.48,19.34,0.49,14.42,14.64,0.0,Normal,0
2021-01-28 06:00:00,1100.0,0.0,25.2,24.96,25.2,19.4,19.2,0.49,14.5,14.7,0.0,Normal,0
2021-01-28 07:00:00,1100.0,0.0,25.04,24.7,25.16,19.24,19.2,0.49,14.6,15.0,0.0,Normal,0
2021-01-28 08:00:00,1100.0,0.0,25.0,24.84,25.01,19.2,19.35,0.48,15.22,15.52,0.0,Normal,0
2021-01-28 09:00:00,1100.0,0.0,25.17,25.08,25.2,19.28,19.69,0.49,16.04,16.16,0.0,Normal,0
2021-01-28 10:00:00,1100.0,0.0,25.3,25.37,25.3,19.47,20.25,0.49,16.98,17.08,0.0,Normal,0
2021-01-28 11:00:00,1100.0,0.0,25.53,25.73,25.53,19.78,20.68,0.48,17.98,18.26,0.0,Normal,0
2021-01-28 12:00:00,1100.0,0.0,25.75,26.17,25.83,20.24,21.16,0.49,18.77,19.43,0.0,Normal,0
2021-01-28 13:00:00,1100.0,0.0,26.05,26.43,26.2,20.62,21.57,0.49,19.5,20.38,0.0,Normal,0
2021-01-28 14:00:00,1100.0,0.0,26.31,26.77,26.57,21.08,22.11,0.52,20.1,20.79,0.0,Normal,0
2021-01-28 15:00:00,1100.0,0.0,26.57,27.19,27.05,21.42,22.7,0.48,21.0,21.21,0.0,Normal,0
2021-01-28 16:00:00,1100.0,0.0,26.83,27.57,27.53,21.76,23.19,0.48,21.15,21.53,0.0,Normal,0
2021-01-28 17:00:00,1100.0,0.0,27.17,27.86,27.81,22.1,23.4,0.48,20.63,21.19,0.0,Normal,0
2021-01-28 18:00:00,1100.0,0.0,27.39,28.1,28.09,22.24,23.4,0.49,20.06,20.61,0.0,Normal,0
2021-01-28 19:00:00,1100.0,0.0,27.52,28.1,28.1,22.3,23.4,0.48,19.57,20.2,0.0,Normal,0
2021-01-28 20:00:00,1100.0,0.0,27.6,28.14,28.1,22.29,23.21,0.49,19.08,19.6,0.0,Normal,0
2021-01-28 21:00:00,1100.0,0.0,27.64,28.1,28.1,22.1,23.05,0.48,18.41,18.85,0.0,Normal,0
2021-01-28 22:00:00,1100.0,0.0,27.71,28.1,27.95,22.1,22.77,0.48,18.06,18.43,0.0,Normal,0
2021-01-28 23:00:00,1100.0,0.0,27.61,27.82,27.8,21.85,22.53,0.49,17.67,18.07,0.0,Normal,0
2021-01-29 00:00:00,1100.0,0.0,27.6,27.75,27.79,21.8,22.33,0.49,17.57,18.05,0.0,Normal,0
2021-01-29 01:00:00,1100.0,0.0,27.6,27.6,27.61,21.63,22.28,0.49,17.47,17.91,0.0,Normal,0
2021-01-29 02:00:00,1100.0,0.0,27.6,27.6,27.6,21.6,22.1,0.48,17.6,18.07,0.0,Normal,0
2021-01-29 03:00:00,1100.0,0.0,27.6,27.6,27.6,21.6,22.1,0.49,17.6,17.98,0.0,Normal,0
2021-01-29 04:00:00,1100.0,0.0,27.56,27.56,27.6,21.6,22.1,0.49,17.44,17.78,0.0,Normal,0
2021-01-29 05:00:00,1100.0,0.0,27.4,27.4,27.43,21.48,21.91,0.49,17.11,17.38,0.0,Normal,0
2021-01-29 06:00:00,1100.0,0.0,27.4,27.27,27.4,21.4,21.66,0.49,16.65,16.87,0.0,Normal,0
2021-01-29 07:00:00,1100.0,0.0,27.21,27.02,27.27,21.23,21.42,0.49,16.45,16.56,0.0,Normal,0
2021-01-29 08:00:00,1100.0,0.0,27.14,26.9,27.2,21.2,21.29,0.49,16.45,16.65,0.0,Normal,0
2021-01-29 09:00:00,1100.0,0.0,26.91,26.9,27.2,21.2,21.44,0.49,17.28,17.79,0.0,Normal,0
2021-01-29 10:00:00,1100.0,0.0,27.19,27.1,27.2,21.25,21.72,0.5,18.53,19.05,0.0,Normal,0
2021-01-29 11:00:00,1100.0,0.0,27.26,27.36,27.39,21.48,22.24,0.51,19.57,19.85,0.0,Normal,0
2021-01-29 12:00:00,1100.0,0.0,27.43,27.66,27.7,21.77,22.78,0.5,20.43,20.99,0.0,Normal,0
2021-01-29 13:00:00,1100.0,0.0,27.64,28.03,28.16,22.21,23.37,0.51,21.4,21.71,0.0,Normal,0
2021-01-29 14:00:00,1100.0,0.0,27.92,28.4,28.63,22.53,23.92,0.52,21.7,21.79,0.0,Normal,0
2021-01-29 15:00:00,1100.0,0.0,28.22,28.7,29.09,22.84,24.34,0.51,21.39,21.68,0.0,Normal,0
2021-01-29 16:00:00,1100.0,0.0,28.43,28.9,29.2,23.04,24.49,0.51,20.72,21.21,0.0,Normal,0
2021-01-29 17:00:00,1100.0,0.0,28.55,29.04,29.2,23.2,24.3,0.51,19.94,20.58,0.0,Normal,0
2021-01-29 18:00:00,1100.0,0.0,28.7,29.0,29.2,23.07,24.12,0.49,19.3,20.01,0.0,Normal,0
2021-01-29 19:00:00,1100.0,0.0,28.7,28.9,28.99,23.0,23.79,0.48,19.03,19.59,0.0,Normal,0
2021-01-29 20:00:00,1100.0,0.0,28.7,28.82,28.9,22.95,23.51,0.48,18.4,18.94,0.0,Normal,0
2021-01-29 21:00:00,1100.0,0.0,28.57,28.63,28.71,22.7,23.22,0.48,17.99,18.45,0.0,Normal,0
2021-01-29 22:00:00,1100.0,0.0,28.5,28.43,28.58,22.57,22.89,0.49,17.66,18.21,0.0,Normal,0
2021-01-29 23:00:00,1100.0,0.0,28.31,28.24,28.46,22.47,22.59,0.48,17.48,17.89,0.0,Normal,0
2021-01-30 00:00:00,1100.0,0.0,28.21,28.03,28.29,22.25,22.41,0.48,17.01,17.49,0.0,Normal,0
2021-01-30 01:00:00,1100.0,0.0,28.04,27.72,28.09,21.92,22.19,0.49,16.4,16.99,0.0,Normal,0
2021-01-30 02:00:00,1100.0,0.0,27.75,27.47,27.79,21.66,21.69,0.48,15.9,16.38,0.0,Normal,0
2021-01-30 03:00:00,1100.0,0.0,27.57,27.25,27.53,21.45,21.47,0.48,15.43,15.91,0.0,Normal,0
2021-01-30 04:00:00,1100.0,0.0,27.4,27.01,27.29,21.15,21.36,0.49,15.56,16.14,0.0,Normal,0
2021-01-30 05:00:00,1100.0,0.0,27.22,26.81,27.19,20.91,21.2,0.49,15.71,16.36,0.0,Normal,0
2021-01-30 06:00:00,1100.0,0.0,27.05,26.7,26.91,20.7,21.15,0.49,15.61,16.37,0.0,Normal,0
2021-01-30 07:00:00,1100.0,0.0,26.9,26.56,26.83,20.58,20.92,0.49,15.28,15.83,0.0,Normal,0
2021-01-30 08:00:00,1100.0,0.0,26.71,26.5,26.58,20.5,20.7,0.51,15.2,15.58,0.0,Normal,0
2021-01-30 09:00:00,1100.0,0.0,26.7,26.37,26.43,20.45,20.7,0.51,15.39,15.85,0.0,Normal,0
2021-01-30 10:00:00,1100.0,0.0,26.51,26.3,26.3,20.3,20.7,0.51,15.58,16.06,0.0,Normal,0
2021-01-30 11:00:00,1100.0,0.0,26.5,26.3,26.3,20.3,20.7,0.51,15.68,16.18,0.0,Normal,0
2021-01-30 12:00:00,1100.0,0.0,26.5,26.3,26.3,20.3,20.7,0.53,15.62,16.2,0.0,Normal,0
2021-01-30 13:00:00,1100.0,0.0,26.5,26.3,26.3,20.3,20.7,0.51,16.03,16.51,0.0,Normal,0
2021-01-30 14:00:00,1100.0,0.0,26.5,26.3,26.3,20.3,20.8,0.52,16.43,17.01,0.0,Normal,0
2021-01-30 15:00:00,1100.0,0.0,26.5,26.3,26.3,20.5,21.0,0.52,16.61,17.15,0.0,Normal,0
2021-01-30 16:00:00,1100.0,0.0,26.5,26.44,26.32,20.5,21.0,0.52,16.47,16.94,0.0,Normal,0
2021-01-30 17:00:00,1100.0,0.0,26.5,26.48,26.3,20.5,21.0,0.52,16.21,16.57,0.0,Normal,0
2021-01-30 18:00:00,1100.0,0.0,26.5,26.31,26.3,20.5,21.0,0.5,16.03,16.39,0.0,Normal,0
2021-01-30 19:00:00,1100.0,0.0,26.5,26.3,26.3,20.34,21.0,0.48,15.9,16.3,0.0,Normal,0
2021-01-30 20:00:00,1100.0,0.0,26.32,26.29,26.3,20.3,20.73,0.49,15.9,16.3,0.0,Normal,0
2021-01-30 21:00:00,1100.0,0.0,26.3,26.1,26.24,20.2,20.7,0.49,15.83,16.27,0.0,Normal,0
2021-01-30 22:00:00,1100.0,0.0,26.28,26.1,26.1,20.1,20.62,0.49,15.6,16.11,0.0,Normal,0
2021-01-30 23:00:00,1100.0,0.0,26.1,25.83,26.1,19.94,20.5,0.49,15.47,15.98,0.0,Normal,0
2021-01-31 00:00:00,1100.0,0.0,26.1,25.8,26.0,19.8,20.45,0.48,15.4,15.85,0.0,Normal,0
2021-01-31 01:00:00,1100.0,0.0,25.93,25.65,25.8,19.72,20.3,0.49,15.25,15.69,0.0,Normal,0
2021-01-31 02:00:00,1100.0,0.0,25.8,25.6,25.79,19.6,20.28,0.49,15.13,15.43,0.0,Normal,0
2021-01-31 03:00:00,1100.0,0.0,25.76,25.48,25.6,19.52,20.1,0.48,15.0,15.37,0.0,Normal,0
2021-01-31 04:00:00,1100.0,0.0,25.6,25.4,25.6,19.4,20.09,0.48,14.99,15.37,0.0,Normal,0
2021-01-31 05:00:00,1100.0,0.0,25.6,25.29,25.47,19.39,19.81,0.48,14.7,15.13,0.0,Normal,0
2021-01-31 06:00:00,1100.0,0.0,25.42,25.2,25.4,19.2,19.8,0.49,14.7,15.0,0.0,Normal,0
2021-01-31 07:00:00,1100.0,0.0,25.4,25.13,25.3,19.15,19.6,0.49,14.52,15.02,0.0,Normal,0
2021-01-31 08:00:00,1100.0,0.0,25.26,25.0,25.2,19.0,19.6,0.5,14.5,14.93,0.0,Normal,0
2021-01-31 09:00:00,1100.0,0.0,25.2,25.0,25.2,19.0,19.6,0.51,14.64,15.03,0.0,Normal,0
2021-01-31 10:00:00,1100.0,0.0,25.2,25.0,25.11,19.0,19.6,0.52,14.8,15.26,0.0,Normal,0
2021-01-31 11:00:00,1100.0,0.0,25.2,25.0,25.0,19.01,19.6,0.51,15.21,15.74,0.0,Normal,0
2021-01-31 12:00:00,1100.0,0.0,25.2,25.04,25.19,19.2,19.69,0.51,15.62,16.26,0.0,Normal,0
2021-01-31 13:00:00,1100.0,0.0,25.2,25.2,25.22,19.24,19.92,0.51,16.08,17.19,0.0,Normal,0
2021-01-31 14:00:00,1100.0,0.0,25.33,25.31,25.4,19.4,20.19,0.51,16.58,17.23,0.0,Normal,0
2021-01-31 15:00:00,1100.0,0.0,25.4,25.45,25.54,19.59,20.42,0.51,17.0,17.36,0.0,Normal,0
2021-01-31 16:00:00,1100.0,0.0,25.54,25.6,25.7,19.72,20.64,0.49,17.2,17.53,0.0,Normal,0
2021-01-31 17:00:00,1100.0,0.0,25.6,25.78,25.8,19.81,20.7,0.48,17.03,17.47,0.0,Normal,0
2021-01-31 18:00:00,1100.0,0.0,25.72,25.8,25.8,20.1,20.7,0.48,16.63,17.12,0.0,Normal,0
2021-01-31 19:00:00,1100.0,0.0,25.8,25.8,25.8,20.1,20.7,0.49,16.29,16.69,0.0,Normal,0
2021-01-31 20:00:00,1100.0,0.0,25.8,25.8,25.8,20.07,20.64,0.48,16.1,16.34,0.0,Normal,0
2021-01-31 21:00:00,1100.0,0.0,25.8,25.8,25.8,19.8,20.5,0.48,15.81,16.12,0.0,Normal,0
2021-01-31 22:00:00,1100.0,0.0,25.8,25.63,25.71,19.76,20.37,0.49,15.51,16.04,0.0,Normal,0
2021-01-31 23:00:00,1100.0,0.0,25.61,25.58,25.6,19.6,20.21,0.48,15.21,15.73,0.0,Normal,0
2021-02-01 00:00:00,1100.0,0.0,25.6,25.4,25.6,19.43,20.0,0.48,15.0,15.48,0.0,Normal,0
2021-02-01 01:00:00,1100.0,0.0,25.48,25.32,25.4,19.4,19.8,0.48,15.0,15.39,0.0,Normal,0
2021-02-01 02:00:00,1100.0,0.0,25.4,25.2,25.4,19.28,19.65,0.48,14.72,15.21,0.0,Normal,0
2021-02-01 03:00:00,1100.0,0.0,25.27,24.99,25.23,19.2,19.34,0.49,13.81,14.13,0.0,Normal,0
2021-02-01 04:00:00,1100.0,0.0,24.99,24.55,24.99,19.03,18.75,0.49,13.03,13.39,0.0,Normal,0
2021-02-01 05:00:00,1100.0,0.0,24.62,24.2,24.69,18.69,18.36,0.49,13.12,13.28,0.0,Normal,0
2021-02-01 06:00:00,1100.0,0.0,24.43,24.03,24.5,18.5,18.22,0.48,13.2,13.29,0.0,Normal,0
2021-02-01 07:00:00,1100.0,0.0,24.3,23.8,24.4,18.37,18.1,0.48,13.2,13.24,0.0,Normal,0
2021-02-01 08:00:00,1100.0,0.0,24.17,23.8,24.3,18.3,18.1,0.49,13.36,13.51,0.0,Normal,0
2021-02-01 09:00:00,1100.0,0.0,24.1,23.8,24.3,18.3,18.2,0.49,14.1,14.28,0.0,Normal,0
2021-02-01 10:00:00,1100.0,0.0,24.18,23.94,24.3,18.3,18.44,0.48,14.74,15.04,0.0,Normal,0
2021-02-01 11:00:00,1100.0,0.0,24.3,24.15,24.36,18.46,18.85,0.49,15.65,15.87,0.0,Normal,0
2021-02-01 12:00:00,1100.0,0.0,24.4,24.38,24.61,18.62,19.4,0.49,16.57,16.86,0.0,Normal,0
2021-02-01 13:00:00,1100.0,0.0,24.57,24.64,25.04,18.92,19.95,0.48,17.26,17.48,0.0,Normal,0
2021-02-01 14:00:00,1100.0,0.0,24.81,25.05,25.37,19.2,20.48,0.48,18.04,18.21,0.0,Normal,0
2021-02-01 15:00:00,1100.0,0.0,25.11,25.34,25.72,19.49,20.98,0.48,18.37,18.46,0.0,Normal,0
2021-02-01 16:00:00,1100.0,0.0,25.33,25.64,26.08,19.73,21.28,0.48,18.31,18.5,0.0,Normal,0
2021-02-01 17:00:00,1100.0,0.0,25.52,25.8,26.22,20.03,21.4,0.48,18.0,18.29,0.0,Normal,0
2021-02-01 18:00:00,1100.0,0.0,25.61,26.09,26.3,20.1,21.37,0.48,17.45,17.97,0.0,Normal,0
2021-02-01 19:00:00,1100.0,0.0,25.8,26.1,26.3,20.1,21.2,0.48,17.08,17.58,0.0,Normal,0
2021-02-01 20:00:00,1100.0,0.0,25.8,26.1,26.13,20.1,21.09,0.48,16.45,17.04,0.0,Normal,0
2021-02-01 21:00:00,1100.0,0.0,25.8,25.9,26.1,20.1,20.69,0.48,15.94,16.22,0.0,Normal,0
2021-02-01 22:00:00,1100.0,0.0,25.76,25.7,25.89,19.91,20.39,0.48,15.55,15.82,0.0,Normal,0
2021-02-01 23:00:00,1100.0,0.0,25.6,25.51,25.73,19.78,20.02,0.48,14.89,15.2,0.0,Normal,0
2021-02-02 00:00:00,1100.0,0.0,25.44,25.26,25.54,19.6,19.59,0.48,14.33,14.71,0.0,Normal,0
2021-02-02 01:00:00,1100.0,0.0,25.23,24.88,25.32,19.4,19.17,0.48,13.86,14.26,0.0,Normal,0
2021-02-02 02:00:00,1100.0,0.0,24.94,24.56,25.11,19.19,18.75,0.49,13.43,13.84,0.0,Normal,0
2021-02-02 03:00:00,1100.0,0.0,24.65,24.3,24.85,19.0,18.46,0.48,13.4,13.73,0.0,Normal,0
2021-02-02 04:00:00,1100.0,0.0,24.47,24.1,24.62,18.72,18.27,0.49,13.2,13.46,0.0,Normal,0
2021-02-02 05:00:00,1100.0,0.0,24.3,23.82,24.44,18.52,18.1,0.48,13.17,13.33,0.0,Normal,0
2021-02-02 06:00:00,1100.0,0.0,24.11,23.63,24.28,18.37,17.9,0.48,12.91,13.1,0.0,Normal,0
2021-02-02 07:00:00,1100.0,0.0,23.84,23.45,24.1,18.23,17.61,0.49,12.72,13.03,0.0,Normal,0
2021-02-02 08:00:00,1100.0,0.0,23.69,23.4,23.8,18.1,17.62,0.49,13.31,13.53,0.0,Normal,0
2021-02-02 09:00:00,1100.0,0.0,23.74,23.49,23.8,18.1,18.01,0.48,14.37,14.55,0.0,Normal,0
2021-02-02 10:00:00,1100.0,0.0,23.8,23.68,23.99,18.19,18.37,0.48,15.36,15.46,0.0,Normal,0
2021-02-02 11:00:00,1100.0,0.0,24.06,23.96,24.2,18.41,18.88,0.48,16.41,16.55,0.0,Normal,0
2021-02-02 12:00:00,1100.0,0.0,24.25,24.34,24.51,18.75,19.49,0.49,17.58,17.66,0.0,Normal,0
2021-02-02 13:00:00,1100.0,0.0,24.51,24.75,24.97,19.15,20.17,0.48,18.24,18.34,0.0,Normal,0
2021-02-02 14:00:00,1100.0,0.0,24.82,25.21,25.39,19.53,20.74,0.48,19.01,19.13,0.0,Normal,0
2021-02-02 15:00:00,1100.0,0.0,25.17,25.61,25.75,20.01,21.27,0.48,19.69,19.82,0.0,Normal,0
2021-02-02 16:00:00,1100.0,0.0,25.49,26.06,26.17,20.42,21.68,0.48,20.1,20.29,0.0,Normal,0
2021-02-02 17:00:00,1100.0,0.0,25.74,26.4,26.42,20.69,21.97,0.48,19.7,20.05,0.0,Normal,0
2021-02-02 18:00:00,1100.0,0.0,26.04,26.6,26.55,20.96,22.1,0.48,18.96,19.45,0.0,Normal,0
2021-02-02 19:00:00,1100.0,0.0,26.21,26.7,26.7,21.0,22.03,0.48,18.4,19.1,0.0,Normal,0
2021-02-02 20:00:00,1100.0,0.0,26.3,26.7,26.7,21.0,21.8,0.48,17.95,18.59,0.0,Normal,0
2021-02-02 21:00:00,1100.0,0.0,26.38,26.7,26.7,20.91,21.59,0.48,17.1,17.84,0.0,Normal,0
2021-02-02 22:00:00,1100.0,0.0,26.32,26.55,26.53,20.69,21.25,0.48,16.2,16.69,0.0,Normal,0
2021-02-02 23:00:00,1100.0,0.0,26.28,26.26,26.43,20.5,20.78,0.48,15.58,15.93,0.0,Normal,0
2021-02-03 00:00:00,1100.0,0.0,26.1,25.95,26.26,20.28,20.36,0.48,15.07,15.28,0.0,Normal,0
2021-02-03 01:00:00,1100.0,0.0,25.82,25.63,26.09,20.1,19.96,0.48,14.74,15.06,0.0,Normal,0
2021-02-03 02:00:00,1100.0,0.0,25.63,25.38,25.8,19.8,19.64,0.48,14.62,14.84,0.0,Normal,0
2021-02-03 03:00:00,1100.0,0.0,25.47,25.2,25.63,19.63,19.44,0.48,14.7,14.72,0.0,Normal,0
2021-02-03 04:00:00,1100.0,0.0,25.38,25.07,25.52,19.5,19.34,0.48,14.57,14.62,0.0,Normal,0
2021-02-03 05:00:00,1100.0,0.0,25.2,25.0,25.4,19.4,19.2,0.48,14.7,14.79,0.0,Normal,0
2021-02-03 06:00:00,1100.0,0.0,25.2,24.94,25.34,19.31,19.2,0.48,14.7,14.7,0.0,Normal,0
2021-02-03 07:00:00,1100.0,0.0,25.1,24.7,25.2,19.2,19.2,0.48,14.59,14.58,0.0,Normal,0
2021-02-03 08:00:00,1100.0,0.0,25.0,24.7,25.2,19.2,19.2,0.48,14.7,14.7,0.0,Normal,0
2021-02-03 09:00:00,1100.0,0.0,25.0,24.7,25.04,19.2,19.2,0.49,15.02,15.14,0.0,Normal,0
2021-02-03 10:00:00,1100.0,0.0,25.0,24.7,25.0,19.2,19.32,0.49,15.46,15.67,0.0,Normal,0
2021-02-03 11:00:00,1100.0,0.0,25.0,24.89,25.14,19.2,19.45,0.49,15.79,16.09,0.0,Normal,0
2021-02-03 12:00:00,1100.0,0.0,25.06,25.0,25.2,19.32,19.68,0.49,16.37,16.83,0.0,Normal,0
2021-02-03 13:00:00,1100.0,0.0,25.2,25.2,25.29,19.44,19.93,0.48,16.51,17.2,0.0,Normal,0
2021-02-03 14:00:00,1100.0,0.0,25.23,25.33,25.4,19.6,20.17,0.49,16.5,17.25,0.0,Normal,0
2021-02-03 15:00:00,1100.0,0.0,25.4,25.41,25.52,19.64,20.3,0.48,16.7,17.34,0.0,Normal,0
2021-02-03 16:00:00,1100.0,0.0,25.4,25.6,25.6,19.8,20.48,0.49,16.6,17.26,0.0,Normal,0
2021-02-03 17:00:00,1100.0,0.0,25.59,25.6,25.6,19.8,20.5,0.49,16.5,17.2,0.0,Normal,0
2021-02-03 18:00:00,1100.0,0.0,25.6,25.6,25.6,19.8,20.5,0.48,16.4,17.0,0.0,Normal,0
2021-02-03 19:00:00,1100.0,0.0,25.6,25.77,25.71,19.8,20.5,0.49,16.3,16.81,0.0,Normal,0
2021-02-03 20:00:00,1100.0,0.0,25.6,25.8,25.77,19.8,20.5,0.49,16.27,16.64,0.0,Normal,0
2021-02-03 21:00:00,1100.0,0.0,25.6,25.76,25.67,19.8,20.48,0.49,16.05,16.32,0.0,Normal,0
2021-02-03 22:00:00,1100.0,0.0,25.6,25.6,25.6,19.8,20.3,0.49,15.71,15.94,0.0,Normal,0
2021-02-03 23:00:00,1100.0,0.0,25.6,25.56,25.6,19.79,20.14,0.48,15.4,15.53,0.0,Normal,0
2021-02-04 00:00:00,1100.0,0.0,25.6,25.4,25.6,19.6,20.1,0.49,15.41,15.98,0.0,Normal,0
2021-02-04 01:00:00,1100.0,0.0,25.6,25.45,25.6,19.6,20.17,0.48,15.63,16.37,0.0,Normal,0
2021-02-04 02:00:00,1100.0,0.0,25.6,25.64,25.6,19.6,20.42,0.49,16.26,16.82,0.0,Normal,0
2021-02-04 03:00:00,1100.0,0.0,25.78,25.8,25.6,19.77,20.5,0.48,16.07,16.3,0.0,Normal,0
2021-02-04 04:00:00,1100.0,0.0,25.79,25.73,25.6,19.79,20.41,0.49,15.7,15.97,0.0,Normal,0
2021-02-04 05:00:00,1100.0,0.0,25.61,25.6,25.6,19.6,20.3,0.49,15.5,15.72,0.0,Normal,0
2021-02-04 06:00:00,1100.0,0.0,25.6,25.59,25.6,19.6,20.13,0.48,15.49,15.6,0.0,Normal,0
2021-02-04 07:00:00,1100.0,0.0,25.6,25.4,25.52,19.53,19.98,0.49,15.23,15.26,0.0,Normal,0
2021-02-04 08:00:00,1100.0,0.0,25.41,25.38,25.4,19.4,20.42,0.49,15.49,15.68,0.0,Normal,0
2021-02-04 09:00:00,1100.0,0.0,25.54,25.54,25.59,19.51,22.31,0.49,16.66,16.78,0.0,Normal,0
2021-02-04 10:00:00,1100.0,0.0,25.63,25.8,25.8,19.67,22.5,0.49,17.25,17.51,0.0,Normal,0
2021-02-04 11:00:00,1100.0,0.0,25.81,26.15,26.08,19.93,22.5,0.48,17.88,19.07,0.0,Normal,0
2021-02-04 12:00:00,1100.0,0.0,26.16,26.48,26.27,20.26,22.62,0.49,18.49,19.59,0.0,Normal,0
2021-02-04 13:00:00,1100.0,0.0,26.39,26.79,26.53,20.59,22.8,0.49,19.0,19.71,0.0,Normal,0
2021-02-04 14:00:00,1100.0,0.0,26.53,26.97,26.77,20.88,23.0,0.49,19.0,19.62,0.0,Normal,0
2021-02-04 15:00:00,1100.0,0.0,26.7,27.2,27.0,21.08,23.0,0.49,19.07,19.6,0.0,Normal,0
2021-02-04 16:00:00,1100.0,0.0,26.84,27.33,27.2,21.21,23.0,0.49,18.85,19.47,0.0,Normal,0
2021-02-04 17:00:00,1100.0,0.0,26.9,27.4,27.31,21.4,22.81,0.49,18.33,18.95,0.0,Normal,0
2021-02-04 18:00:00,1100.0,0.0,27.02,27.4,27.25,21.36,22.58,0.49,17.45,18.24,0.0,Normal,0
2021-02-04 19:00:00,1100.0,0.0,26.94,27.21,27.2,21.18,22.3,0.48,16.77,17.67,0.0,Normal,0
2021-02-04 20:00:00,1100.0,0.0,26.9,26.97,27.01,20.99,22.0,0.48,16.41,17.28,0.0,Normal,0
2021-02-04 21:00:00,1100.0,0.0,26.88,26.81,26.87,20.71,21.69,0.48,16.07,16.86,0.0,Normal,0
2021-02-04 22:00:00,1100.0,0.0,26.7,26.65,26.7,20.54,21.44,0.48,15.86,16.62,0.0,Normal,0
2021-02-04 23:00:00,1100.0,0.0,26.68,26.5,26.56,20.44,21.19,0.48,15.46,16.14,0.0,Normal,0
2021-02-05 00:00:00,1100.0,0.0,26.5,26.35,26.45,20.3,20.85,0.49,15.35,15.96,0.0,Normal,0
2021-02-05 01:00:00,1100.0,0.0,26.34,26.09,26.3,20.25,20.45,0.49,15.15,15.59,0.0,Normal,0
2021-02-05 02:00:00,1100.0,0.0,26.16,25.75,26.14,20.1,20.21,0.48,14.86,15.19,0.0,Normal,0
2021-02-05 03:00:00,1100.0,0.0,25.89,25.49,25.92,19.83,19.82,0.48,14.5,14.58,0.0,Normal,0
2021-02-05 04:00:00,1100.0,0.0,25.64,25.26,25.69,19.63,19.6,0.48,14.36,14.47,0.0,Normal,0
2021-02-05 05:00:00,1100.0,0.0,25.54,25.2,25.57,19.45,19.6,0.48,14.32,14.5,0.0,Normal,0
2021-02-05 06:00:00,1100.0,0.0,25.4,25.0,25.4,19.24,19.44,0.48,14.23,14.62,0.0,Normal,0
2021-02-05 07:00:00,1100.0,0.0,25.25,24.98,25.29,19.03,19.4,0.48,14.32,14.7,0.0,Normal,0
2021-02-05 08:00:00,1100.0,0.0,25.2,24.83,25.2,19.0,19.53,0.48,14.65,14.92,0.0,Normal,0
2021-02-05 09:00:00,1100.0,0.0,25.2,24.93,25.2,19.0,19.6,0.49,14.31,14.72,0.0,Normal,0
2021-02-05 10:00:00,1100.0,0.0,25.09,24.7,25.0,18.74,19.6,0.49,13.91,14.48,0.0,Normal,0
2021-02-05 11:00:00,1100.0,0.0,25.0,24.61,24.92,18.65,19.46,0.48,13.9,14.34,0.0,Normal,0
2021-02-05 12:00:00,1100.0,0.0,24.97,24.5,24.7,18.5,19.4,0.49,14.16,14.45,0.0,Normal,0
2021-02-05 13:00:00,1100.0,0.0,24.7,24.5,24.7,18.5,19.43,0.49,14.31,14.66,0.0,Normal,0
2021-02-05 14:00:00,1100.0,0.0,24.7,24.55,24.7,18.62,19.6,0.49,14.77,15.18,0.0,Normal,0
2021-02-05 15:00:00,1100.0,0.0,24.9,24.7,24.83,18.78,19.64,0.49,15.63,15.74,0.0,Normal,0
2021-02-05 16:00:00,1100.0,0.0,25.0,24.91,25.0,19.0,19.8,0.49,15.9,16.08,0.0,Normal,0
2021-02-05 17:00:00,1100.0,0.0,25.0,25.0,25.03,19.16,19.93,0.49,15.83,16.1,0.0,Normal,0
2021-02-05 18:00:00,1100.0,0.0,25.03,25.0,25.2,19.2,19.91,0.48,15.54,15.92,0.0,Normal,0
2021-02-05 19:00:00,1100.0,0.0,25.2,25.01,25.2,19.2,19.8,0.48,15.36,15.69,0.0,Normal,0
2021-02-05 20:00:00,1100.0,0.0,25.2,25.0,25.03,19.2,19.8,0.48,15.19,15.41,0.0,Normal,0
2021-02-05 21:00:00,1100.0,0.0,25.2,25.0,25.0,19.2,19.72,0.48,15.2,15.41,0.0,Normal,0
2021-02-05 22:00:00,1100.0,0.0,25.15,25.0,25.0,19.15,19.6,0.48,15.07,15.4,0.0,Normal,0
2021-02-05 23:00:00,1100.0,0.0,25.0,24.96,25.0,19.0,19.6,0.49,14.77,15.29,0.0,Normal,0
2021-02-06 00:00:00,1100.0,0.0,25.0,24.69,24.9,18.81,19.42,0.48,14.29,15.0,0.0,Normal,0
2021-02-06 01:00:00,1100.0,0.0,24.71,24.5,24.7,18.56,19.25,0.49,14.09,14.7,0.0,Normal,0
2021-02-06 02:00:00,1100.0,0.0,24.64,24.33,24.6,18.43,19.08,0.48,13.83,14.45,0.0,Normal,0
2021-02-06 03:00:00,1100.0,0.0,24.5,24.29,24.5,18.3,18.92,0.48,13.56,14.15,0.0,Normal,0
2021-02-06 04:00:00,1100.0,0.0,24.46,24.1,24.33,18.19,18.7,0.49,13.33,13.46,0.0,Normal,0
2021-02-06 05:00:00,1100.0,0.0,24.3,24.1,24.17,18.1,18.5,0.49,13.11,13.43,0.0,Normal,0
2021-02-06 06:00:00,1100.0,0.0,24.24,23.86,24.07,17.97,18.34,0.49,13.08,13.57,0.0,Normal,0
2021-02-06 07:00:00,1100.0,0.0,24.0,23.56,23.8,17.64,18.17,0.49,12.7,13.45,0.0,Normal,0
2021-02-06 08:00:00,1100.0,0.0,23.74,23.36,23.65,17.38,18.01,0.49,12.53,13.19,0.0,Normal,0
2021-02-06 09:00:00,1100.0,0.0,23.58,23.19,23.54,17.2,17.76,0.49,12.57,12.92,0.0,Normal,0
2021-02-06 10:00:00,1100.0,0.0,23.4,23.0,23.4,17.15,17.6,0.48,12.83,13.12,0.0,Normal,0
2021-02-06 11:00:00,1100.0,0.0,23.4,23.0,23.4,17.17,17.6,0.48,13.21,13.53,0.0,Normal,0
2021-02-06 12:00:00,1100.0,0.0,23.4,23.12,23.4,17.24,17.73,0.48,13.76,13.98,0.0,Normal,0
2021-02-06 13:00:00,1100.0,0.0,23.4,23.29,23.4,17.45,17.99,0.49,14.25,14.33,0.0,Normal,0
2021-02-06 14:00:00,1100.0,0.0,23.4,23.4,23.4,17.6,18.1,0.49,13.37,13.63,0.0,Normal,0
2021-02-06 15:00:00,1100.0,0.0,23.4,23.4,23.4,17.6,18.1,0.48,13.46,13.94,0.0,Normal,0
2021-02-06 16:00:00,1100.0,0.0,23.4,23.4,23.4,17.59,18.1,0.48,13.52,13.95,0.0,Normal,0
2021-02-06 17:00:00,1100.0,0.0,23.4,23.32,23.4,17.4,18.1,0.48,13.34,13.82,0.0,Normal,0
2021-02-06 18:00:00,1100.0,0.0,23.4,23.2,23.4,17.37,17.9,0.48,13.17,13.6,0.0,Normal,0
2021-02-06 19:00:00,1100.0,0.0,23.37,23.14,23.26,17.2,17.9,0.48,13.03,13.45,0.0,Normal,0
2021-02-06 20:00:00,1100.0,0.0,23.2,23.0,23.2,17.12,17.61,0.48,12.85,13.32,0.0,Normal,0
2021-02-06 21:00:00,1100.0,0.0,23.2,22.85,23.16,16.98,17.53,0.48,12.56,13.12,0.0,Normal,0
2021-02-06 22:00:00,1100.0,0.0,23.0,22.67,23.0,16.69,17.36,0.48,12.2,12.79,0.0,Normal,0
2021-02-06 23:00:00,1100.0,0.0,22.85,22.5,22.79,16.49,17.19,0.49,11.99,12.59,0.0,Normal,0
2021-02-07 00:00:00,1100.0,0.0,22.7,22.32,22.66,16.3,17.0,0.48,11.91,12.5,0.0,Normal,0
2021-02-07 01:00:00,1100.0,0.0,22.5,22.27,22.5,16.26,16.91,0.48,11.94,12.39,0.0,Normal,0
2021-02-07 02:00:00,1100.0,0.0,22.45,22.1,22.4,16.1,16.7,0.48,11.9,12.3,0.0,Normal,0
2021-02-07 03:00:00,1100.0,0.0,22.3,21.89,22.3,15.99,16.56,0.49,11.49,12.1,0.0,Normal,0
2021-02-07 04:00:00,1100.0,0.0,22.15,21.73,22.12,15.84,16.43,0.49,11.35,11.98,0.0,Normal,0
2021-02-07 05:00:00,1100.0,0.0,22.06,21.6,22.01,15.6,16.3,0.48,11.4,11.91,0.0,Normal,0
2021-02-07 06:00:00,1100.0,0.0,21.8,21.55,21.8,15.6,16.26,0.48,11.33,11.9,0.0,Normal,0
2021-02-07 07:00:00,1100.0,0.0,21.79,21.4,21.74,15.41,16.1,0.49,11.27,11.9,0.0,Normal,0
2021-02-07 08:00:00,1100.0,0.0,21.6,21.4,21.6,15.4,16.1,0.49,11.36,11.9,0.0,Normal,0
2021-02-07 09:00:00,1100.0,0.0,21.6,21.4,21.6,15.4,16.1,0.49,11.44,12.1,0.0,Normal,0
2021-02-07 10:00:00,1100.0,0.0,21.6,21.4,21.6,15.4,16.1,0.49,11.73,13.62,0.0,Normal,0
2021-02-07 11:00:00,1100.0,0.0,21.6,21.4,21.6,15.54,16.19,0.48,12.07,12.88,0.0,Normal,0
2021-02-07 12:00:00,1100.0,0.0,21.6,21.5,21.6,15.71,16.32,0.48,12.55,13.19,0.0,Normal,0
2021-02-07 13:00:00,1100.0,0.0,21.76,21.73,21.76,16.0,16.58,0.48,13.18,15.37,0.0,Normal,0
2021-02-07 14:00:00,1100.0,0.0,21.99,22.06,21.97,16.25,17.01,0.48,13.41,15.16,0.0,Normal,0
2021-02-07 15:00:00,1100.0,0.0,22.14,22.28,22.11,16.45,17.2,0.48,13.54,14.05,0.0,Normal,0
2021-02-07 16:00:00,1100.0,0.0,22.3,22.3,22.3,16.5,17.2,0.48,13.29,13.8,0.0,Normal,0
2021-02-07 17:00:00,1100.0,0.0,22.3,22.3,22.3,16.5,17.2,0.48,13.2,13.6,0.0,Normal,0
2021-02-07 18:00:00,1100.0,0.0,22.3,22.3,22.3,16.5,17.2,0.49,13.2,13.46,0.0,Normal,0
2021-02-07 19:00:00,1100.0,0.0,22.33,22.3,22.3,16.5,17.2,0.48,13.05,13.39,0.0,Normal,0
2021-02-07 20:00:00,1100.0,0.0,22.48,22.3,22.3,16.5,17.2,0.49,13.0,13.26,0.0,Normal,0
2021-02-07 21:00:00,1100.0,0.0,22.45,22.3,22.3,16.5,17.18,0.48,12.76,13.19,0.0,Normal,0
2021-02-07 22:00:00,1100.0,0.0,22.3,22.3,22.3,16.42,17.0,0.48,12.56,12.97,0.0,Normal,0
2021-02-07 23:00:00,1100.0,0.0,22.3,22.25,22.3,16.3,17.0,0.48,12.45,12.81,0.0,Normal,0
2021-02-08 00:00:00,1100.0,0.0,22.3,22.1,22.3,16.3,16.82,0.48,12.3,12.68,0.0,Normal,0
2021-02-08 01:00:00,1100.0,0.0,22.3,22.1,22.13,16.12,16.7,0.49,12.13,12.5,0.0,Normal,0
2021-02-08 02:00:00,1100.0,0.0,22.15,21.94,22.1,16.1,16.67,0.48,12.1,12.31,0.0,Normal,0
2021-02-08 03:00:00,1100.0,0.0,22.1,21.8,22.1,16.0,16.5,0.48,12.1,12.2,0.0,Normal,0
2021-02-08 04:00:00,1100.0,0.0,22.1,21.76,21.97,15.9,16.38,0.48,11.92,11.82,0.0,Normal,0
2021-02-08 05:00:00,1100.0,0.0,21.82,21.6,21.8,15.9,16.27,0.48,11.78,11.71,0.0,Normal,0
2021-02-08 06:00:00,1100.0,0.0,21.8,21.58,21.8,15.73,16.1,0.48,11.6,11.6,0.0,Normal,0
2021-02-08 07:00:00,1100.0,0.0,21.76,21.4,21.65,15.6,16.1,0.48,11.66,11.75,0.0,Normal,0
2021-02-08 08:00:00,1100.0,0.0,21.63,21.46,21.6,15.65,16.18,0.48,12.23,12.29,0.0,Normal,0
2021-02-08 09:00:00,1100.0,0.0,21.8,21.67,21.76,15.99,16.4,0.48,13.22,13.11,0.0,Normal,0
2021-02-08 10:00:00,1100.0,0.0,21.8,21.8,21.8,16.1,16.5,0.47,13.6,13.4,0.0,Normal,0
2021-02-08 11:00:00,1100.0,0.0,21.8,21.8,21.8,16.1,16.5,0.47,13.6,13.4,0.0,Normal,0
2021-02-08 12:00:00,1100.0,0.0,21.8,21.8,21.8,16.1,16.5,0.47,13.6,13.4,0.0,Normal,0
2021-02-08 13:00:00,1100.0,0.0,21.8,21.8,21.8,16.1,16.5,0.47,13.6,13.4,0.0,Normal,0
2021-02-08 14:00:00,1100.0,0.0,21.9,21.93,21.9,16.23,16.63,0.48,13.79,13.58,0.0,Normal,0
2021-02-08 15:00:00,1100.0,0.0,23.95,24.6,24.14,19.07,19.42,0.49,17.3,16.8,0.0,Normal,0
2021-02-08 16:00:00,1100.0,0.0,24.28,24.95,24.4,19.2,19.6,0.49,16.74,16.5,0.0,Normal,0
2021-02-08 17:00:00,1100.0,0.0,24.47,25.0,24.5,19.2,19.71,0.48,16.5,16.4,0.0,Normal,0
2021-02-08 18:00:00,1100.0,0.0,24.6,25.17,24.69,19.38,19.8,0.48,16.5,16.3,0.0,Normal,0
2021-02-08 19:00:00,1100.0,0.0,24.7,25.2,24.7,19.4,19.8,0.48,16.18,16.16,0.0,Normal,0
2021-02-08 20:00:00,1100.0,0.0,24.7,25.16,24.7,19.22,19.76,0.48,15.77,15.88,0.0,Normal,0
2021-02-08 21:00:00,1100.0,0.0,24.7,25.0,24.7,19.18,19.6,0.48,15.47,15.6,0.0,Normal,0
2021-02-08 22:00:00,1100.0,0.0,24.7,24.99,24.7,19.0,19.57,0.48,15.25,15.45,0.0,Normal,0
2021-02-08 23:00:00,1100.0,0.0,24.7,24.7,24.7,19.0,19.4,0.48,15.2,15.4,0.0,Normal,0
2021-02-09 00:00:00,1100.0,0.0,24.7,24.7,24.7,18.78,19.4,0.48,15.0,15.21,0.0,Normal,0
2021-02-09 01:00:00,1100.0,0.0,24.7,24.7,24.58,18.7,19.34,0.48,14.83,15.09,0.0,Normal,0
2021-02-09 02:00:00,1100.0,0.0,24.61,24.58,24.5,18.7,19.2,0.48,14.61,14.79,0.0,Normal,0
2021-02-09 03:00:00,1100.0,0.0,24.5,24.5,24.5,18.68,19.19,0.48,14.5,14.67,0.0,Normal,0
2021-02-09 04:00:00,1100.0,0.0,24.5,24.45,24.46,18.51,18.95,0.48,14.15,14.32,0.0,Normal,0
2021-02-09 05:00:00,1100.0,0.0,24.41,24.3,24.3,18.5,18.7,0.48,13.9,14.12,0.0,Normal,0
2021-02-09 06:00:00,1100.0,0.0,24.3,24.1,24.3,18.33,18.51,0.48,13.97,14.1,0.0,Normal,0
2021-02-09 07:00:00,1100.0,0.0,24.3,24.1,24.25,18.3,18.5,0.48,14.1,14.2,0.0,Normal,0
2021-02-09 08:00:00,1100.0,0.0,24.15,24.1,24.1,18.3,18.5,0.49,14.16,14.34,0.0,Normal,0
2021-02-09 09:00:00,1100.0,0.0,24.1,24.1,24.1,18.3,18.63,0.51,14.52,14.64,0.0,Normal,0
2021-02-09 10:00:00,1100.0,0.0,24.11,24.1,24.22,18.3,18.95,0.51,14.98,15.12,0.0,Normal,0
2021-02-09 11:00:00,1100.0,0.0,24.3,24.21,24.3,18.39,19.24,0.51,15.44,15.27,0.0,Normal,0
2021-02-09 12:00:00,1100.0,0.0,24.35,24.43,24.47,18.63,19.47,0.52,16.21,15.77,0.0,Normal,0
2021-02-09 13:00:00,1100.0,0.0,24.57,24.81,24.68,19.1,19.78,0.52,16.98,16.41,0.0,Normal,0
2021-02-09 14:00:00,1100.0,0.0,24.86,25.19,25.03,19.47,20.23,0.52,17.28,16.52,0.0,Normal,0
2021-02-09 15:00:00,1100.0,0.0,25.11,25.41,25.21,19.66,20.5,0.67,17.36,16.69,0.0,Normal,0
2021-02-09 16:00:00,1100.0,0.0,25.26,25.6,25.4,19.8,20.64,0.49,17.2,17.18,0.0,Normal,0
2021-02-09 17:00:00,1100.0,0.0,25.4,25.77,25.53,20.08,20.7,0.49,17.2,17.17,0.0,Normal,0
2021-02-09 18:00:00,1100.0,0.0,25.58,25.8,25.6,20.1,20.7,0.48,17.09,16.92,0.0,Normal,0
2021-02-09 19:00:00,1100.0,0.0,25.6,25.8,25.6,20.1,20.7,0.48,16.52,16.46,0.0,Normal,0
2021-02-09 20:00:00,1100.0,0.0,25.6,25.77,25.6,19.93,20.51,0.48,15.96,16.12,0.0,Normal,0
2021-02-09 21:00:00,1100.0,0.0,25.6,25.6,25.6,19.8,20.41,0.48,15.8,16.03,0.0,Normal,0
2021-02-09 22:00:00,1100.0,0.0,25.6,25.6,25.6,19.62,20.3,0.48,15.6,15.9,0.0,Normal,0
2021-02-09 23:00:00,1100.0,0.0,25.59,25.57,25.5,19.6,20.28,0.48,15.48,15.67,0.0,Normal,0
2021-02-10 00:00:00,1100.0,0.0,25.41,25.4,25.4,19.6,20.1,0.48,15.4,15.6,0.0,Normal,0
2021-02-10 01:00:00,1100.0,0.0,25.4,25.4,25.4,19.46,20.1,0.48,15.33,15.4,0.0,Normal,0
2021-02-10 02:00:00,1100.0,0.0,25.4,25.4,25.4,19.4,19.9,0.49,15.11,15.23,0.0,Normal,0
2021-02-10 03:00:00,1100.0,0.0,25.4,25.21,25.33,19.39,19.8,0.48,15.05,15.2,0.0,Normal,0
2021-02-10 04:00:00,1100.0,0.0,25.24,25.2,25.2,19.21,19.72,0.48,14.85,15.05,0.0,Normal,0
2021-02-10 05:00:00,1100.0,0.0,25.2,25.05,25.2,19.2,19.48,0.48,14.37,14.36,0.0,Normal,0
2021-02-10 06:00:00,1100.0,0.0,25.04,24.8,25.03,19.04,19.24,0.48,14.18,14.09,0.0,Normal,0
2021-02-10 07:00:00,1100.0,0.0,24.88,24.61,24.99,18.99,19.03,0.48,14.13,14.17,0.0,Normal,0
2021-02-10 08:00:00,1100.0,0.0,24.7,24.5,24.7,18.7,19.09,0.49,14.47,14.69,0.0,Normal,0
2021-02-10 09:00:00,1100.0,0.0,24.7,24.55,24.7,18.7,19.2,0.52,15.0,15.36,0.0,Normal,0
2021-02-10 10:00:00,1100.0,0.0,24.7,24.7,24.83,19.0,19.37,0.54,15.45,15.85,0.0,Normal,0
2021-02-10 11:00:00,1100.0,0.0,24.78,24.7,25.0,19.01,19.53,0.53,15.96,16.16,0.0,Normal,0
2021-02-10 12:00:00,1100.0,0.0,25.0,24.99,25.13,19.2,19.78,0.54,16.46,17.06,0.0,Normal,0
2021-02-10 13:00:00,1100.0,0.0,25.05,25.14,25.34,19.35,20.29,0.52,17.26,16.99,0.0,Normal,0
2021-02-10 14:00:00,1100.0,0.0,25.2,25.37,25.65,19.58,20.63,0.51,17.57,17.24,0.0,Normal,0
2021-02-10 15:00:00,1100.0,0.0,25.39,25.58,25.92,19.8,21.06,0.52,17.9,17.4,0.0,Normal,0
2021-02-10 16:00:00,1100.0,0.0,25.55,25.79,26.18,20.1,21.28,0.51,18.08,17.58,0.0,Normal,0
2021-02-10 17:00:00,1100.0,0.0,25.68,26.06,26.35,20.19,21.4,0.48,17.85,17.6,0.0,Normal,0
2021-02-10 18:00:00,1100.0,0.0,25.8,26.1,26.5,20.3,21.4,0.48,17.28,17.32,0.0,Normal,0
2021-02-10 19:00:00,1100.0,0.0,25.86,26.1,26.39,20.3,21.31,0.48,16.89,17.13,0.0,Normal,0
2021-02-10 20:00:00,1100.0,0.0,26.1,26.1,26.3,20.3,21.16,0.49,16.53,16.82,0.0,Normal,0
2021-02-10 21:00:00,1100.0,0.0,26.1,26.1,26.29,20.16,20.93,0.48,16.12,16.57,0.0,Normal,0
2021-02-10 22:00:00,1100.0,0.0,25.86,25.94,26.1,20.1,20.6,0.48,15.57,16.23,0.0,Normal,0
2021-02-10 23:00:00,1100.0,0.0,25.8,25.71,25.98,19.96,20.3,0.48,15.06,15.92,0.0,Normal,0
2021-02-11 00:00:00,1100.0,0.0,25.6,25.47,25.76,19.79,19.93,0.48,14.87,15.51,0.0,Normal,0
2021-02-11 01:00:00,1100.0,0.0,25.46,25.28,25.6,19.6,19.65,0.48,14.69,15.39,0.0,Normal,0
2021-02-11 02:00:00,1100.0,0.0,25.31,25.1,25.41,19.48,19.38,0.48,14.29,15.1,0.0,Normal,0
2021-02-11 03:00:00,1100.0,0.0,25.13,24.81,25.24,19.31,19.1,0.49,13.84,14.59,0.0,Normal,0
2021-02-11 04:00:00,1100.0,0.0,24.85,24.49,25.02,19.1,18.63,0.49,13.26,14.23,0.0,Normal,0
2021-02-11 05:00:00,1100.0,0.0,24.56,24.19,24.65,18.82,18.28,0.48,12.94,13.93,0.0,Normal,0
2021-02-11 06:00:00,1100.0,0.0,24.29,23.86,24.43,18.57,18.02,0.48,12.74,13.68,0.0,Normal,0
2021-02-11 07:00:00,1100.0,0.0,24.02,23.6,24.19,18.35,17.72,0.49,12.54,13.41,0.0,Normal,0
2021-02-11 08:00:00,1100.0,0.0,23.8,23.4,23.95,18.15,17.66,0.51,13.04,13.45,0.0,Normal,0
2021-02-11 09:00:00,1100.0,0.0,23.8,23.56,23.83,18.13,18.11,0.51,14.43,14.18,0.0,Normal,0
2021-02-11 10:00:00,1100.0,0.0,24.03,23.98,24.1,18.32,18.65,0.5,15.42,15.12,0.0,Normal,0
2021-02-11 11:00:00,1100.0,0.0,24.28,24.35,24.28,18.56,19.1,0.48,16.15,16.04,0.0,Normal,0
2021-02-11 12:00:00,1100.0,0.0,24.45,24.58,24.5,18.88,19.45,0.49,16.99,17.02,0.0,Normal,0
2021-02-11 13:00:00,1100.0,0.0,24.63,24.9,24.83,19.24,19.91,0.56,18.01,18.91,0.0,Normal,0
2021-02-11 14:00:00,921.57,442.17,37.39,37.23,37.41,22.26,23.55,2.18,19.28,28.95,160890.98,Normal,0
2021-02-11 15:00:00,1100.0,0.0,44.64,44.77,44.5,26.76,29.2,0.47,20.86,39.96,0.33,Normal,0
2021-02-11 16:00:00,1100.0,0.0,40.5,41.09,40.26,27.06,28.4,0.47,20.37,32.6,0.0,Normal,0
2021-02-11 17:00:00,1100.0,0.0,39.04,39.45,38.52,27.54,28.3,0.47,19.68,28.08,0.0,Normal,0
2021-02-11 18:00:00,1100.0,0.0,37.97,38.18,37.38,27.8,28.21,0.47,18.68,24.71,0.0,Normal,0
2021-02-11 19:00:00,1100.0,0.0,37.05,37.07,36.32,27.68,27.83,0.47,17.92,22.37,0.0,Normal,0
2021-02-11 20:00:00,1100.0,0.0,36.17,36.08,35.29,27.45,27.32,0.47,17.46,20.65,0.0,Normal,0
2021-02-11 21:00:00,1100.0,0.0,35.38,35.17,34.56,27.06,26.89,0.47,17.27,19.73,0.0,Normal,0
2021-02-11 22:00:00,1100.0,0.0,34.69,34.37,34.07,26.64,26.58,0.47,17.06,19.0,0.0,Normal,0
2021-02-11 23:00:00,1100.0,0.0,34.08,33.7,33.49,26.3,26.22,0.47,16.7,18.35,0.0,Normal,0
2021-02-12 00:00:00,1100.0,0.0,33.46,33.13,32.82,25.94,25.68,0.47,16.32,17.6,0.0,Normal,0
2021-02-12 01:00:00,1100.0,0.0,32.85,32.46,32.36,25.55,25.07,0.47,15.76,16.86,0.0,Normal,0
2021-02-12 02:00:00,1100.0,0.0,32.17,31.66,31.85,25.2,24.27,0.47,15.15,16.1,0.0,Normal,0
2021-02-12 03:00:00,1100.0,0.0,31.4,30.81,31.33,24.69,23.45,0.47,14.45,15.48,0.0,Normal,0
2021-02-12 04:00:00,1100.0,0.0,30.69,30.11,30.72,24.08,22.98,0.47,14.34,15.18,0.0,Normal,0
2021-02-12 05:00:00,1100.0,0.0,30.25,29.65,30.29,23.49,22.66,0.47,14.41,15.0,0.0,Normal,0
2021-02-12 06:00:00,1100.0,0.0,29.83,29.32,29.91,23.09,22.5,0.47,14.5,14.95,0.0,Normal,0
2021-02-12 07:00:00,1100.0,0.0,29.51,29.02,29.53,22.67,22.35,0.47,14.5,14.79,0.0,Normal,0
2021-02-12 08:00:00,1100.0,0.0,29.24,28.74,29.23,22.45,22.19,0.47,14.5,14.68,0.0,Normal,0
2021-02-12 09:00:00,1100.0,0.0,28.88,28.54,28.8,22.27,22.02,0.47,14.52,14.69,0.0,Normal,0
2021-02-12 10:00:00,1100.0,0.0,28.62,28.32,28.58,22.1,21.8,0.47,14.75,14.85,0.0,Normal,0
2021-02-12 11:00:00,1100.0,0.0,28.43,28.13,28.36,22.1,21.74,0.47,15.25,15.29,0.0,Normal,0
2021-02-12 12:00:00,1100.0,0.0,28.3,28.1,28.18,22.1,21.76,0.47,15.84,15.97,0.0,Normal,0
2021-02-12 13:00:00,1100.0,0.0,28.19,28.1,28.1,22.1,21.8,0.47,16.16,16.53,0.0,Normal,0
2021-02-12 14:00:00,1100.0,0.0,28.1,28.1,28.1,22.1,21.83,0.47,16.42,16.96,0.0,Normal,0
2021-02-12 15:00:00,1100.0,0.0,28.1,28.1,28.1,22.1,22.1,0.47,17.1,17.43,0.0,Normal,0
2021-02-12 16:00:00,1100.0,0.0,28.1,28.1,28.1,22.1,22.26,0.47,17.55,17.92,0.0,Normal,0
2021-02-12 17:00:00,1100.0,0.0,28.1,28.1,28.1,22.1,22.3,0.47,17.32,17.75,0.0,Normal,0
2021-02-12 18:00:00,1100.0,0.0,28.1,28.08,28.1,22.1,22.3,0.47,16.89,17.32,0.0,Normal,0
2021-02-12 19:00:00,1100.0,0.0,27.86,27.8,27.95,22.1,22.15,0.47,16.59,17.08,0.0,Normal,0
2021-02-12 20:00:00,1100.0,0.0,27.8,27.73,27.8,21.81,22.09,0.47,16.33,16.66,0.0,Normal,0
2021-02-12 21:00:00,1100.0,0.0,27.68,27.55,27.71,21.7,21.76,0.47,15.92,16.23,0.0,Normal,0
2021-02-12 22:00:00,1100.0,0.0,27.5,27.27,27.54,21.51,21.38,0.47,15.15,15.5,0.0,Normal,0
2021-02-12 23:00:00,1100.0,0.0,27.19,26.8,27.3,21.28,20.85,0.47,14.47,14.91,0.0,Normal,0
2021-02-13 00:00:00,1100.0,0.0,26.78,26.4,26.96,21.03,20.36,0.47,14.23,14.46,0.0,Normal,0
2021-02-13 01:00:00,1100.0,0.0,26.52,26.15,26.7,20.7,20.15,0.47,14.58,14.62,0.0,Normal,0
2021-02-13 02:00:00,1100.0,0.0,26.35,25.97,26.53,20.52,19.93,0.47,13.97,14.14,0.0,Normal,0
2021-02-13 03:00:00,1100.0,0.0,26.06,25.6,26.26,20.27,19.47,0.47,13.28,13.49,0.0,Normal,0
2021-02-13 04:00:00,1100.0,0.0,25.68,25.24,25.95,19.95,19.09,0.47,13.0,13.18,0.0,Normal,0
2021-02-13 05:00:00,1100.0,0.0,25.36,24.89,25.65,19.66,18.71,0.48,12.89,12.85,0.0,Normal,0
2021-02-13 06:00:00,1100.0,0.0,25.09,24.54,25.35,19.42,18.38,0.48,12.47,12.44,0.0,Normal,0
2021-02-13 07:00:00,1100.0,0.0,24.65,24.17,25.03,19.11,17.93,0.48,11.81,11.9,0.0,Normal,0
2021-02-13 08:00:00,1100.0,0.0,24.33,23.7,24.58,18.76,17.6,0.48,12.16,11.95,0.0,Normal,0
2021-02-13 09:00:00,1100.0,0.0,24.1,23.69,24.5,18.54,17.78,0.48,13.46,13.25,0.0,Normal,0
2021-02-13 10:00:00,1100.0,0.0,24.24,23.92,24.49,18.59,18.16,0.47,14.26,14.46,0.0,Normal,0
2021-02-13 11:00:00,1100.0,0.0,24.3,24.21,24.5,18.7,18.51,0.47,14.84,15.48,0.0,Normal,0
2021-02-13 12:00:00,1100.0,0.0,24.49,24.43,24.57,18.9,18.89,0.47,15.54,16.6,0.0,Normal,0
2021-02-13 13:00:00,1100.0,0.0,24.64,24.71,24.72,19.12,19.29,0.47,16.24,17.67,0.0,Normal,0
2021-02-13 14:00:00,641.67,0.02,24.89,25.09,25.02,19.34,19.64,0.49,16.78,18.49,0.0,Normal,0
2021-02-13 15:00:00,0.0,0.0,25.13,25.33,25.23,19.59,20.04,0.48,17.32,19.21,81.07,Normal,0
2021-02-13 16:00:00,0.0,0.0,25.34,25.61,25.44,19.87,20.39,0.47,17.71,19.4,0.0,Normal,0
2021-02-13 17:00:00,0.0,0.0,25.55,25.87,25.6,20.13,20.62,0.47,17.67,19.28,0.0,Normal,0
2021-02-13 18:00:00,0.0,0.0,25.68,26.1,25.8,20.3,20.7,0.47,17.33,18.74,0.0,Normal,0
2021-02-13 19:00:00,0.0,0.0,25.8,26.1,25.8,20.3,20.98,0.47,16.93,18.19,0.0,Normal,0
2021-02-13 20:00:00,0.0,0.0,25.8,26.1,25.8,20.3,20.76,0.47,16.36,17.4,0.0,Normal,0
2021-02-13 21:00:00,0.0,0.0,25.8,26.08,25.8,20.18,20.6,0.47,15.75,16.68,0.0,Normal,0
2021-02-13 22:00:00,0.0,0.0,25.8,25.8,25.8,20.1,20.48,0.47,15.73,16.47,0.0,Normal,0
2021-02-13 23:00:00,0.0,0.0,25.8,25.8,25.8,19.95,20.32,0.47,15.83,16.32,0.0,Normal,0
2021-02-14 00:00:00,0.0,0.0,25.8,25.72,25.73,19.8,20.3,0.48,15.57,16.08,0.0,Normal,0
2021-02-14 01:00:00,0.0,0.0,25.67,25.6,25.6,19.8,20.22,0.48,15.29,15.68,0.0,Normal,0
2021-02-14 02:00:00,0.0,0.0,25.6,25.46,25.6,19.6,20.08,0.48,14.97,15.33,0.0,Normal,0
2021-02-14 03:00:00,0.0,0.0,25.47,25.28,25.41,19.49,19.76,0.48,14.38,14.57,0.0,Normal,0
2021-02-14 04:00:00,0.0,0.0,25.3,25.01,25.26,19.29,19.5,0.48,14.0,14.15,0.0,Normal,0
2021-02-14 05:00:00,0.0,0.0,25.07,24.6,25.07,19.06,19.03,0.49,13.54,13.6,0.0,Normal,0
2021-02-14 06:00:00,0.0,0.0,24.63,24.22,24.71,18.73,18.49,0.48,12.97,12.97,0.0,Normal,0
2021-02-14 07:00:00,0.0,0.0,24.28,23.73,24.39,18.41,18.03,0.48,12.56,12.81,0.0,Normal,0
2021-02-14 08:00:00,0.0,0.0,24.0,23.6,24.14,18.24,17.95,0.48,13.24,13.3,0.0,Normal,0
2021-02-14 09:00:00,0.0,0.0,23.95,23.67,24.1,18.19,18.24,0.48,14.39,14.57,0.0,Normal,0
2021-02-14 10:00:00,0.0,0.0,24.16,24.07,24.18,18.35,18.67,0.48,15.52,16.19,0.0,Normal,0
2021-02-14 11:00:00,0.0,0.0,24.45,24.57,24.49,18.96,19.25,0.54,16.75,18.05,20.16,Normal,0
2021-02-14 12:00:00,141.0,115.11,28.34,28.4,28.43,22.19,22.28,1.71,18.14,22.47,36915.77,Normal,0
2021-02-14 13:00:00,0.0,0.0,28.71,28.72,28.69,22.53,22.7,0.47,18.95,23.09,0.0,Normal,0
2021-02-14 14:00:00,0.0,0.0,28.7,28.87,28.5,22.5,22.89,0.47,19.73,22.97,0.0,Normal,0
2021-02-14 15:00:00,0.0,0.0,28.7,29.14,28.65,22.64,23.29,0.47,20.21,23.0,0.0,Normal,0
2021-02-14 16:00:00,0.0,0.0,28.8,29.35,28.7,22.93,23.54,0.47,20.3,22.85,0.0,Normal,0
2021-02-14 17:00:00,0.0,0.0,28.9,29.46,28.85,23.12,23.76,0.47,20.24,22.45,0.0,Normal,0
2021-02-14 18:00:00,0.0,0.0,28.9,29.6,28.9,23.2,23.8,0.47,19.61,21.46,0.0,Normal,0
2021-02-14 19:00:00,0.0,0.0,28.9,29.43,28.9,23.2,23.79,0.47,18.83,20.07,0.0,Normal,0
2021-02-14 20:00:00,0.0,0.0,28.9,29.19,28.78,23.02,23.54,0.47,18.22,19.17,0.0,Normal,0
2021-02-14 21:00:00,0.0,0.0,28.71,28.8,28.65,22.74,23.29,0.47,17.65,18.36,0.0,Normal,0
2021-02-14 22:00:00,0.0,0.0,28.5,28.43,28.44,22.46,22.79,0.47,17.08,17.58,0.0,Normal,0
2021-02-14 23:00:00,0.0,0.0,28.23,28.0,28.2,22.2,22.4,0.47,16.62,16.96,69.19,Normal,0
2021-02-15 00:00:00,0.0,0.0,27.94,27.65,27.89,21.87,22.17,0.48,16.35,16.41,0.0,Normal,0
2021-02-15 01:00:00,0.0,0.0,27.66,27.32,27.6,21.53,21.79,0.48,15.7,15.57,0.0,Normal,0
2021-02-15 02:00:00,0.0,0.0,27.33,26.83,27.29,21.18,21.39,0.48,14.98,14.62,0.0,Normal,0
2021-02-15 03:00:00,0.0,0.0,26.94,26.41,26.87,20.75,20.99,0.48,14.55,14.27,0.0,Normal,0
2021-02-15 04:00:00,0.0,0.0,26.59,25.99,26.57,20.38,20.5,0.48,14.15,13.8,0.0,Normal,0
2021-02-15 05:00:00,0.0,0.0,26.24,25.55,26.22,20.0,20.17,0.49,14.04,13.57,0.0,Normal,0
2021-02-15 06:00:00,0.0,0.0,25.9,25.24,25.9,19.67,19.71,0.48,13.69,13.32,0.0,Normal,0
2021-02-15 07:00:00,0.0,0.0,25.52,24.84,25.56,19.37,19.32,0.48,13.4,13.0,0.0,Normal,0
2021-02-15 08:00:00,0.0,0.0,25.2,24.49,25.3,19.19,19.01,0.48,13.7,13.38,0.0,Normal,0
2021-02-15 09:00:00,550.0,0.0,25.0,24.43,25.2,19.01,19.02,0.49,14.59,14.59,0.0,Normal,0
2021-02-15 10:00:00,1100.0,0.0,25.0,24.62,25.2,19.2,19.33,0.49,15.56,15.77,0.0,Normal,0
2021-02-15 11:00:00,1100.0,0.0,25.2,25.07,25.26,19.33,19.76,0.49,16.93,17.34,0.0,Normal,0
2021-02-15 12:00:00,1100.0,0.0,25.47,25.57,25.51,19.68,20.34,0.49,18.33,19.17,0.0,Normal,0
2021-02-15 13:00:00,806.67,0.0,25.86,26.24,25.9,20.21,20.99,0.48,18.55,20.57,0.0,Normal,0
2021-02-15 14:00:00,0.0,0.0,26.33,26.84,26.34,20.72,21.55,0.48,19.2,21.59,0.0,Normal,0
2021-02-15 15:00:00,0.0,0.0,26.74,27.45,26.74,21.26,22.13,0.48,19.92,22.37,0.0,Normal,0
2021-02-15 16:00:00,0.0,0.0,27.22,28.01,27.2,21.7,22.61,0.48,20.42,22.68,0.0,Normal,0
2021-02-15 17:00:00,0.0,0.0,27.56,28.4,27.52,22.14,23.0,0.48,20.69,22.44,7.23,Normal,0
2021-02-15 18:00:00,0.0,0.0,27.82,28.63,27.76,22.36,23.2,0.48,20.59,21.75,0.0,Normal,0
2021-02-15 19:00:00,0.0,0.0,28.1,28.7,27.99,22.5,23.27,0.48,20.24,20.92,0.0,Normal,0
2021-02-15 20:00:00,0.0,0.0,28.1,28.7,28.1,22.5,23.2,0.48,19.64,20.0,0.0,Normal,0
2021-02-15 21:00:00,0.0,0.0,28.1,28.51,28.1,22.39,22.98,0.49,18.9,18.97,0.0,Normal,0
2021-02-15 22:00:00,0.0,0.0,27.96,28.17,27.91,22.2,22.45,0.48,18.09,18.01,0.0,Normal,0
2021-02-15 23:00:00,0.0,0.0,27.66,27.62,27.68,21.84,21.77,0.49,17.02,16.72,0.0,Normal,0
2021-02-16 00:00:00,0.0,0.0,27.31,27.09,27.38,21.5,21.21,0.49,16.24,16.2,0.0,Normal,0
2021-02-16 01:00:00,0.0,0.0,26.92,26.63,27.07,21.21,20.73,0.49,15.76,15.74,0.0,Normal,0
2021-02-16 02:00:00,787.1,660.51,44.35,43.6,43.81,23.82,25.66,2.44,31.05,25.18,179739.31,Normal,0
2021-02-16 03:00:00,513.35,416.35,52.94,52.38,52.12,27.93,32.41,1.58,31.13,25.29,110292.81,Normal,0
2021-02-16 04:00:00,1043.14,866.99,71.82,70.58,69.88,33.91,41.86,2.45,44.01,32.28,225967.83,Normal,0
2021-02-16 05:00:00,1004.04,819.52,84.36,82.99,81.57,40.66,50.8,2.32,47.12,35.65,209705.58,Normal,0
2021-02-16 06:00:00,207.51,182.51,73.95,73.65,71.24,41.06,50.35,1.06,34.97,28.42,44209.8,Normal,0
2021-02-16 07:00:00,396.35,352.33,71.22,70.9,68.64,39.53,48.82,1.3,31.78,25.68,86160.84,Normal,0
2021-02-16 08:00:00,253.16,26.24,52.8,54.5,51.81,33.28,41.38,0.75,20.68,19.28,7241.94,Normal,0
2021-02-16 09:00:00,211.22,177.26,48.76,50.1,48.34,32.11,38.09,1.24,24.4,23.55,43099.6,Normal,0
2021-02-16 10:00:00,661.03,521.53,59.66,59.66,58.71,36.71,41.96,1.8,38.24,34.7,122764.93,Normal,0
2021-02-16 11:00:00,1140.68,909.14,83.18,81.66,81.04,43.88,51.79,2.57,53.73,41.79,225739.81,Normal,0
2021-02-16 12:00:00,658.68,558.0,92.14,90.87,89.22,51.24,60.61,1.81,59.38,44.57,129697.32,Normal,0
2021-02-16 13:00:00,783.49,710.54,92.73,91.78,89.55,53.79,62.61,2.11,56.87,43.46,138304.9,Normal,0
2021-02-16 14:00:00,699.05,586.84,89.37,88.72,86.02,54.41,62.63,1.96,52.74,41.52,121998.52,Normal,0
2021-02-16 15:00:00,1058.51,912.74,100.54,98.91,97.01,56.76,67.14,2.6,59.43,44.72,191994.39,Normal,0
2021-02-16 16:00:00,1038.95,912.72,106.1,104.42,102.22,59.94,71.31,2.64,60.64,45.27,180689.88,Normal,0
2021-02-16 17:00:00,1032.51,912.73,109.43,107.73,105.35,62.45,74.43,2.65,60.4,42.19,179996.37,Normal,0
2021-02-16 18:00:00,1017.07,912.61,110.28,108.63,105.94,64.3,76.02,2.65,59.22,40.66,171064.63,Normal,0
2021-02-16 19:00:00,526.32,465.24,106.18,104.96,102.03,65.4,75.95,1.65,62.01,45.39,93830.78,Normal,0
2021-02-16 20:00:00,0.0,0.0,87.73,88.64,87.44,63.13,66.58,0.47,54.1,45.32,0.0,Normal,0
2021-02-16 21:00:00,0.0,0.0,79.87,79.4,81.25,60.39,58.5,0.47,41.93,36.08,0.0,Normal,0
2021-02-16 22:00:00,132.35,94.73,74.6,73.24,76.42,57.97,53.64,0.77,34.28,29.49,20161.29,Normal,0
2021-02-16 23:00:00,1111.44,902.51,93.24,90.2,90.89,55.12,60.4,2.68,43.53,32.66,207216.48,Normal,0
2021-02-17 00:00:00,1168.61,911.47,104.25,101.59,100.08,55.46,66.16,2.75,51.94,36.25,221263.94,Normal,0
2021-02-17 01:00:00,1183.89,911.51,108.92,106.27,104.43,56.64,69.15,2.71,52.37,35.13,220849.27,Normal,0
2021-02-17 02:00:00,1187.06,911.54,111.84,109.36,107.08,58.39,71.41,2.75,49.75,34.96,225028.61,Normal,0
2021-02-17 03:00:00,1194.98,911.37,114.04,111.47,109.07,59.33,73.44,2.8,50.48,34.63,224677.55,Normal,0
2021-02-17 04:00:00,1157.16,911.56,114.26,111.86,109.22,60.25,74.73,2.78,52.05,35.5,215156.28,Normal,0
2021-02-17 05:00:00,1177.11,911.65,115.69,113.38,110.45,60.64,75.53,2.75,48.36,34.77,226307.52,Normal,0
2021-02-17 06:00:00,1085.67,911.54,114.43,112.33,109.21,60.65,75.8,2.76,50.0,34.88,194619.01,Normal,0
2021-02-17 07:00:00,1096.53,911.49,113.2,111.22,108.09,61.31,75.42,2.79,50.75,33.4,202644.04,Normal,0
2021-02-17 08:00:00,1095.85,911.42,112.72,110.85,107.72,60.9,74.87,2.84,49.56,36.04,199146.26,Normal,0
2021-02-17 09:00:00,384.95,354.4,104.23,103.3,100.25,62.28,73.47,1.34,53.73,41.92,65220.26,Normal,0
2021-02-17 10:00:00,1054.91,823.84,102.95,101.57,100.21,60.94,70.56,2.63,47.0,37.04,189416.31,Normal,0
2021-02-17 11:00:00,1143.81,912.77,113.14,111.0,108.7,62.29,75.58,2.81,54.48,42.26,212940.07,Normal,0
2021-02-17 12:00:00,741.73,615.98,113.54,111.81,108.85,64.3,78.26,2.02,58.19,45.34,138243.01,Normal,0
2021-02-17 13:00:00,693.04,560.67,102.75,102.52,98.8,63.99,73.13,1.94,52.73,41.79,124711.87,Normal,0
2021-02-17 14:00:00,1102.99,912.73,113.84,111.88,109.02,64.12,76.61,2.77,56.65,43.24,204883.82,Normal,0
2021-02-17 15:00:00,1081.68,912.73,116.58,114.71,111.8,64.81,79.29,2.76,57.15,43.49,198135.66,Normal,0
2021-02-17 16:00:00,1074.45,912.75,117.5,115.65,112.65,65.43,80.55,2.67,55.99,42.95,193591.52,Normal,0
2021-02-17 17:00:00,1083.66,912.74,117.99,116.11,113.01,65.35,80.56,2.77,55.57,42.39,197558.59,Normal,0
2021-02-17 18:00:00,1100.58,912.74,118.15,116.16,112.98,64.84,80.07,2.72,53.39,41.59,199456.13,Normal,0
2021-02-17 19:00:00,1096.43,912.75,117.68,115.67,112.46,64.6,79.46,2.78,52.42,40.84,198153.19,Normal,0
2021-02-17 20:00:00,1094.83,912.74,117.14,115.17,111.95,64.17,78.71,2.76,53.0,39.34,198975.48,Normal,0
2021-02-17 21:00:00,1093.4,912.73,116.59,114.58,111.41,63.63,77.51,2.73,49.62,36.59,199853.66,Normal,0
2021-02-17 22:00:00,1108.32,912.75,116.17,114.08,110.98,62.77,76.56,2.72,50.2,33.44,204643.73,Normal,0
2021-02-17 23:00:00,1111.25,912.75,115.91,113.76,110.66,62.2,75.85,2.71,48.77,31.18,206891.17,Normal,0
2021-02-18 00:00:00,1111.62,912.75,115.54,113.41,110.33,61.82,75.28,2.72,44.21,29.4,206797.01,Normal,0
2021-02-18 01:00:00,1113.25,912.75,115.28,113.14,110.02,61.46,74.96,2.77,44.13,28.04,207161.99,Normal,0
2021-02-18 02:00:00,1113.06,912.76,114.94,112.78,109.68,61.04,74.4,2.71,43.71,33.22,208655.26,Normal,0
2021-02-18 03:00:00,1107.59,912.73,114.52,112.38,109.26,60.74,74.13,2.74,44.51,35.43,204686.65,Normal,0
2021-02-18 04:00:00,1107.41,912.76,114.14,112.0,108.92,60.49,73.81,2.71,43.06,34.19,205065.45,Normal,0
2021-02-18 05:00:00,1104.4,912.76,113.45,111.29,108.19,59.85,73.4,2.77,41.82,33.88,202930.38,Normal,0
2021-02-18 06:00:00,1103.4,912.75,112.18,110.06,106.86,58.77,72.17,2.79,41.94,33.42,204838.65,Normal,0
2021-02-18 07:00:00,1101.34,912.74,111.86,109.8,106.72,59.02,71.76,2.79,44.24,34.78,205414.03,Normal,0
2021-02-18 08:00:00,1104.81,912.76,112.12,110.07,107.06,59.34,71.9,2.8,46.36,34.94,205059.98,Normal,0
2021-02-18 09:00:00,1110.06,912.76,112.67,110.61,107.63,59.87,72.65,2.78,48.85,37.06,204681.03,Normal,0
2021-02-18 10:00:00,1107.11,911.23,113.77,111.76,108.73,61.4,74.78,2.82,50.65,39.43,201605.81,Normal,0
2021-02-18 11:00:00,1085.34,907.92,114.55,112.66,109.47,62.84,76.87,2.79,51.44,40.43,199686.29,Normal,0
2021-02-18 12:00:00,1076.66,912.21,115.19,113.27,109.99,63.66,77.62,2.88,50.8,40.87,196805.93,Normal,0
2021-02-18 13:00:00,1048.9,894.48,114.99,113.2,109.83,63.93,77.78,2.73,52.1,41.07,198824.12,Normal,0
2021-02-18 14:00:00,1099.63,911.53,116.26,114.4,111.17,65.02,78.31,2.83,52.13,42.19,205973.71,Normal,0
2021-02-18 15:00:00,514.08,429.7,111.52,110.32,106.51,66.84,77.9,1.64,54.34,45.13,98037.35,Normal,0
2021-02-18 16:00:00,69.21,41.42,92.27,93.73,89.07,65.56,67.39,0.63,44.42,39.79,9372.97,Normal,0
2021-02-18 17:00:00,865.0,697.46,99.62,98.17,94.45,60.04,67.34,2.33,40.16,33.09,157753.02,Normal,0
2021-02-18 18:00:00,1140.23,912.83,107.6,105.43,102.58,59.3,71.1,2.74,47.13,39.02,214389.43,Normal,0
2021-02-18 19:00:00,1127.31,912.87,112.28,110.12,107.16,60.15,73.6,2.74,49.27,38.64,210856.52,Normal,0
2021-02-18 20:00:00,1117.12,912.82,113.98,111.85,108.74,60.86,74.83,2.79,48.3,38.07,207228.11,Normal,0
2021-02-18 21:00:00,179.4,133.02,98.05,97.56,94.98,61.41,69.68,0.97,49.1,41.25,29601.91,Normal,0
2021-02-18 22:00:00,922.86,808.07,103.04,100.93,99.2,58.32,68.9,2.46,43.63,35.93,157490.46,Normal,0
2021-02-18 23:00:00,583.61,497.56,94.84,93.51,91.35,57.32,66.31,1.81,44.2,36.68,104552.5,Normal,0
2021-02-19 00:00:00,1022.6,848.58,100.42,98.54,96.09,55.22,67.0,2.62,42.79,33.93,196119.85,Normal,0
2021-02-19 01:00:00,1044.5,877.79,103.45,101.62,98.8,54.97,67.68,2.62,42.98,33.66,208018.99,Normal,0
2021-02-19 02:00:00,1047.77,879.94,104.62,102.75,99.79,55.13,68.07,2.68,42.67,34.28,207938.18,Normal,0
2021-02-19 03:00:00,1060.95,887.38,105.76,103.92,100.84,55.72,68.7,2.78,43.01,33.35,207900.22,Normal,0
2021-02-19 04:00:00,1061.13,889.49,106.76,104.98,101.87,56.59,69.58,2.71,44.08,34.27,207856.74,Normal,0
2021-02-19 05:00:00,1067.26,890.08,107.47,105.61,102.45,56.73,69.93,2.7,43.24,33.58,207730.08,Normal,0
2021-02-19 06:00:00,1083.8,894.64,108.2,106.21,103.06,57.05,70.31,2.73,43.2,33.38,208137.66,Normal,0
2021-02-19 07:00:00,1076.55,893.4,108.76,106.78,103.6,57.56,71.01,2.71,43.03,33.01,208019.91,Normal,0
2021-02-19 08:00:00,1072.27,892.52,109.43,107.52,104.38,58.42,71.75,2.72,43.53,36.1,208224.54,Normal,0
2021-02-19 09:00:00,1070.14,889.09,110.42,108.55,105.46,59.63,72.92,2.76,45.41,38.84,207746.47,Normal,0
2021-02-19 10:00:00,1102.01,901.12,112.48,110.6,107.56,61.14,74.56,2.96,48.4,40.3,207616.23,Normal,0
2021-02-19 11:00:00,1118.76,905.9,114.89,112.93,109.93,63.05,76.5,2.91,51.99,41.74,207619.24,Normal,0
2021-02-19 12:00:00,592.16,484.21,111.26,109.82,106.41,65.11,76.97,1.77,53.67,43.88,105073.24,Normal,0
2021-02-19 13:00:00,1052.41,849.28,107.86,106.54,103.23,62.91,73.6,2.66,48.62,39.92,194350.16,Normal,0
2021-02-19 14:00:00,1124.2,911.78,115.21,113.08,110.32,64.17,77.15,2.69,53.22,42.56,206407.96,Normal,0
2021-02-19 15:00:00,1102.23,912.53,117.6,115.55,112.62,65.37,78.59,2.75,54.28,42.57,204348.44,Normal,0
2021-02-19 16:00:00,1103.57,912.62,118.86,116.8,113.76,66.28,79.67,2.74,53.58,42.49,203039.19,Normal,0
2021-02-19 17:00:00,1105.24,912.58,119.66,117.58,114.51,67.16,80.81,2.73,53.41,42.02,204187.74,Normal,0
2021-02-19 18:00:00,1113.96,912.41,120.05,117.91,114.83,67.07,81.48,2.68,52.02,40.95,204378.38,Normal,0
2021-02-19 19:00:00,1112.66,910.6,119.81,117.66,114.41,66.54,81.12,2.7,51.13,39.21,207760.65,Normal,0
2021-02-19 20:00:00,1109.61,910.88,119.47,117.28,114.12,66.6,80.74,2.71,49.86,38.68,207175.14,Normal,0
2021-02-19 21:00:00,1109.18,911.57,118.9,116.66,113.54,65.8,80.01,2.69,47.53,37.39,206956.58,Normal,0
2021-02-19 22:00:00,1115.08,910.54,118.08,115.81,112.65,64.92,78.88,2.64,45.2,35.42,207183.34,Normal,0
2021-02-19 23:00:00,1122.99,912.01,117.5,115.22,112.06,64.14,78.2,2.68,43.96,35.11,211666.64,Normal,0
2021-02-20 00:00:00,1134.9,912.85,117.73,115.41,112.31,63.7,77.88,2.85,42.25,35.96,217279.16,Normal,0
2021-02-20 01:00:00,1134.7,912.86,117.87,115.52,112.39,63.36,77.69,2.84,41.32,35.71,219840.3,Normal,0
2021-02-20 02:00:00,1136.93,912.86,117.71,115.39,112.23,63.39,77.23,2.83,40.67,35.53,219033.84,Normal,0
2021-02-20 03:00:00,1147.83,912.86,117.59,115.22,112.05,63.23,76.92,2.8,39.15,34.97,219886.69,Normal,0
2021-02-20 04:00:00,1150.87,912.87,117.54,115.17,112.02,63.23,76.85,2.74,36.57,33.34,220700.19,Normal,0
2021-02-20 05:00:00,1155.83,911.8,117.57,115.15,111.98,63.02,76.31,2.75,31.95,31.32,222678.5,Normal,0
2021-02-20 06:00:00,1109.82,903.86,116.23,113.91,110.73,62.66,75.78,2.74,29.87,28.74,211966.62,Normal,0
2021-02-20 07:00:00,1100.87,903.6,114.64,112.36,109.22,61.83,74.8,2.76,29.31,27.28,210311.59,Normal,0
2021-02-20 08:00:00,1092.45,903.63,113.98,111.79,108.74,61.8,74.68,2.77,30.62,28.31,207675.01,Normal,0
2021-02-20 09:00:00,1092.28,903.68,114.52,112.41,109.48,62.81,75.62,2.79,33.25,31.07,206058.57,Normal,0
2021-02-20 10:00:00,1077.43,903.56,115.49,113.48,110.66,64.47,76.8,2.76,35.95,35.38,200731.66,Normal,0
2021-02-20 11:00:00,1080.53,903.72,116.87,114.91,112.07,65.84,78.35,2.79,37.73,40.38,200991.11,Normal,0
2021-02-20 12:00:00,1078.83,903.81,117.96,115.98,113.09,66.77,79.62,2.74,39.25,43.02,200940.21,Normal,0
2021-02-20 13:00:00,1100.79,909.19,119.73,117.7,114.84,68.1,81.05,2.79,42.48,43.83,204538.72,Normal,0
2021-02-20 14:00:00,1096.64,910.19,121.24,119.2,116.29,69.37,82.49,2.81,51.51,43.9,203865.35,Normal,0
2021-02-20 15:00:00,1105.6,910.45,122.67,120.54,117.56,70.2,83.4,2.77,54.04,43.36,205992.78,Normal,0
2021-02-20 16:00:00,1099.07,911.6,123.06,120.89,117.83,70.88,83.85,2.76,53.81,42.98,203473.1,Normal,0
2021-02-20 17:00:00,1090.88,911.94,123.36,121.23,118.06,71.39,84.43,2.75,53.84,43.07,202683.22,Normal,0
2021-02-20 18:00:00,1101.01,912.26,123.41,121.23,118.12,71.61,84.65,2.74,53.78,42.57,202230.38,Normal,0
2021-02-20 19:00:00,1095.72,912.04,123.05,120.87,117.81,71.44,84.19,2.78,52.34,40.81,202978.15,Normal,0
2021-02-20 20:00:00,1092.62,911.45,122.59,120.44,117.35,70.91,83.75,2.82,52.6,40.91,203947.06,Normal,0
2021-02-20 21:00:00,1104.17,911.97,122.15,119.94,116.87,70.21,83.16,2.79,51.47,40.17,203155.48,Normal,0
2021-02-20 22:00:00,1101.2,912.16,121.33,119.06,115.97,69.03,82.29,2.75,50.88,38.49,202621.64,Normal,0
2021-02-20 23:00:00,1092.15,909.13,120.36,118.08,115.03,68.06,81.54,2.77,49.5,38.29,204484.23,Normal,0
2021-02-21 00:00:00,1085.5,906.97,119.74,117.5,114.41,67.26,80.97,2.77,48.44,36.25,205165.94,Normal,0
2021-02-21 01:00:00,1095.24,907.07,118.72,116.48,113.35,66.25,80.12,2.76,46.71,33.81,207641.28,Normal,0
2021-02-21 02:00:00,1121.66,912.87,119.16,116.84,113.77,65.86,79.62,2.76,46.08,31.75,215355.22,Normal,0
2021-02-21 03:00:00,1127.68,912.83,119.2,116.86,113.7,65.41,79.4,2.86,45.04,28.81,214660.64,Normal,0
2021-02-21 04:00:00,1123.15,912.88,118.62,116.23,113.05,64.77,79.04,2.82,43.64,26.22,213043.27,Normal,0
2021-02-21 05:00:00,1121.22,912.87,117.89,115.51,112.34,64.06,78.22,2.76,43.59,24.77,212590.93,Normal,0
2021-02-21 06:00:00,1121.47,912.88,117.32,114.89,111.8,63.58,77.45,2.76,41.96,23.86,213406.32,Normal,0
2021-02-21 07:00:00,1114.02,912.87,117.0,114.6,111.56,63.29,77.42,2.78,42.03,25.17,213424.24,Normal,0
2021-02-21 08:00:00,1110.5,912.87,116.92,114.54,111.55,63.3,77.82,2.81,42.74,26.67,210539.64,Normal,0
2021-02-21 09:00:00,1119.52,912.87,116.99,114.59,111.61,63.13,77.8,2.8,43.39,27.93,212668.3,Normal,0
2021-02-21 10:00:00,1119.4,912.87,116.58,114.14,111.12,62.62,77.44,2.86,42.32,25.44,212923.59,Normal,0
2021-02-21 11:00:00,1126.68,912.88,115.52,112.96,109.92,61.26,76.1,2.74,39.43,22.7,217656.72,Normal,0
2021-02-21 12:00:00,1130.37,912.86,114.81,112.3,109.28,60.8,75.32,2.78,39.35,22.94,217955.44,Normal,0
2021-02-21 13:00:00,1133.52,912.87,114.85,112.34,109.39,60.84,75.38,2.8,42.81,23.94,218911.19,Normal,0
2021-02-21 14:00:00,1148.67,912.88,115.63,113.09,110.22,61.29,76.02,2.81,45.11,24.96,225278.97,Normal,0
2021-02-21 15:00:00,1133.24,912.87,115.96,113.45,110.46,61.26,76.21,2.77,44.44,22.98,220114.64,Normal,0
2021-02-21 16:00:00,1024.81,854.39,113.41,111.06,107.82,60.14,75.04,2.77,42.76,22.72,196607.99,Normal,0
2021-02-21 17:00:00,1135.03,910.59,111.83,109.46,106.44,58.98,74.08,2.73,43.36,26.41,220077.81,Normal,0
2021-02-21 18:00:00,1156.27,910.53,113.1,110.59,107.65,58.73,73.76,2.68,41.63,26.23,222553.22,Normal,0
2021-02-21 19:00:00,1141.93,907.67,113.36,110.81,107.83,58.6,73.65,2.76,38.97,23.63,221668.84,Normal,0
2021-02-21 20:00:00,1119.61,901.36,112.39,109.94,106.91,58.3,73.6,2.76,38.14,21.56,220991.63,Normal,0
2021-02-21 21:00:00,838.25,699.01,106.75,104.69,101.58,57.33,71.86,2.31,31.9,21.62,158662.43,Normal,0
2021-02-21 22:00:00,1081.09,894.91,105.9,103.65,100.96,55.95,69.99,2.66,38.1,22.15,208524.62,Normal,0
2021-02-21 23:00:00,1086.18,896.0,107.0,104.74,101.98,55.61,69.82,2.63,40.2,21.34,209932.1,Normal,0
2021-02-22 00:00:00,1095.07,899.54,107.36,105.09,102.28,55.4,69.4,2.66,40.63,20.82,209761.54,Normal,0
2021-02-22 01:00:00,1099.55,903.41,107.86,105.57,102.71,55.4,69.67,2.73,41.37,20.87,210015.54,Normal,0
2021-02-22 02:00:00,1105.34,906.29,108.18,105.87,103.01,55.4,69.71,2.76,40.95,20.35,209912.63,Normal,0
2021-02-22 03:00:00,1093.68,902.34,108.45,106.12,103.28,55.56,69.98,2.73,40.66,20.51,210256.76,Normal,0
2021-02-22 04:00:00,1095.06,896.75,108.24,105.95,103.06,55.5,69.83,2.62,40.14,19.7,210094.32,Normal,0
2021-02-22 05:00:00,1099.38,895.92,107.93,105.66,102.74,55.4,69.7,2.59,40.18,19.62,209878.77,Normal,0
2021-02-22 06:00:00,1096.84,900.51,108.09,105.8,102.94,55.6,69.75,2.65,40.2,19.96,206626.28,Normal,0
2021-02-22 07:00:00,1089.68,898.56,108.04,105.77,102.82,55.47,69.34,2.61,40.89,25.7,209725.54,Normal,0
2021-02-22 08:00:00,1099.68,899.83,108.42,106.12,103.22,55.9,69.64,2.73,41.42,27.42,209179.7,Normal,0
2021-02-22 09:00:00,496.11,427.45,103.07,101.34,98.47,57.41,69.66,1.58,46.36,34.87,93514.43,Normal,0
2021-02-22 10:00:00,0.0,0.0,83.87,83.98,83.77,56.29,62.03,0.51,42.43,35.92,0.0,Normal,0
2021-02-22 11:00:00,700.86,586.56,86.93,85.35,85.71,53.34,59.91,2.14,36.46,28.98,135961.34,Normal,0
2021-02-22 12:00:00,1091.88,899.9,100.98,98.52,96.85,54.2,66.44,2.74,44.65,32.49,203930.67,Normal,0
2021-02-22 13:00:00,1098.34,899.98,105.59,103.32,100.94,55.55,69.29,2.76,49.83,33.05,209081.0,Normal,0
2021-02-22 14:00:00,1078.41,889.97,107.3,105.23,102.41,56.44,70.82,2.67,50.99,29.86,209342.82,Normal,0
2021-02-22 15:00:00,1113.62,906.11,109.5,107.31,104.53,57.77,71.89,2.73,51.24,28.84,209681.47,Normal,0
2021-02-22 16:00:00,1116.22,910.46,111.7,109.48,106.62,59.16,73.19,2.74,52.81,27.26,209574.34,Normal,0
2021-02-22 17:00:00,1108.33,908.68,112.97,110.77,107.79,59.94,74.25,2.69,52.76,24.62,210047.91,Normal,0
2021-02-22 18:00:00,1120.08,910.19,113.73,111.44,108.39,60.38,75.1,2.71,48.42,23.53,208360.6,Normal,0
2021-02-22 19:00:00,1120.09,912.3,114.02,111.69,108.63,60.68,75.55,2.65,50.83,23.12,206813.4,Normal,0
2021-02-22 20:00:00,1119.99,911.79,114.25,111.84,108.93,60.89,75.36,2.72,47.81,22.38,208359.92,Normal,0
2021-02-22 21:00:00,1126.17,911.65,114.22,111.79,108.88,60.7,75.12,2.69,47.07,21.24,209261.56,Normal,0
2021-02-22 22:00:00,1112.53,910.52,113.6,111.17,108.19,60.04,74.52,2.71,47.08,20.2,209636.69,Normal,0
2021-02-22 23:00:00,1116.55,910.96,112.86,110.5,107.44,59.17,73.68,2.7,45.9,19.09,209724.73,Normal,0
2021-02-23 00:00:00,1115.28,910.53,111.99,109.57,106.52,58.28,72.81,2.69,45.02,18.35,209525.96,Normal,0
2021-02-23 01:00:00,1117.02,910.02,111.18,108.8,105.77,57.71,72.15,2.69,42.93,18.05,209922.4,Normal,0
2021-02-23 02:00:00,1109.86,908.16,110.47,108.05,105.06,57.17,71.55,2.68,41.22,17.71,210053.2,Normal,0
2021-02-23 03:00:00,1102.9,904.49,109.64,107.28,104.28,56.63,71.06,2.7,41.84,17.38,210077.36,Normal,0
2021-02-23 04:00:00,1105.29,906.23,109.05,106.75,103.72,56.24,70.37,2.73,41.63,17.22,209932.72,Normal,0
2021-02-23 05:00:00,1113.56,909.17,108.8,106.44,103.44,55.85,69.85,2.74,42.48,17.01,209782.04,Normal,0
2021-02-23 06:00:00,1117.27,909.75,108.55,106.12,103.15,55.5,69.4,2.68,43.47,16.74,209889.7,Normal,0
2021-02-23 07:00:00,1112.64,908.96,108.16,105.83,102.85,55.42,69.2,2.65,42.56,16.99,209842.37,Normal,0
2021-02-23 08:00:00,1124.2,911.27,108.7,106.31,103.46,59.1,74.98,2.73,43.98,19.62,209073.12,Normal,0
2021-02-23 09:00:00,1122.61,910.7,110.56,108.28,105.51,74.08,85.5,2.79,46.16,23.62,209466.42,Normal,0
2021-02-23 10:00:00,1124.62,912.19,113.22,110.96,108.15,78.2,88.27,2.77,48.02,26.83,207791.37,Normal,0
2021-02-23 11:00:00,1109.1,909.15,115.06,112.8,109.93,79.6,89.83,2.8,48.19,30.72,208104.36,Normal,0
2021-02-23 12:00:00,1115.82,910.18,116.66,114.43,111.49,80.46,91.11,2.75,48.9,32.5,209356.94,Normal,0
2021-02-23 13:00:00,1124.27,910.38,118.3,116.0,113.05,81.18,92.46,2.73,50.43,33.15,209158.47,Normal,0
2021-02-23 14:00:00,1110.34,909.75,119.59,117.27,114.31,80.9,93.55,2.75,49.91,32.65,209840.59,Normal,0
2021-02-23 15:00:00,1108.14,911.57,120.36,118.03,115.01,80.8,94.06,2.84,50.46,32.36,207430.39,Normal,0
2021-02-23 16:00:00,1114.14,912.2,120.83,118.51,115.5,80.66,94.63,2.85,49.95,32.89,207480.77,Normal,0
2021-02-23 17:00:00,1105.18,912.46,120.93,118.58,115.53,80.88,94.78,2.8,49.96,32.89,205138.75,Normal,0
2021-02-23 18:00:00,1118.42,912.48,120.69,118.32,115.22,80.1,94.37,2.76,48.08,30.85,204764.68,Normal,0
2021-02-23 19:00:00,1106.67,904.12,119.98,117.55,114.4,78.98,93.53,2.89,46.98,28.59,207972.04,Normal,0
2021-02-23 20:00:00,1106.74,904.1,118.85,116.47,113.26,77.94,93.0,3.07,45.74,27.59,210184.27,Normal,0
2021-02-23 21:00:00,1104.1,902.43,117.98,115.62,112.41,77.3,92.34,3.03,45.46,26.82,210015.88,Normal,0
2021-02-23 22:00:00,1096.81,902.35,117.11,114.76,111.6,76.46,91.5,2.89,46.0,24.96,209916.89,Normal,0
2021-02-23 23:00:00,1098.57,901.17,116.36,114.03,110.88,75.74,90.85,2.9,44.97,23.2,210286.69,Normal,0
2021-02-24 00:00:00,1075.66,893.19,115.14,112.88,109.69,74.76,90.49,2.83,43.96,22.0,210079.1,Normal,0
2021-02-24 01:00:00,1087.98,899.0,114.2,111.95,108.8,73.83,89.69,2.84,43.48,21.24,209757.39,Normal,0
2021-02-24 02:00:00,1093.47,900.94,113.75,111.44,108.33,73.28,88.78,2.87,43.01,20.79,210039.45,Normal,0
2021-02-24 03:00:00,1094.44,899.8,113.09,110.82,107.67,72.65,85.44,2.87,42.96,20.4,210107.13,Normal,0
2021-02-24 04:00:00,1087.4,897.74,112.35,110.12,106.97,72.31,83.08,2.83,41.93,20.86,210074.28,Normal,0
2021-02-24 05:00:00,1100.35,901.61,111.84,109.59,106.48,72.05,81.48,2.83,42.69,20.38,209630.46,Normal,0
2021-02-24 06:00:00,1117.54,907.03,112.43,110.1,107.06,72.42,80.94,2.85,43.28,20.25,210038.89,Normal,0
2021-02-24 07:00:00,1090.79,899.69,112.05,109.8,106.71,72.23,80.36,2.83,42.53,20.19,210021.51,Normal,0
2021-02-24 08:00:00,1109.42,903.33,112.2,109.97,106.89,72.67,79.86,2.83,43.99,21.15,210312.15,Normal,0
2021-02-24 09:00:00,1080.4,891.55,112.27,110.09,107.09,73.68,80.81,3.01,44.69,25.54,210006.33,Normal,0
2021-02-24 10:00:00,1140.83,912.61,114.48,112.18,109.32,74.77,82.33,2.92,47.04,27.94,214170.67,Normal,0
2021-02-24 11:00:00,1123.96,912.81,116.56,114.24,111.38,76.17,84.06,2.86,48.64,29.27,208633.85,Normal,0
2021-02-24 12:00:00,1118.02,912.71,118.1,115.8,112.92,77.3,85.27,2.83,49.3,30.03,204437.08,Normal,0
2021-02-24 13:00:00,1122.52,912.34,119.7,117.39,114.55,78.36,86.64,2.72,51.17,33.32,209361.02,Normal,0
2021-02-24 14:00:00,1140.75,912.59,122.02,119.67,116.81,79.64,88.25,2.67,50.68,36.23,216848.8,Normal,0
2021-02-24 15:00:00,1132.39,912.61,123.46,121.05,118.15,80.22,89.59,2.65,51.41,39.65,213800.33,Normal,0
2021-02-24 16:00:00,1123.31,912.8,124.28,121.89,118.91,80.46,90.38,2.66,51.12,39.96,211792.03,Normal,0
2021-02-24 17:00:00,1115.89,912.8,124.34,121.96,118.9,80.41,90.31,2.66,50.38,39.83,208600.4,Normal,0
2021-02-24 18:00:00,1127.05,912.76,124.11,121.66,118.56,79.87,90.32,2.61,49.5,38.07,209693.07,Normal,0
2021-02-24 19:00:00,1122.93,912.75,123.57,121.12,117.98,78.98,90.44,2.68,48.73,33.93,210454.49,Normal,0
2021-02-24 20:00:00,1123.8,912.74,122.75,120.29,117.13,77.85,89.31,2.8,48.19,29.47,211500.7,Normal,0
2021-02-24 21:00:00,1141.36,912.75,121.83,119.24,116.1,76.35,88.78,2.83,47.85,26.65,212352.88,Normal,0
2021-02-24 22:00:00,1120.07,912.79,120.58,117.98,114.87,74.96,88.42,2.72,47.78,25.04,208786.13,Normal,0
2021-02-24 23:00:00,1112.98,912.72,119.35,116.75,113.63,73.78,87.13,2.78,47.14,24.76,208077.25,Normal,0
2021-02-25 00:00:00,1113.79,912.78,118.78,116.22,113.19,72.01,86.24,2.73,47.42,24.61,208684.44,Normal,0
2021-02-25 01:00:00,1114.18,912.79,118.2,115.7,112.63,68.97,85.39,2.74,46.73,23.4,209677.4,Normal,0
2021-02-25 02:00:00,1119.93,912.78,117.38,114.83,111.77,68.15,84.83,2.7,46.13,22.35,208906.61,Normal,0
2021-02-25 03:00:00,1114.78,912.77,116.49,113.93,110.9,67.73,83.86,2.7,45.31,21.61,207084.57,Normal,0
2021-02-25 04:00:00,1115.45,912.75,115.62,113.05,110.0,67.07,82.57,2.68,44.6,20.94,207659.47,Normal,0
2021-02-25 05:00:00,1114.35,912.78,114.77,112.22,109.18,66.19,81.74,2.66,44.09,20.43,206800.96,Normal,0
2021-02-25 06:00:00,1109.55,912.66,113.91,111.35,108.33,65.35,80.77,2.72,43.57,27.77,203943.94,Normal,0
2021-02-25 07:00:00,1113.95,912.78,113.33,110.87,107.87,65.25,81.88,2.7,44.38,29.32,205511.79,Normal,0
2021-02-25 08:00:00,912.54,773.63,113.0,110.58,107.67,66.37,81.26,2.36,45.35,32.18,175003.72,Normal,0
2021-02-25 09:00:00,935.0,0.0,92.82,92.84,90.93,64.94,72.53,0.52,46.36,35.77,69.93,Normal,0
2021-02-25 10:00:00,1100.0,0.0,82.53,82.2,83.45,61.18,62.73,0.51,36.7,29.97,0.0,Normal,0
2021-02-25 11:00:00,293.33,0.01,77.41,76.46,76.93,58.76,57.51,0.51,31.04,26.57,0.0,Normal,0
2021-02-25 12:00:00,0.0,0.0,73.38,72.3,70.61,56.71,53.36,0.51,27.64,24.59,12.24,Normal,0
2021-02-25 13:00:00,0.0,0.0,69.81,68.72,66.03,54.77,50.23,0.5,25.71,23.47,0.0,Normal,0
2021-02-25 14:00:00,0.0,0.0,66.63,65.62,62.38,52.9,47.79,0.48,24.77,22.99,0.0,Normal,0
2021-02-25 15:00:00,145.17,97.27,65.8,64.62,61.37,50.74,47.27,0.86,25.31,23.36,23867.34,Normal,0
2021-02-25 16:00:00,1122.16,912.56,85.36,83.04,81.18,52.23,60.29,2.79,41.18,34.05,209133.21,Normal,0
2021-02-25 17:00:00,1121.91,912.87,100.07,97.8,96.03,57.54,71.3,2.99,48.72,38.26,209222.31,Normal,0
2021-02-25 18:00:00,1120.6,912.87,106.62,104.35,102.11,60.6,76.87,2.98,49.07,37.52,205163.26,Normal,0
2021-02-25 19:00:00,1111.51,912.87,110.11,107.79,105.28,64.17,80.18,2.85,49.3,36.84,202820.37,Normal,0
2021-02-25 20:00:00,1108.62,912.87,112.19,109.81,107.19,66.39,80.99,2.81,48.13,36.52,202822.99,Normal,0
2021-02-25 21:00:00,1106.42,912.86,113.35,110.92,108.2,67.75,81.17,2.83,47.65,35.62,202074.0,Normal,0
2021-02-25 22:00:00,1111.35,912.85,114.03,111.56,108.8,67.23,81.13,2.82,47.78,35.11,204035.76,Normal,0
2021-02-25 23:00:00,1113.26,912.87,114.24,111.76,108.87,67.19,80.92,2.79,46.85,34.2,201963.54,Normal,0
2021-02-26 00:00:00,1116.1,912.86,114.45,111.92,109.04,68.11,81.33,2.81,47.47,33.97,203106.57,Normal,0
2021-02-26 01:00:00,400.88,322.36,105.91,104.41,101.08,67.84,78.65,1.33,49.1,36.2,74412.15,Normal,0
2021-02-26 02:00:00,1047.68,824.64,103.41,101.6,99.63,63.26,75.19,2.63,40.81,30.79,190702.43,Normal,0
2021-02-26 03:00:00,1119.33,912.86,110.59,107.98,105.45,64.3,79.01,2.71,45.15,32.66,211138.2,Normal,0
2021-02-26 04:00:00,1129.78,912.87,112.26,109.74,106.9,64.05,80.82,2.74,45.31,31.63,216300.77,Normal,0
2021-02-26 05:00:00,1128.55,912.8,113.08,110.56,107.6,64.43,83.18,2.72,45.11,28.65,212059.95,Normal,0
2021-02-26 06:00:00,1124.79,912.84,113.17,110.66,107.62,64.76,82.88,2.87,44.97,25.55,208138.51,Normal,0
2021-02-26 07:00:00,1111.45,912.86,112.86,110.37,107.35,64.94,81.34,2.97,44.94,23.68,204974.11,Normal,0
2021-02-26 08:00:00,1111.4,912.85,112.69,110.24,107.28,65.42,80.69,2.95,45.21,24.2,204840.71,Normal,0
2021-02-26 09:00:00,1114.27,912.83,113.14,110.65,107.79,67.93,82.81,2.89,46.12,25.67,205909.0,Normal,0
2021-02-26 10:00:00,1108.53,912.83,113.79,111.31,108.5,66.46,83.84,2.87,46.94,26.76,204304.94,Normal,0
2021-02-26 11:00:00,1107.1,912.84,114.36,111.92,109.08,66.75,84.54,2.83,47.53,27.49,202816.2,Normal,0
2021-02-26 12:00:00,1098.6,912.83,114.98,112.58,109.75,67.58,85.02,2.76,48.01,29.04,202912.87,Normal,0
2021-02-26 13:00:00,1099.52,912.83,115.36,113.01,110.05,67.88,84.25,2.73,47.73,31.2,202757.78,Normal,0
2021-02-26 14:00:00,1097.85,912.85,115.35,112.98,109.94,67.88,84.29,2.76,47.56,33.78,201537.28,Normal,0
2021-02-26 15:00:00,1086.84,912.85,115.02,112.64,109.61,67.9,84.78,2.78,47.38,34.57,198846.42,Normal,0
2021-02-26 16:00:00,783.38,665.01,112.97,110.76,107.56,68.0,84.1,2.16,49.18,35.9,149429.47,Normal,0
2021-02-26 17:00:00,0.0,0.0,92.05,92.71,88.31,65.19,72.01,0.53,44.82,37.35,0.0,Normal,0
2021-02-26 18:00:00,0.0,0.0,82.94,83.3,78.78,61.02,61.07,0.48,34.97,28.8,0.0,Normal,0
2021-02-26 19:00:00,0.0,0.0,77.38,76.75,72.3,57.87,55.07,0.49,29.11,23.77,0.0,Normal,0
2021-02-26 20:00:00,0.0,0.0,72.65,71.47,67.07,55.12,50.86,0.49,25.24,20.83,0.0,Normal,0
2021-02-26 21:00:00,0.0,0.0,68.4,66.87,62.51,52.43,47.36,0.49,22.53,18.9,0.0,Normal,0
2021-02-26 22:00:00,749.87,583.3,75.7,73.33,70.12,50.05,51.03,2.06,28.23,22.93,138047.15,Normal,0
2021-02-26 23:00:00,1127.74,912.83,95.47,92.69,90.8,52.85,67.1,2.73,41.77,32.83,213496.11,Normal,0
2021-02-27 00:00:00,1117.47,912.85,102.48,100.02,97.96,55.4,72.27,2.97,43.84,33.98,213381.35,Normal,0
2021-02-27 01:00:00,1113.86,912.85,106.55,104.16,101.81,58.02,76.7,3.12,44.55,34.32,211547.73,Normal,0
2021-02-27 02:00:00,1111.97,912.86,109.02,106.59,104.04,60.46,79.1,2.98,44.93,34.13,211948.83,Normal,0
2021-02-27 03:00:00,1091.76,912.87,110.44,108.05,105.33,62.56,80.94,2.99,45.27,34.49,202232.22,Normal,0
2021-02-27 04:00:00,1111.08,912.87,110.96,108.58,105.78,63.44,81.17,2.65,45.51,34.29,208250.83,Normal,0
2021-02-27 05:00:00,1132.31,912.87,112.32,109.86,107.07,64.15,81.76,2.64,45.25,33.84,214796.86,Normal,0
2021-02-27 06:00:00,1129.04,912.88,113.19,110.68,107.88,64.82,82.4,2.63,45.34,33.22,213773.23,Normal,0
2021-02-27 07:00:00,1125.18,912.87,113.99,111.47,108.67,65.44,82.82,2.67,44.62,32.69,213946.09,Normal,0
2021-02-27 08:00:00,1116.56,912.87,114.15,111.6,108.76,65.72,83.35,2.7,45.18,33.65,209252.96,Normal,0
2021-02-27 09:00:00,1124.17,912.87,114.58,112.04,109.25,66.27,83.69,2.68,45.8,34.24,208234.17,Normal,0
2021-02-27 10:00:00,1103.94,912.83,114.5,111.94,109.17,66.84,83.62,2.68,46.48,35.15,198708.0,Normal,0
2021-02-27 11:00:00,1106.46,912.85,114.99,112.57,109.79,67.75,84.76,2.71,47.63,36.11,206612.44,Normal,0
2021-02-27 12:00:00,1106.39,912.87,116.25,113.9,111.06,68.67,85.84,2.8,48.6,37.33,206668.84,Normal,0
2021-02-27 13:00:00,1091.46,912.85,117.05,114.73,111.88,69.45,86.82,2.79,48.88,37.68,202773.34,Normal,0
2021-02-27 14:00:00,1084.7,912.8,117.11,114.83,111.87,69.58,86.94,2.78,48.6,36.65,200306.2,Normal,0
2021-02-27 15:00:00,1094.4,912.82,117.27,114.94,111.98,69.46,86.74,2.78,48.23,36.85,203793.31,Normal,0
2021-02-27 16:00:00,1092.43,912.84,117.45,115.04,112.14,69.73,86.81,2.78,47.62,36.66,204411.71,Normal,0
2021-02-27 17:00:00,1103.08,910.14,117.28,114.85,111.96,69.65,85.52,2.75,48.16,36.53,205953.73,Normal,0
2021-02-27 18:00:00,1113.4,912.82,117.36,114.78,111.9,69.58,84.63,2.74,46.3,35.28,206872.67,Normal,0
2021-02-27 19:00:00,1095.56,912.83,116.45,113.99,111.09,69.09,84.65,2.71,45.47,33.87,205019.82,Normal,0
2021-02-27 20:00:00,1098.31,912.83,115.86,113.38,110.49,68.42,84.32,2.69,44.85,31.88,204875.16,Normal,0
2021-02-27 21:00:00,1086.92,912.82,114.85,112.35,109.47,67.46,83.57,2.66,43.34,29.9,201451.52,Normal,0
2021-02-27 22:00:00,1092.66,912.84,114.1,111.61,108.75,66.89,83.28,2.67,42.93,30.81,202009.06,Normal,0
2021-02-27 23:00:00,1088.43,912.84,113.02,110.52,107.62,66.1,82.21,2.65,39.88,31.29,199619.04,Normal,0
2021-02-28 00:00:00,1084.65,912.83,112.41,109.93,107.09,65.56,81.57,2.59,32.22,31.97,200429.95,Normal,0
2021-02-28 01:00:00,1082.17,912.77,111.76,109.29,106.45,64.91,81.1,2.62,28.82,30.64,200611.05,Normal,0
2021-02-28 02:00:00,1077.18,912.8,111.07,108.63,105.8,64.6,80.65,2.65,27.44,30.75,199150.52,Normal,0
2021-02-28 03:00:00,1075.8,912.8,110.46,108.07,105.23,64.38,79.98,2.71,32.67,30.84,197782.67,Normal,0
2021-02-28 04:00:00,1089.92,912.29,110.37,107.94,105.17,64.06,79.56,2.84,39.09,30.47,200969.71,Normal,0
2021-02-28 05:00:00,89.28,82.02,95.18,94.18,92.05,63.12,73.44,0.72,42.63,34.61,18742.43,Normal,0
2021-02-28 06:00:00,0.0,0.0,80.05,78.87,81.32,59.15,60.02,0.49,33.36,27.49,18.13,Normal,0
2021-02-28 07:00:00,0.0,0.0,73.13,70.69,75.46,56.43,52.63,0.5,26.93,22.78,0.0,Normal,0
2021-02-28 08:00:00,723.63,552.09,78.86,75.35,79.46,54.38,54.55,1.95,28.23,23.44,134260.87,Normal,0
2021-02-28 09:00:00,1161.43,912.84,99.63,96.4,95.81,58.15,70.96,2.71,41.86,32.38,223395.3,Normal,0
2021-02-28 10:00:00,1137.24,912.88,106.71,104.09,102.17,62.31,76.72,2.73,45.73,35.46,221493.8,Normal,0
2021-02-28 11:00:00,1130.34,912.88,111.31,108.92,106.57,65.77,80.25,2.74,47.96,36.84,219433.81,Normal,0
2021-02-28 12:00:00,1123.68,912.82,114.58,112.2,109.68,68.2,82.47,2.76,48.64,37.27,217750.8,Normal,0
2021-02-28 13:00:00,1112.55,912.87,116.72,114.39,111.71,70.23,84.28,2.78,50.08,38.49,211857.97,Normal,0
2021-02-28 14:00:00,1093.26,912.87,117.68,115.36,112.6,71.33,86.26,2.71,50.89,38.01,203754.1,Normal,0
2021-02-28 15:00:00,1096.76,912.87,118.42,116.05,113.21,71.59,86.95,2.65,50.44,38.45,204431.54,Normal,0
2021-02-28 16:00:00,831.7,693.22,116.72,114.22,111.2,71.25,85.51,2.14,49.26,35.57,158984.0,Normal,0
2021-02-28 17:00:00,0.0,0.0,94.87,94.88,90.93,67.38,74.25,0.51,46.91,35.94,0.0,Normal,0
2021-02-28 18:00:00,0.0,0.0,85.48,84.95,83.02,62.32,64.18,0.49,37.64,30.5,0.0,Normal,0
2021-02-28 19:00:00,0.0,0.0,79.62,77.57,78.19,58.99,57.64,0.49,30.17,24.7,0.0,Normal,0
2021-02-28 20:00:00,0.0,0.0,74.12,71.39,72.24,56.17,52.99,0.49,25.67,20.66,0.0,Normal,0
2021-02-28 21:00:00,0.0,0.0,69.32,66.25,68.01,53.64,49.34,0.49,23.41,19.62,0.0,Normal,0
2021-02-28 22:00:00,877.61,668.6,80.19,76.8,77.45,51.3,55.86,2.24,30.04,23.87,163217.22,Normal,0
2021-02-28 23:00:00,1146.19,912.79,98.95,95.86,94.57,54.04,70.88,2.66,42.49,31.97,218584.08,Normal,0
2021-03-01 00:00:00,1140.73,912.84,105.23,102.51,100.54,56.43,75.2,2.73,44.26,33.27,217795.21,Normal,0
2021-03-01 01:00:00,1135.07,912.86,108.7,106.06,103.73,59.63,77.74,2.97,43.94,32.8,217024.38,Normal,0
2021-03-01 02:00:00,1125.87,912.85,110.86,108.24,105.75,63.07,80.18,3.04,44.95,32.83,215413.04,Normal,0
2021-03-01 03:00:00,1124.01,912.85,112.29,109.68,107.07,64.27,81.24,2.83,45.51,32.97,214226.39,Normal,0
2021-03-01 04:00:00,1125.45,912.82,113.37,110.77,108.12,65.19,82.2,2.77,45.21,32.92,213055.21,Normal,0
2021-03-01 05:00:00,1131.09,912.83,114.36,111.74,109.06,66.08,82.48,2.83,45.32,33.23,215005.64,Normal,0
2021-03-01 06:00:00,1129.24,912.8,114.89,112.24,109.5,66.41,82.89,2.73,45.24,33.24,214958.22,Normal,0
2021-03-01 07:00:00,1122.0,912.82,115.04,112.4,109.62,66.7,83.59,2.71,45.71,32.05,213587.19,Normal,0
2021-03-01 08:00:00,1116.61,912.84,115.08,112.43,109.68,66.9,83.34,2.74,45.62,33.22,210316.59,Normal,0
2021-03-01 09:00:00,1114.75,912.85,115.33,112.67,109.99,67.53,83.26,2.76,47.27,34.75,208406.91,Normal,0
2021-03-01 10:00:00,1113.5,912.86,115.92,113.29,110.63,68.22,84.25,2.77,47.45,33.73,207814.7,Normal,0
2021-03-01 11:00:00,1113.46,912.86,116.47,113.9,111.19,68.59,84.54,2.79,48.96,36.83,206992.76,Normal,0
2021-03-01 12:00:00,1108.71,912.82,116.87,114.31,111.5,69.09,85.0,2.84,49.02,37.05,205730.33,Normal,0
2021-03-01 13:00:00,1113.04,912.87,117.33,114.72,111.92,69.37,85.63,2.73,49.57,36.14,208421.74,Normal,0
2021-03-01 14:00:00,1119.9,912.85,117.89,115.29,112.46,69.41,85.46,2.68,49.25,35.45,210651.33,Normal,0
2021-03-01 15:00:00,1118.55,912.85,118.47,115.88,113.03,69.7,86.54,2.66,49.07,36.15,212137.4,Normal,0
2021-03-01 16:00:00,996.02,817.73,116.76,114.21,111.25,69.03,85.45,2.46,46.7,33.32,187274.09,Normal,0
2021-03-01 17:00:00,1121.93,912.84,115.0,112.4,109.66,69.79,84.65,2.52,46.21,34.4,212189.63,Normal,0
2021-03-01 18:00:00,1140.38,912.86,116.31,113.52,110.86,70.2,83.96,2.48,46.62,34.36,213806.64,Normal,0
2021-03-01 19:00:00,1121.06,912.85,116.04,113.19,110.5,68.95,83.46,2.49,46.37,33.96,212573.53,Normal,0
2021-03-01 20:00:00,1112.1,912.86,115.9,113.14,110.39,68.01,83.86,2.6,46.86,34.22,211256.4,Normal,0
2021-03-01 21:00:00,1134.18,912.82,115.87,113.12,110.37,67.55,83.69,2.6,45.84,34.3,216210.45,Normal,0
2021-03-01 22:00:00,1124.56,912.85,115.75,112.99,110.26,67.17,82.97,2.57,45.41,33.13,213443.23,Normal,0
2021-03-01 23:00:00,1129.62,912.14,115.6,112.84,110.1,66.89,83.4,2.69,45.34,30.34,217148.8,Normal,0
2021-03-02 00:00:00,1128.67,912.81,115.4,112.57,109.82,66.5,82.8,2.64,44.69,28.09,218549.67,Normal,0
2021-03-02 01:00:00,1138.48,912.81,115.27,112.41,109.67,66.42,81.59,2.61,44.55,27.67,217421.91,Normal,0
2021-03-02 02:00:00,1145.85,912.81,115.18,112.28,109.53,66.14,81.03,2.58,44.41,29.81,218957.93,Normal,0
2021-03-02 03:00:00,1145.22,912.81,114.99,112.08,109.33,65.65,80.73,2.6,43.93,30.92,217962.8,Normal,0
2021-03-02 04:00:00,1146.16,912.8,114.76,111.86,109.12,65.33,80.43,2.62,43.72,31.34,218421.53,Normal,0
2021-03-02 05:00:00,1155.18,912.77,114.55,111.64,108.86,65.19,80.06,2.62,44.01,31.05,219385.5,Normal,0
2021-03-02 06:00:00,1134.6,912.74,114.11,111.21,108.44,64.4,79.64,2.66,43.46,30.59,220175.46,Normal,0
2021-03-02 07:00:00,1135.81,912.77,113.63,110.8,108.0,64.0,79.6,2.66,44.18,30.85,217947.77,Normal,0
2021-03-02 08:00:00,1133.66,912.72,113.62,110.83,108.11,63.82,79.42,2.68,44.12,32.19,218296.78,Normal,0
2021-03-02 09:00:00,1131.0,912.77,114.36,111.61,109.02,64.14,80.05,2.67,46.42,34.32,215428.99,Normal,0
2021-03-02 10:00:00,1132.16,912.81,115.45,112.75,110.21,64.93,80.87,2.63,47.74,35.74,213406.43,Normal,0
2021-03-02 11:00:00,1128.04,912.84,116.49,113.83,111.22,65.22,81.88,2.66,48.74,36.95,211700.82,Normal,0
2021-03-02 12:00:00,1123.34,912.85,117.12,114.51,111.81,65.98,81.99,2.66,49.37,37.33,209542.22,Normal,0
2021-03-02 13:00:00,1113.45,912.85,117.44,114.83,112.04,66.46,81.76,2.66,49.07,37.22,207045.04,Normal,0
2021-03-02 14:00:00,865.07,719.12,116.09,113.59,110.7,67.04,81.94,2.28,50.52,38.85,160602.97,Normal,0
2021-03-02 15:00:00,362.74,284.75,98.3,98.06,94.45,65.65,74.74,1.35,47.17,38.87,60703.77,Normal,0
2021-03-02 16:00:00,1135.96,912.7,111.13,108.51,106.11,68.05,81.04,2.66,47.29,37.52,217325.61,Normal,0
2021-03-02 17:00:00,1126.3,912.86,115.83,113.17,110.68,70.66,84.67,2.59,50.05,38.75,211849.17,Normal,0
2021-03-02 18:00:00,1118.55,912.87,117.16,114.52,111.87,70.05,85.62,2.55,50.28,38.75,205813.13,Normal,0
2021-03-02 19:00:00,1137.33,912.71,118.04,115.36,112.64,69.71,85.65,2.65,49.19,37.04,212066.59,Normal,0
2021-03-02 20:00:00,1129.03,912.87,118.54,115.8,113.06,69.33,85.84,2.64,48.56,35.2,212776.01,Normal,0
2021-03-02 21:00:00,1133.79,912.83,118.24,115.4,112.7,68.83,84.72,2.62,47.12,33.51,213692.97,Normal,0
2021-03-02 22:00:00,1132.01,912.85,118.03,115.26,112.58,69.01,84.19,2.63,47.0,32.7,213357.69,Normal,0
2021-03-02 23:00:00,1125.17,912.73,117.82,115.14,112.43,69.05,83.67,2.69,47.25,34.0,210759.39,Normal,0
2021-03-03 00:00:00,1119.65,912.85,117.53,114.89,112.15,68.8,82.91,2.7,46.47,33.66,211749.35,Normal,0
2021-03-03 01:00:00,1115.01,912.84,117.05,114.43,111.65,68.4,81.78,2.76,46.36,30.93,211585.39,Normal,0
2021-03-03 02:00:00,1107.36,912.83,116.64,114.05,111.23,68.12,83.36,2.82,46.21,27.41,209571.22,Normal,0
2021-03-03 03:00:00,1118.6,912.81,115.99,113.33,110.54,67.34,83.64,2.87,45.92,24.69,210380.07,Normal,0
2021-03-03 04:00:00,1121.4,912.8,115.41,112.72,109.98,66.84,83.17,2.84,45.47,23.53,211514.39,Normal,0
2021-03-03 05:00:00,1125.43,912.81,114.85,112.12,109.42,65.86,82.41,2.79,44.85,22.11,210586.94,Normal,0
2021-03-03 06:00:00,188.8,154.86,100.99,99.58,97.28,65.01,77.02,0.92,45.87,24.33,37242.85,Normal,0
2021-03-03 07:00:00,960.21,758.93,99.51,96.88,96.96,61.37,72.24,2.64,37.56,23.03,178552.23,Normal,0
2021-03-03 08:00:00,1073.98,876.96,109.47,106.46,104.62,63.97,77.93,2.83,44.13,25.44,205148.14,Normal,0
2021-03-03 09:00:00,0.0,0.02,92.68,91.75,90.06,63.47,71.77,0.55,45.84,28.2,219.37,Normal,0
2021-03-03 10:00:00,0.0,0.0,80.55,79.21,80.92,59.2,61.74,0.52,36.2,23.41,0.0,Normal,0
2021-03-03 11:00:00,0.0,0.0,74.57,72.12,75.29,56.42,56.65,0.52,30.5,21.53,14.03,Normal,0
2021-03-03 12:00:00,0.0,0.0,69.77,66.9,70.59,54.11,53.26,0.52,27.6,21.46,0.0,Normal,0
2021-03-03 13:00:00,0.0,0.0,65.88,63.02,66.79,52.09,50.66,0.52,26.11,21.74,0.0,Normal,0
2021-03-03 14:00:00,292.23,218.0,64.94,62.06,65.54,50.06,49.27,1.25,26.33,22.69,46972.19,Normal,0
2021-03-03 15:00:00,553.57,459.14,76.79,74.06,75.09,51.08,56.86,1.73,39.43,31.37,104269.23,Normal,0
2021-03-03 16:00:00,1141.3,912.67,95.21,92.57,92.09,53.75,66.57,2.59,46.99,36.94,216633.4,Normal,0
2021-03-03 17:00:00,1147.15,912.65,105.79,103.3,101.82,57.82,73.88,2.59,50.1,39.92,217582.16,Normal,0
2021-03-03 18:00:00,1117.32,912.87,111.02,108.53,106.5,62.29,78.05,2.54,49.73,38.71,204028.78,Normal,0
2021-03-03 19:00:00,1116.46,912.82,113.45,110.92,108.61,66.46,79.42,2.56,48.94,37.51,203338.43,Normal,0
2021-03-03 20:00:00,1166.58,911.54,115.78,113.12,110.7,67.91,80.73,2.63,48.85,36.8,222559.65,Normal,0
2021-03-03 21:00:00,1136.13,912.84,116.98,114.29,111.75,68.4,81.5,2.53,47.62,34.86,215063.72,Normal,0
2021-03-03 22:00:00,1145.25,912.83,117.43,114.67,112.08,68.56,81.69,2.54,46.56,33.35,216768.38,Normal,0
2021-03-03 23:00:00,1143.28,912.83,117.61,114.84,112.17,68.79,81.43,2.54,46.17,33.37,217831.47,Normal,0
2021-03-04 00:00:00,1149.59,912.57,117.65,114.87,112.18,68.68,81.13,2.57,46.08,33.69,221927.08,Normal,0
2021-03-04 01:00:00,1140.21,912.7,117.56,114.78,112.1,68.48,81.18,2.61,45.88,33.17,220551.24,Normal,0
2021-03-04 02:00:00,1135.57,912.69,117.33,114.56,111.85,68.13,80.82,2.64,45.19,32.69,220473.45,Normal,0
2021-03-04 03:00:00,1136.55,912.7,116.89,114.12,111.42,67.7,80.44,2.69,45.02,31.39,220783.72,Normal,0
2021-03-04 04:00:00,1134.97,912.7,116.5,113.77,111.07,67.2,80.22,2.71,44.49,30.89,221075.71,Normal,0
2021-03-04 05:00:00,1114.34,912.82,115.92,113.17,110.47,66.88,79.96,2.72,44.22,27.9,214227.63,Normal,0
2021-03-04 06:00:00,848.49,772.19,111.67,109.2,106.39,66.37,78.92,2.43,45.25,25.78,160591.54,Normal,0
2021-03-04 07:00:00,0.0,0.0,90.48,89.61,88.69,63.9,68.21,0.5,41.5,26.9,30.91,Normal,0
2021-03-04 08:00:00,0.0,0.0,78.78,76.69,80.53,59.58,56.2,0.5,31.08,22.4,61.75,Normal,0
2021-03-04 09:00:00,0.0,0.0,72.09,69.14,74.85,56.86,50.18,0.5,26.35,20.67,4.22,Normal,0
2021-03-04 10:00:00,0.0,0.0,67.31,64.45,70.33,54.65,47.27,0.5,24.43,20.54,0.0,Normal,0
2021-03-04 11:00:00,0.0,0.0,63.98,61.51,66.57,52.45,46.17,0.5,24.17,21.12,0.0,Normal,0
2021-03-04 12:00:00,0.0,0.0,61.73,59.84,62.95,50.31,45.46,0.5,23.9,21.63,0.0,Normal,0
2021-03-04 13:00:00,0.0,0.0,59.84,58.42,59.55,48.67,44.19,0.5,23.74,22.24,0.0,Normal,0
2021-03-04 14:00:00,0.0,0.0,58.03,56.94,56.34,47.35,42.58,0.49,23.36,22.25,0.0,Normal,0
2021-03-04 15:00:00,0.0,0.0,56.16,55.29,53.44,45.78,41.04,0.47,23.1,22.29,178.4,Normal,0
2021-03-04 16:00:00,0.0,0.0,54.37,53.66,51.23,44.28,39.58,0.48,22.62,22.11,44.65,Normal,0
2021-03-04 17:00:00,0.0,0.0,52.68,52.01,49.56,42.66,38.54,0.49,22.32,21.75,0.0,Normal,0
2021-03-04 18:00:00,0.0,0.0,51.12,50.43,48.22,41.15,37.58,0.49,21.88,21.34,0.0,Normal,0
2021-03-04 19:00:00,0.0,0.0,49.66,48.94,47.13,39.78,36.89,0.49,21.61,20.75,0.0,Normal,0
2021-03-04 20:00:00,0.0,0.0,48.25,47.4,45.91,38.48,36.01,0.5,21.26,20.01,0.0,Normal,0
2021-03-04 21:00:00,0.0,0.0,46.85,45.88,44.59,37.2,35.03,0.5,20.66,19.35,0.0,Normal,0
2021-03-04 22:00:00,0.0,0.0,45.53,44.51,43.42,36.0,34.17,0.5,20.24,18.92,87.0,Normal,0
2021-03-04 23:00:00,0.0,0.0,44.22,43.31,41.99,35.0,32.86,0.5,19.35,18.1,0.0,Normal,0
2021-03-05 00:00:00,0.0,0.0,42.95,42.2,40.44,34.06,31.66,0.5,18.83,17.4,0.0,Normal,0
2021-03-05 01:00:00,0.0,0.0,41.85,41.12,39.51,33.1,31.01,0.5,19.0,17.49,0.0,Normal,0
2021-03-05 02:00:00,61.7,28.24,40.91,40.13,39.2,32.35,30.51,0.7,18.83,17.47,7390.77,Normal,0
2021-03-05 03:00:00,1080.38,902.14,63.85,62.05,61.77,35.66,41.74,2.71,36.35,30.04,202747.72,Normal,0
2021-03-05 04:00:00,1083.24,912.74,83.36,81.35,80.57,42.43,55.11,2.92,44.92,35.5,197898.6,Normal,0
2021-03-05 05:00:00,1094.21,912.76,93.29,91.17,89.8,48.26,62.84,2.83,46.33,34.13,202042.28,Normal,0
2021-03-05 06:00:00,1097.91,912.76,99.8,97.54,95.81,52.04,67.56,2.72,46.22,35.66,201907.87,Normal,0
2021-03-05 07:00:00,1095.72,912.84,104.13,101.76,99.76,55.16,71.17,2.79,45.0,35.76,202500.07,Normal,0
2021-03-05 08:00:00,1053.39,912.8,106.21,103.8,101.57,59.3,73.55,2.78,37.02,34.57,191627.04,Normal,0
2021-03-05 09:00:00,1018.61,912.77,105.77,103.33,101.01,61.02,74.46,2.76,32.7,33.66,184356.13,Normal,0
2021-03-05 10:00:00,1055.11,912.77,106.18,103.69,101.37,60.36,74.77,2.81,32.9,31.02,195520.79,Normal,0
2021-03-05 11:00:00,1050.15,912.78,106.71,104.25,101.88,59.54,75.05,2.84,33.76,29.27,192100.85,Normal,0
2021-03-05 12:00:00,1021.92,912.74,106.69,104.36,101.93,59.62,75.72,2.81,33.44,30.74,181137.98,Normal,0
2021-03-05 13:00:00,1034.71,912.74,107.39,105.13,102.68,61.01,76.33,2.83,34.17,33.47,184441.39,Normal,0
2021-03-05 14:00:00,1076.4,912.82,109.54,107.16,104.75,63.08,77.51,2.86,35.61,34.3,197133.2,Normal,0
2021-03-05 15:00:00,1081.01,912.83,111.58,109.18,106.73,64.54,78.92,2.76,36.31,34.25,198249.63,Normal,0
2021-03-05 16:00:00,741.55,628.4,110.87,108.57,105.96,66.13,80.01,2.1,39.29,39.23,135559.48,Normal,0
2021-03-05 17:00:00,0.0,0.0,91.09,91.59,87.68,64.44,70.39,0.5,40.41,38.76,0.0,Normal,0
2021-03-05 18:00:00,0.0,0.0,83.1,83.28,78.55,60.98,61.67,0.49,34.97,29.53,0.0,Normal,0
2021-03-05 19:00:00,0.0,0.0,77.77,76.45,73.81,58.0,57.22,0.49,29.92,24.24,0.0,Normal,0
2021-03-05 20:00:00,0.0,0.0,72.7,70.13,70.33,55.55,53.2,0.49,26.68,22.08,0.0,Normal,0
2021-03-05 21:00:00,0.0,0.0,68.27,65.3,66.95,53.14,50.23,0.49,25.31,20.67,0.0,Normal,0
2021-03-05 22:00:00,42.47,20.18,64.79,61.99,63.81,50.79,47.72,0.63,23.73,20.01,5479.2,Normal,0
2021-03-05 23:00:00,919.13,758.01,79.3,76.14,76.61,48.66,55.16,2.52,32.05,27.16,176126.22,Normal,0
2021-03-06 00:00:00,1121.07,912.86,95.64,92.87,91.81,51.08,65.1,2.61,43.65,33.25,212321.22,Normal,0
2021-03-06 01:00:00,1114.87,912.87,102.78,100.26,98.56,53.93,70.14,2.65,46.04,34.99,211646.03,Normal,0
2021-03-06 02:00:00,1115.4,912.86,106.93,104.41,102.3,56.4,73.21,2.68,45.74,34.3,214064.94,Normal,0
2021-03-06 03:00:00,1111.99,912.87,109.48,106.89,104.62,58.45,75.25,2.7,46.06,34.12,212492.3,Normal,0
2021-03-06 04:00:00,1116.56,912.85,111.17,108.57,106.13,60.14,76.55,2.67,46.01,33.65,213610.42,Normal,0
2021-03-06 05:00:00,1119.7,912.86,111.72,108.83,106.42,60.78,76.21,2.65,44.67,32.38,212285.08,Normal,0
2021-03-06 06:00:00,1114.22,912.77,111.68,108.68,106.32,61.03,76.17,2.69,44.71,32.5,210060.25,Normal,0
2021-03-06 07:00:00,1119.33,912.86,111.9,109.01,106.6,61.4,76.66,2.7,44.43,31.74,211902.5,Normal,0
2021-03-06 08:00:00,1128.1,912.86,112.59,109.71,107.31,62.37,77.27,2.66,44.55,32.22,213007.86,Normal,0
2021-03-06 09:00:00,1125.97,912.87,113.23,110.38,107.97,63.29,78.03,2.68,45.48,32.67,211588.45,Normal,0
2021-03-06 10:00:00,1120.14,912.87,113.81,111.0,108.56,64.0,79.1,2.67,46.71,34.63,209730.3,Normal,0
2021-03-06 11:00:00,1121.54,912.87,114.58,111.74,109.33,65.05,80.04,2.68,48.17,35.73,209590.96,Normal,0
2021-03-06 12:00:00,1125.63,912.86,115.51,112.63,110.24,65.8,80.88,2.68,48.63,36.3,211319.1,Normal,0
2021-03-06 13:00:00,1126.44,912.82,116.29,113.41,111.01,66.5,81.62,2.72,47.97,35.84,211508.11,Normal,0
2021-03-06 14:00:00,1110.35,912.84,116.71,113.84,111.35,66.59,82.38,2.75,48.0,36.19,208525.91,Normal,0
2021-03-06 15:00:00,1113.62,912.87,116.49,113.67,111.12,66.51,82.06,2.68,48.21,36.22,208008.78,Normal,0
2021-03-06 16:00:00,904.76,747.98,115.47,112.73,110.09,66.8,81.83,2.31,48.54,36.89,169557.46,Normal,0
2021-03-06 17:00:00,0.0,0.0,94.77,94.69,91.36,65.43,72.49,0.5,46.58,39.01,0.0,Normal,0
2021-03-06 18:00:00,0.0,0.0,84.74,84.9,81.02,61.96,61.89,0.49,36.13,30.63,0.0,Normal,0
2021-03-06 19:00:00,0.0,0.0,79.13,78.23,75.27,59.31,56.71,0.49,31.25,26.02,0.0,Normal,0
2021-03-06 20:00:00,0.0,0.0,73.98,71.92,71.83,57.12,52.54,0.49,27.19,23.04,0.0,Normal,0
2021-03-06 21:00:00,0.0,0.0,69.21,66.63,68.34,54.9,49.01,0.5,24.42,21.19,0.0,Normal,0
2021-03-06 22:00:00,807.02,647.66,78.39,75.29,76.11,52.75,53.06,2.21,30.38,24.01,150897.43,Normal,0
2021-03-06 23:00:00,1119.0,912.79,96.94,93.82,92.76,55.11,65.16,2.76,43.85,32.53,207256.53,Normal,0
2021-03-07 00:00:00,1112.73,912.81,102.71,99.89,98.2,57.3,69.47,3.24,44.91,30.92,206118.75,Normal,0
2021-03-07 01:00:00,1109.48,912.84,105.91,103.08,101.11,58.93,72.31,3.21,45.13,30.05,207668.12,Normal,0
2021-03-07 02:00:00,1108.43,912.84,107.85,105.03,102.82,59.65,73.97,3.14,45.03,31.29,206919.42,Normal,0
2021-03-07 03:00:00,1104.4,912.83,109.04,106.18,103.9,60.51,75.47,3.2,45.24,32.46,207052.77,Normal,0
2021-03-07 04:00:00,1101.89,912.83,109.62,106.77,104.45,61.25,76.2,3.11,45.59,31.4,205410.39,Normal,0
2021-03-07 05:00:00,1102.89,912.84,110.25,107.39,105.09,61.96,76.79,3.05,45.52,30.1,206020.42,Normal,0
2021-03-07 06:00:00,1105.79,912.86,110.78,107.9,105.56,62.34,77.06,2.89,45.6,29.13,207746.87,Normal,0
2021-03-07 07:00:00,1118.6,912.86,111.33,108.42,106.11,62.75,77.33,2.86,46.14,29.87,208528.29,Normal,0
2021-03-07 08:00:00,1113.06,912.87,111.83,108.91,106.62,63.35,77.78,2.91,46.49,29.22,206872.48,Normal,0
2021-03-07 09:00:00,1108.0,912.86,112.29,109.38,107.09,64.0,78.24,2.92,47.1,29.09,205279.86,Normal,0
2021-03-07 10:00:00,1106.38,912.85,112.91,110.06,107.74,64.5,79.05,2.96,47.57,29.78,206951.99,Normal,0
2021-03-07 11:00:00,1099.83,912.81,113.57,110.8,108.41,65.2,79.95,2.9,47.88,30.86,205767.43,Normal,0
2021-03-07 12:00:00,1096.98,912.84,114.09,111.32,108.88,65.69,80.34,2.9,48.49,32.86,203312.25,Normal,0
2021-03-07 13:00:00,1098.13,912.85,114.55,111.77,109.31,66.21,80.89,2.86,49.06,34.14,203041.83,Normal,0
2021-03-07 14:00:00,465.73,371.94,103.74,102.06,99.74,65.58,77.46,1.61,49.07,36.62,83879.55,Normal,0
2021-03-07 15:00:00,1105.29,912.81,109.07,106.26,104.62,65.15,77.46,2.71,46.89,35.4,206344.98,Normal,0
2021-03-07 16:00:00,1105.27,912.85,112.16,109.25,107.15,65.31,78.61,2.65,48.37,36.23,207000.05,Normal,0
2021-03-07 17:00:00,1102.63,912.86,113.17,110.26,108.01,65.04,79.0,2.64,48.43,35.5,204133.52,Normal,0
2021-03-07 18:00:00,1112.19,912.86,113.39,110.45,108.19,64.86,79.08,2.62,47.98,34.6,205077.19,Normal,0
2021-03-07 19:00:00,1116.44,912.87,113.63,110.63,108.37,64.49,79.2,2.63,47.82,34.06,205989.96,Normal,0
2021-03-07 20:00:00,1086.7,885.29,113.98,110.96,108.69,64.11,79.41,2.71,48.3,33.76,204925.73,Normal,0
2021-03-07 21:00:00,0.0,0.06,95.37,94.63,91.58,63.02,72.17,0.52,47.9,37.1,365.95,Normal,0
2021-03-07 22:00:00,0.0,0.0,83.29,82.76,82.07,59.14,62.48,0.49,38.63,31.66,0.0,Normal,0
2021-03-07 23:00:00,931.02,739.95,92.48,89.57,89.83,55.84,64.19,2.55,36.61,27.39,171062.96,Normal,0
2021-03-08 00:00:00,636.25,523.58,100.41,97.57,95.88,56.92,70.69,1.86,46.6,34.07,121744.54,Normal,0
2021-03-08 01:00:00,800.16,635.91,91.78,89.83,88.34,54.28,66.42,2.31,39.39,29.79,144141.7,Normal,0
2021-03-08 02:00:00,833.53,170.98,89.65,88.03,86.46,55.18,66.46,0.97,47.39,37.42,41408.32,Normal,0
2021-03-08 03:00:00,999.04,798.17,90.91,88.77,88.14,51.63,64.0,2.62,37.84,29.65,183050.22,Normal,0
2021-03-08 04:00:00,1140.64,912.82,102.39,99.45,98.02,53.77,70.08,2.76,43.25,32.8,215166.68,Normal,0
2021-03-08 05:00:00,1142.65,912.84,106.71,103.71,101.93,55.53,72.77,2.77,43.64,33.35,215611.69,Normal,0
2021-03-08 06:00:00,1023.34,830.76,108.97,105.93,104.0,56.97,74.57,2.62,43.69,34.13,195798.63,Normal,0
2021-03-08 07:00:00,0.0,0.0,90.52,89.77,88.17,57.75,68.15,0.49,47.67,40.62,10.09,Normal,0
2021-03-08 08:00:00,353.96,266.39,82.65,81.66,82.39,54.6,60.32,1.38,36.97,32.04,60388.38,Normal,0
2021-03-08 09:00:00,1141.39,912.74,100.2,96.94,96.33,54.13,68.27,2.74,42.52,31.8,213094.49,Normal,0
2021-03-08 10:00:00,1137.61,912.86,106.38,103.35,101.68,55.98,72.6,2.72,46.05,34.24,210464.28,Normal,0
2021-03-08 11:00:00,630.66,514.75,104.65,102.15,99.88,58.07,73.84,1.87,48.33,37.5,116910.63,Normal,0
2021-03-08 12:00:00,1035.97,824.47,99.5,97.39,95.26,56.0,70.16,2.62,41.07,31.03,187277.07,Normal,0
2021-03-08 13:00:00,1133.43,912.83,107.11,104.14,102.26,57.26,73.6,2.64,45.67,33.63,211390.71,Normal,0
2021-03-08 14:00:00,1138.2,912.79,109.97,106.91,104.98,58.4,75.6,2.66,46.66,33.01,212428.1,Normal,0
2021-03-08 15:00:00,629.48,506.18,106.31,103.61,101.31,59.65,75.28,1.76,47.97,34.21,118205.02,Normal,0
2021-03-08 16:00:00,991.81,783.13,100.46,98.25,96.57,57.41,71.07,2.57,41.49,30.33,182967.52,Normal,0
2021-03-08 17:00:00,1141.31,912.67,108.12,104.97,103.16,57.44,74.77,2.82,44.56,30.24,210808.24,Normal,0
2021-03-08 18:00:00,1138.31,912.75,109.8,106.67,104.68,57.75,75.84,2.77,45.64,31.76,208900.21,Normal,0
2021-03-08 19:00:00,1125.28,912.75,110.44,107.38,105.29,58.27,76.59,2.79,45.61,30.37,205522.49,Normal,0
2021-03-08 20:00:00,1120.41,912.75,110.75,107.72,105.47,58.78,77.0,2.84,45.42,29.88,206454.98,Normal,0
2021-03-08 21:00:00,1116.01,912.73,110.92,107.94,105.69,59.87,77.1,2.79,45.52,31.02,205263.56,Normal,0
2021-03-08 22:00:00,1118.86,912.73,111.06,108.05,105.85,60.93,77.07,2.75,45.3,31.44,204141.39,Normal,0
2021-03-08 23:00:00,1117.0,912.62,111.17,108.15,105.95,61.45,77.46,2.8,43.42,31.77,204108.27,Normal,0
2021-03-09 00:00:00,1125.06,912.74,111.49,108.46,106.24,61.69,77.75,2.73,44.44,31.09,206751.64,Normal,0
2021-03-09 01:00:00,1121.58,912.75,111.52,108.54,106.22,61.56,77.53,2.72,44.77,31.74,206539.88,Normal,0
2021-03-09 02:00:00,1121.06,912.74,111.43,108.44,106.13,61.54,77.34,2.71,44.41,31.3,207115.02,Normal,0
2021-03-09 03:00:00,1125.87,912.72,111.07,108.01,105.65,60.6,76.75,2.73,43.42,29.62,209116.08,Normal,0
2021-03-09 04:00:00,1124.27,912.73,110.83,107.74,105.45,60.04,76.53,2.72,43.1,29.46,208847.92,Normal,0
2021-03-09 05:00:00,1131.26,912.73,110.95,107.81,105.57,60.15,76.5,2.75,43.32,27.39,208786.66,Normal,0
2021-03-09 06:00:00,1122.17,912.74,110.9,107.81,105.54,60.67,76.5,2.87,43.35,25.69,208771.48,Normal,0
2021-03-09 07:00:00,1110.88,912.52,110.84,107.83,105.52,61.16,76.53,2.99,43.1,24.66,203802.59,Normal,0
2021-03-09 08:00:00,1148.93,912.16,111.43,108.42,106.15,61.38,77.31,2.8,44.84,27.99,219218.67,Normal,0
2021-03-09 09:00:00,1132.01,912.57,112.14,109.2,106.82,61.87,78.06,2.75,45.41,30.39,211778.69,Normal,0
2021-03-09 10:00:00,97.55,81.21,97.21,96.18,93.18,62.08,72.69,0.72,46.66,36.73,19364.88,Normal,0
2021-03-09 11:00:00,0.0,0.0,82.69,83.01,79.64,58.91,60.72,0.49,36.16,30.65,0.0,Normal,0
2021-03-09 12:00:00,0.0,0.0,76.77,76.23,73.1,56.34,54.59,0.5,29.78,25.68,0.0,Normal,0
2021-03-09 13:00:00,0.0,0.0,72.08,71.04,68.03,54.13,50.7,0.52,25.99,22.71,0.0,Normal,0
2021-03-09 14:00:00,647.2,508.11,77.04,75.03,72.15,51.3,51.4,1.75,27.88,23.41,125083.27,Normal,0
2021-03-09 15:00:00,1145.43,912.58,97.24,94.17,92.44,51.97,64.48,2.83,42.14,32.48,222179.15,Normal,0
2021-03-09 16:00:00,1149.64,912.58,104.63,101.77,99.95,54.42,70.6,2.87,45.78,33.04,221321.72,Normal,0
2021-03-09 17:00:00,1134.29,912.69,108.47,105.6,103.53,56.38,74.0,2.82,45.9,32.72,216810.01,Normal,0
2021-03-09 18:00:00,382.53,292.23,100.62,98.8,95.94,57.86,72.71,1.34,47.24,36.57,69936.36,Normal,0
2021-03-09 19:00:00,1154.71,898.34,101.26,98.88,96.62,55.47,69.74,2.63,40.38,30.48,211863.39,Normal,0
2021-03-09 20:00:00,1152.26,912.65,108.15,105.05,102.99,56.57,73.83,2.55,44.76,31.78,216453.55,Normal,0
2021-03-09 21:00:00,1146.66,912.66,110.23,107.18,104.98,57.49,75.48,2.57,45.12,31.96,218096.19,Normal,0
2021-03-09 22:00:00,1149.85,912.67,111.29,108.23,106.01,58.09,76.13,2.57,44.35,30.48,218917.69,Normal,0
2021-03-09 23:00:00,1148.55,912.64,111.83,108.72,106.43,58.42,76.46,2.6,43.71,29.71,219932.73,Normal,0
2021-03-10 00:00:00,1143.44,912.65,111.89,108.77,106.42,58.82,76.61,2.62,43.5,29.64,217562.94,Normal,0
2021-03-10 01:00:00,1137.81,912.67,111.74,108.65,106.23,59.65,76.5,2.64,43.34,29.21,217510.57,Normal,0
2021-03-10 02:00:00,1136.68,912.61,111.6,108.48,106.06,60.36,76.5,2.67,42.79,28.49,217470.85,Normal,0
2021-03-10 03:00:00,1147.06,912.65,111.54,108.39,106.0,60.4,76.36,2.76,42.44,25.7,217159.01,Normal,0
2021-03-10 04:00:00,1149.38,912.62,111.17,108.01,105.62,59.86,76.2,2.75,42.14,24.71,217647.74,Normal,0
2021-03-10 05:00:00,1152.8,912.62,110.84,107.59,105.21,59.2,75.97,2.69,41.75,26.04,217652.96,Normal,0
2021-03-10 06:00:00,1143.21,912.65,110.39,107.19,104.84,58.81,75.8,2.69,41.3,27.46,217599.75,Normal,0
2021-03-10 07:00:00,1127.98,911.48,109.95,106.81,104.45,58.38,75.6,2.82,41.3,26.69,212662.68,Normal,0
2021-03-10 08:00:00,1127.7,912.71,109.75,106.7,104.42,58.56,75.64,2.59,43.35,27.07,211477.82,Normal,0
2021-03-10 09:00:00,1114.17,912.71,110.41,107.53,105.29,60.19,76.51,2.6,45.19,29.32,208670.9,Normal,0
2021-03-10 10:00:00,367.88,290.75,98.88,97.57,94.87,61.03,73.41,1.38,46.54,34.08,66314.41,Normal,0
2021-03-10 11:00:00,1129.4,912.44,104.3,101.76,99.92,60.36,72.94,2.66,43.44,32.24,212499.4,Normal,0
2021-03-10 12:00:00,1121.87,912.59,110.04,107.22,105.2,62.97,76.5,2.66,47.25,34.97,210850.51,Normal,0
2021-03-10 13:00:00,1141.89,912.6,113.2,110.37,108.25,64.49,79.21,2.57,49.03,37.43,217925.23,Normal,0
2021-03-10 14:00:00,1141.03,912.59,115.5,112.64,110.41,66.14,80.76,2.62,49.74,37.0,216962.94,Normal,0
2021-03-10 15:00:00,1121.09,912.67,116.78,113.98,111.59,67.5,82.2,2.62,49.35,36.13,212426.08,Normal,0
2021-03-10 16:00:00,1126.65,912.65,117.83,114.98,112.56,68.32,83.1,2.63,49.57,34.76,213487.08,Normal,0
2021-03-10 17:00:00,1123.68,912.66,118.27,115.38,112.94,68.44,83.6,2.62,48.79,33.34,208293.96,Normal,0
2021-03-10 18:00:00,1125.36,912.68,118.09,115.13,112.66,68.1,83.42,2.69,47.87,30.4,208248.88,Normal,0
2021-03-10 19:00:00,1113.97,912.7,117.45,114.47,112.06,67.54,83.01,2.83,47.94,27.81,208587.72,Normal,0
2021-03-10 20:00:00,1110.31,912.69,116.85,113.9,111.47,66.98,82.69,2.76,47.64,25.48,208563.99,Normal,0
2021-03-10 21:00:00,1118.97,912.66,116.11,113.09,110.68,66.41,81.83,2.7,46.85,23.52,208835.38,Normal,0
2021-03-10 22:00:00,1121.0,912.68,115.53,112.47,110.16,66.44,81.25,2.76,46.54,24.44,208212.7,Normal,0
2021-03-10 23:00:00,1123.23,912.69,115.23,112.25,109.89,66.09,80.99,2.69,45.66,27.78,210517.29,Normal,0
2021-03-11 00:00:00,1125.03,912.66,114.72,111.63,109.25,64.93,80.41,2.73,42.17,26.53,211547.91,Normal,0
2021-03-11 01:00:00,1121.01,912.69,113.65,110.56,108.14,63.62,79.37,2.83,39.13,23.69,211050.92,Normal,0
2021-03-11 02:00:00,1122.67,912.64,112.88,109.86,107.46,63.09,78.68,2.86,36.18,21.14,212804.06,Normal,0
2021-03-11 03:00:00,1126.18,912.61,112.35,109.31,106.92,62.54,78.16,2.8,29.94,19.99,211299.31,Normal,0
2021-03-11 04:00:00,1144.27,912.22,112.21,109.09,106.73,62.06,77.92,2.89,27.48,19.45,219312.38,Normal,0
2021-03-11 05:00:00,1159.73,912.58,112.02,108.85,106.47,61.32,77.59,2.79,25.59,18.31,220840.83,Normal,0
2021-03-11 06:00:00,1136.58,911.75,111.62,108.59,106.12,61.3,77.39,2.87,25.54,18.3,215312.25,Normal,0
2021-03-11 07:00:00,1144.3,912.61,111.2,108.17,105.76,61.22,76.63,2.86,25.9,19.11,217938.89,Normal,0
2021-03-11 08:00:00,1151.93,912.52,111.48,108.44,106.11,61.49,77.02,2.79,26.93,20.22,217153.89,Normal,0
2021-03-11 09:00:00,1138.97,912.58,112.63,109.7,107.38,63.41,78.7,2.89,30.09,23.79,212323.12,Normal,0
2021-03-11 11:00:00,372.77,280.3,88.52,87.53,88.1,61.48,66.56,1.34,34.06,28.64,62084.44,Normal,0
2021-03-11 12:00:00,879.63,692.25,98.79,95.8,95.37,61.23,70.92,2.21,41.06,33.54,163664.07,Normal,0
2021-03-11 13:00:00,1161.35,912.66,108.98,105.94,104.45,63.46,75.99,2.51,47.81,37.35,218418.15,Normal,0
2021-03-11 14:00:00,1144.91,912.64,113.5,110.6,108.64,65.39,79.1,2.55,49.56,37.65,215157.61,Normal,0
2021-03-11 15:00:00,1125.51,912.68,115.83,112.99,110.82,67.35,81.25,2.59,50.18,37.81,211130.84,Normal,0
2021-03-11 16:00:00,905.59,734.57,116.28,113.51,111.14,68.43,82.49,2.28,50.73,39.95,170594.17,Normal,0
2021-03-11 17:00:00,0.0,0.0,95.95,96.04,92.26,66.99,72.94,0.53,47.72,42.11,0.0,Normal,0
2021-03-11 18:00:00,0.0,0.0,86.09,86.45,81.9,63.64,62.55,0.5,37.31,33.41,0.0,Normal,0
2021-03-11 19:00:00,0.0,0.0,80.53,79.84,76.22,60.82,57.69,0.48,33.39,29.68,0.0,Normal,0
2021-03-11 20:00:00,0.0,0.0,75.83,74.23,72.73,57.85,54.82,0.49,30.18,26.56,0.0,Normal,0
2021-03-11 21:00:00,0.0,0.0,71.64,69.43,69.58,54.77,52.42,0.48,28.19,24.51,0.0,Normal,0
2021-03-11 22:00:00,919.07,707.25,82.73,79.46,79.73,51.71,56.23,2.41,31.26,25.63,172919.42,Normal,0
2021-03-11 23:00:00,1161.46,912.47,99.64,96.31,95.15,53.0,66.62,3.09,42.39,30.37,222407.73,Normal,0
2021-03-12 00:00:00,1151.35,912.59,104.77,101.65,99.92,54.29,70.84,3.07,43.73,30.22,218977.58,Normal,0
2021-03-12 01:00:00,1142.06,912.67,107.45,104.37,102.34,55.93,73.05,2.86,43.18,30.28,216242.59,Normal,0
2021-03-12 02:00:00,1140.61,912.61,108.81,105.73,103.55,56.86,74.15,2.83,42.83,29.41,217008.92,Normal,0
2021-03-12 03:00:00,1140.23,912.56,109.72,106.59,104.34,57.21,74.91,2.87,41.95,28.66,217034.04,Normal,0
2021-03-12 04:00:00,1132.39,912.53,109.71,106.63,104.32,57.4,75.46,3.04,41.96,26.62,215453.99,Normal,0
2021-03-12 05:00:00,1142.97,912.59,110.04,106.83,104.53,57.4,75.3,2.98,41.93,25.32,218071.64,Normal,0
2021-03-12 06:00:00,1130.81,912.54,110.01,106.83,104.49,57.78,75.54,3.02,40.83,25.38,217315.2,Normal,0
2021-03-12 07:00:00,1126.84,912.58,109.83,106.73,104.39,58.38,75.8,3.01,41.4,26.1,215259.45,Normal,0
2021-03-12 08:00:00,1118.05,912.66,110.24,107.24,104.99,60.09,76.6,3.03,42.89,28.02,210341.89,Normal,0
2021-03-12 09:00:00,545.46,434.62,100.11,98.41,95.85,60.2,73.49,1.8,44.5,31.81,99890.13,Normal,0
2021-03-12 10:00:00,1112.13,912.54,106.43,103.75,101.74,59.86,74.69,2.69,45.99,32.09,206873.86,Normal,0
2021-03-12 11:00:00,1123.95,912.69,110.48,107.67,105.63,61.52,76.81,2.69,47.82,33.29,209844.25,Normal,0
2021-03-12 12:00:00,1122.88,912.68,112.95,110.17,107.97,63.07,78.38,2.7,48.43,33.8,212287.46,Normal,0
2021-03-12 13:00:00,1117.97,911.42,114.64,111.83,109.54,64.62,79.69,2.71,48.5,35.9,211000.18,Normal,0
2021-03-12 14:00:00,1123.05,912.65,115.87,113.02,110.69,65.85,80.92,2.79,48.61,36.99,211040.94,Normal,0
2021-03-12 15:00:00,1116.66,912.7,116.61,113.79,111.4,66.84,81.92,2.85,48.66,36.74,209920.85,Normal,0
2021-03-12 16:00:00,647.01,547.51,113.24,110.74,108.12,67.82,81.94,1.9,50.95,40.44,125225.81,Normal,0
2021-03-12 17:00:00,0.0,0.0,92.51,92.83,89.92,65.52,70.86,0.49,45.71,39.87,0.0,Normal,0
2021-03-12 18:00:00,0.0,0.0,84.47,84.5,80.69,62.49,61.2,0.49,34.97,31.41,0.0,Normal,0
2021-03-12 19:00:00,0.0,0.0,78.8,78.32,73.17,59.92,55.17,0.49,29.67,26.2,0.0,Normal,0
2021-03-12 20:00:00,0.0,0.0,74.04,72.97,68.25,57.15,51.67,0.49,27.01,23.73,0.0,Normal,0
2021-03-12 21:00:00,0.0,0.0,69.95,68.18,65.62,53.91,49.79,0.49,25.7,22.28,0.0,Normal,0
2021-03-12 22:00:00,788.66,595.01,78.08,75.16,74.29,50.42,52.78,2.11,30.28,24.94,143051.07,Normal,0
2021-03-12 23:00:00,1138.51,912.6,97.04,93.8,92.65,51.72,65.54,2.95,43.31,32.89,213834.15,Normal,0
2021-03-13 00:00:00,1127.28,912.72,103.31,100.43,98.82,53.68,70.8,3.23,45.66,32.96,212841.55,Normal,0
2021-03-13 01:00:00,1123.76,912.7,106.78,103.93,102.01,55.61,74.01,3.12,46.41,34.15,211414.25,Normal,0
2021-03-13 02:00:00,1115.64,912.7,108.9,106.03,103.98,57.5,75.87,3.01,46.68,33.77,209144.53,Normal,0
2021-03-13 03:00:00,1111.32,912.69,110.1,107.2,105.07,59.03,77.04,2.95,45.95,33.5,207962.19,Normal,0
2021-03-13 04:00:00,1111.91,912.67,110.62,107.71,105.44,60.29,77.6,2.75,45.33,31.22,207477.26,Normal,0
2021-03-13 05:00:00,1119.29,912.69,111.12,108.21,105.92,61.15,78.0,2.78,45.44,30.38,209023.86,Normal,0
2021-03-13 06:00:00,1118.81,912.69,111.8,108.88,106.61,62.36,78.1,2.83,45.84,29.75,209804.46,Normal,0
2021-03-13 07:00:00,1119.91,912.68,112.44,109.48,107.22,63.45,78.41,2.85,45.52,29.11,210556.02,Normal,0
2021-03-13 08:00:00,1122.15,912.7,113.02,110.02,107.78,63.9,78.85,2.88,46.19,28.0,209841.49,Normal,0
2021-03-13 09:00:00,512.9,431.21,106.86,104.66,101.89,64.27,78.27,1.7,48.95,30.27,93381.51,Normal,0
2021-03-13 10:00:00,0.0,0.0,87.15,87.7,83.82,61.71,66.55,0.52,41.24,30.2,0.0,Normal,0
2021-03-13 11:00:00,0.0,0.0,80.14,80.21,75.11,59.04,57.84,0.52,32.86,26.01,2.36,Normal,0
2021-03-13 12:00:00,545.95,437.15,81.78,80.63,75.73,57.28,55.72,1.84,30.55,24.7,104552.19,Normal,0
2021-03-13 13:00:00,1127.95,912.5,100.95,98.0,95.81,63.41,68.32,2.81,43.68,30.95,211417.65,Normal,0
2021-03-13 14:00:00,1122.42,912.71,107.74,104.96,103.04,66.49,74.08,2.69,47.71,33.7,209533.42,Normal,0
2021-03-13 15:00:00,1114.57,912.7,111.46,108.73,106.69,67.95,77.19,2.63,48.19,35.33,207632.02,Normal,0
2021-03-13 16:00:00,1120.69,912.63,114.19,111.39,109.28,69.31,79.85,2.64,49.37,37.39,209635.25,Normal,0
2021-03-13 17:00:00,214.6,175.54,102.59,101.38,98.13,68.74,75.86,1.0,48.39,39.36,40959.05,Normal,0
2021-03-13 18:00:00,1120.41,909.37,105.15,102.91,100.3,65.48,73.22,2.67,43.98,32.89,206271.84,Normal,0
2021-03-13 19:00:00,1111.02,912.71,111.08,108.17,105.92,67.42,77.33,2.64,47.03,33.31,207738.33,Normal,0
2021-03-13 20:00:00,1111.47,912.72,112.42,109.55,107.28,66.89,78.66,2.63,47.31,33.12,205765.04,Normal,0
2021-03-13 21:00:00,1109.61,912.72,112.82,109.88,107.65,66.16,78.96,2.63,46.6,31.86,205885.84,Normal,0
2021-03-13 22:00:00,1117.9,912.71,112.82,109.82,107.58,65.61,78.7,2.62,46.36,31.06,205736.71,Normal,0
2021-03-13 23:00:00,1125.42,912.72,112.79,109.73,107.47,65.31,78.67,2.62,46.22,31.14,206378.65,Normal,0
2021-03-14 00:00:00,1110.1,912.68,112.48,109.46,107.17,65.14,78.55,2.64,45.03,29.83,204818.07,Normal,0
2021-03-14 01:00:00,1119.14,912.74,112.27,109.2,106.91,64.48,78.03,2.68,44.31,27.97,210443.65,Normal,0
2021-03-14 02:00:00,1121.59,912.74,112.02,108.96,106.62,63.74,77.49,2.74,43.67,26.53,213346.88,Normal,0
2021-03-14 03:00:00,1137.79,912.69,111.87,108.75,106.39,63.12,76.9,2.71,42.91,27.48,215108.84,Normal,0
2021-03-14 04:00:00,1136.09,912.73,111.7,108.57,106.28,63.44,76.71,2.73,43.31,27.04,216203.82,Normal,0
2021-03-14 05:00:00,210.06,174.31,98.7,96.96,94.96,63.2,72.06,0.93,44.58,31.36,41470.5,Normal,0
2021-03-14 06:00:00,0.0,0.0,81.3,79.96,82.48,59.73,59.01,0.49,34.14,26.33,2.43,Normal,0
2021-03-14 07:00:00,631.49,475.47,82.43,79.19,83.15,56.96,55.88,1.86,29.68,22.93,113067.55,Normal,0
2021-03-14 08:00:00,1139.7,912.52,101.63,98.03,97.82,59.23,68.8,2.68,42.77,30.66,216097.14,Normal,0
2021-03-14 09:00:00,1127.18,912.72,107.64,104.71,103.09,62.13,74.04,2.65,47.28,33.52,212434.72,Normal,0
2021-03-14 10:00:00,1116.01,912.72,111.15,108.39,106.41,64.68,77.29,2.67,49.22,34.3,209595.82,Normal,0
2021-03-14 11:00:00,1105.76,912.69,113.38,110.65,108.49,66.41,79.65,2.72,49.58,34.33,205707.87,Normal,0
2021-03-14 12:00:00,1123.04,912.7,115.27,112.47,110.24,67.79,81.0,2.72,50.25,34.54,210324.68,Normal,0
2021-03-14 13:00:00,1114.0,912.72,116.53,113.73,111.42,68.86,82.19,2.65,50.39,37.13,208563.8,Normal,0
2021-03-14 14:00:00,1114.84,912.72,117.68,114.85,112.56,69.92,83.52,2.65,51.28,39.51,208823.51,Normal,0
2021-03-14 15:00:00,1109.14,912.69,118.65,115.83,113.52,70.77,84.28,2.63,51.68,39.39,207534.1,Normal,0
2021-03-14 16:00:00,1101.76,912.71,119.07,116.22,113.89,71.14,85.02,2.63,52.23,39.51,204483.48,Normal,0
2021-03-14 17:00:00,1097.9,912.69,119.19,116.32,113.97,71.29,85.1,2.57,51.5,38.8,203703.25,Normal,0
2021-03-14 18:00:00,1101.69,912.7,118.69,115.8,113.4,71.0,84.97,2.54,50.45,37.97,200860.53,Normal,0
2021-03-14 19:00:00,1105.87,912.7,118.08,115.11,112.78,70.61,84.73,2.59,49.1,36.96,202365.26,Normal,0
2021-03-14 20:00:00,1106.26,912.71,117.57,114.53,112.27,69.9,83.61,2.61,47.76,35.82,203595.45,Normal,0
2021-03-14 21:00:00,1099.31,912.7,116.92,113.9,111.62,69.06,83.0,2.61,46.91,34.68,203694.52,Normal,0
2021-03-14 22:00:00,1104.44,912.72,116.3,113.28,111.0,68.14,82.58,2.6,45.69,33.9,202854.92,Normal,0
2021-03-14 23:00:00,1099.32,912.73,115.57,112.54,110.25,67.32,81.83,2.63,44.86,32.27,203167.59,Normal,0
2021-03-15 00:00:00,1098.5,912.71,114.98,112.01,109.73,66.87,81.42,2.64,44.32,31.71,204630.7,Normal,0
2021-03-15 01:00:00,1096.69,912.71,114.93,112.06,109.81,66.18,81.48,2.65,43.63,32.47,204539.15,Normal,0
2021-03-15 02:00:00,1097.94,912.71,114.88,111.99,109.76,64.93,81.41,2.71,38.16,32.15,205586.74,Normal,0
2021-03-15 03:00:00,1097.13,912.68,114.65,111.75,109.47,63.42,80.98,2.75,32.56,31.47,205313.69,Normal,0
2021-03-15 04:00:00,1099.69,912.68,114.32,111.41,109.12,62.23,80.51,2.69,35.1,30.54,205882.77,Normal,0
2021-03-15 05:00:00,1114.49,912.71,114.29,111.33,109.11,61.81,80.14,2.69,42.73,30.33,209296.03,Normal,0
2021-03-15 06:00:00,1124.07,912.72,114.62,111.66,109.42,61.52,80.49,2.78,44.62,30.77,210533.83,Normal,0
2021-03-15 07:00:00,1145.84,912.7,115.48,112.46,110.25,61.62,80.56,2.75,46.02,31.39,214881.27,Normal,0
2021-03-15 08:00:00,1142.14,912.72,116.04,113.01,110.81,62.31,81.51,2.78,46.69,32.54,216168.79,Normal,0
2021-03-15 09:00:00,1133.45,912.72,116.95,114.04,111.86,63.77,82.34,2.61,47.76,33.73,214656.33,Normal,0
2021-03-15 10:00:00,717.71,584.13,114.94,112.33,109.94,66.93,83.04,1.84,49.87,36.71,135176.0,Normal,0
2021-03-15 11:00:00,973.56,760.36,107.95,105.86,103.96,67.24,78.89,2.46,46.87,34.9,175312.79,Normal,0
2021-03-15 12:00:00,1119.37,912.69,115.92,113.05,111.12,70.53,81.87,2.6,52.49,37.49,206843.74,Normal,0
2021-03-15 13:00:00,1117.37,912.69,118.39,115.56,113.42,71.74,83.38,2.66,53.57,37.95,209127.32,Normal,0
2021-03-15 14:00:00,1101.1,912.69,119.61,116.76,114.53,72.44,84.74,2.6,53.6,37.78,205333.2,Normal,0
2021-03-15 15:00:00,1099.63,912.69,120.31,117.48,115.21,72.86,85.42,2.61,53.52,38.27,205516.43,Normal,0
2021-03-15 16:00:00,1111.72,912.7,121.16,118.34,116.09,73.41,86.48,2.57,53.02,38.73,207071.49,Normal,0
2021-03-15 17:00:00,1117.87,912.69,121.86,118.97,116.69,73.51,87.13,2.55,53.28,38.56,207719.18,Normal,0
2021-03-15 18:00:00,1119.5,912.71,122.0,119.06,116.67,73.21,87.32,2.53,52.47,38.71,206789.27,Normal,0
2021-03-15 19:00:00,1110.58,912.72,121.53,118.61,116.16,72.64,86.77,2.61,52.13,38.74,207819.66,Normal,0
2021-03-15 20:00:00,1105.78,912.7,120.95,118.03,115.68,72.01,86.26,2.61,51.34,38.43,206528.79,Normal,0
2021-03-15 21:00:00,1107.78,912.7,120.29,117.27,114.95,71.21,85.22,2.59,49.81,36.35,205244.19,Normal,0
2021-03-15 22:00:00,1110.81,912.71,119.07,115.99,113.63,70.28,84.17,2.56,48.36,35.22,203217.7,Normal,0
2021-03-15 23:00:00,1115.85,912.73,117.98,114.89,112.54,69.22,83.42,2.59,47.71,34.43,204831.6,Normal,0
2021-03-16 00:00:00,1106.81,912.71,117.05,114.02,111.69,68.46,82.79,2.6,47.51,34.11,204746.65,Normal,0
2021-03-16 01:00:00,646.58,527.39,108.49,106.19,103.96,67.24,79.6,1.89,46.53,35.28,118085.56,Normal,0
2021-03-16 02:00:00,1116.03,912.48,111.6,108.63,107.02,65.07,78.76,2.67,45.91,34.05,209318.23,Normal,0
2021-03-16 03:00:00,1111.2,912.72,114.1,111.17,109.08,65.02,79.89,2.63,47.12,34.38,207754.35,Normal,0
2021-03-16 04:00:00,1107.99,912.71,114.61,111.76,109.5,64.24,80.25,2.68,47.23,34.04,205444.27,Normal,0
2021-03-16 05:00:00,1115.51,912.71,114.81,111.93,109.64,63.34,80.4,2.63,47.26,33.65,206946.52,Normal,0
2021-03-16 06:00:00,1112.99,912.69,114.94,112.05,109.74,62.53,80.43,2.63,46.82,32.91,208568.32,Normal,0
2021-03-16 07:00:00,1121.48,912.71,115.27,112.34,110.03,62.14,80.57,2.67,47.38,34.28,212014.54,Normal,0
2021-03-16 08:00:00,1118.76,912.69,115.74,112.85,110.57,62.62,81.33,2.69,47.7,35.03,210340.71,Normal,0
2021-03-16 09:00:00,1125.87,912.57,116.44,113.58,111.34,63.4,81.87,2.73,49.35,35.0,208967.62,Normal,0
2021-03-16 10:00:00,721.99,590.03,114.56,111.91,109.53,64.59,82.12,1.92,51.65,38.94,140806.48,Normal,0
2021-03-16 11:00:00,271.55,228.65,95.47,94.67,94.11,63.87,72.66,1.27,45.2,36.34,47814.09,Normal,0
2021-03-16 12:00:00,410.31,349.62,95.37,93.2,92.99,62.79,71.64,1.5,45.12,36.91,75166.16,Normal,0
2021-03-16 13:00:00,1116.42,908.36,106.68,103.77,103.11,65.65,75.35,2.62,50.67,40.17,210296.23,Normal,0
2021-03-16 14:00:00,1121.46,912.7,114.76,111.98,110.43,68.35,80.28,2.56,53.99,41.73,208431.43,Normal,0
2021-03-16 15:00:00,1119.45,912.68,118.62,115.89,113.98,69.8,83.45,2.58,54.68,42.18,208618.48,Normal,0
2021-03-16 16:00:00,1120.03,912.69,121.29,118.55,116.48,71.4,85.77,2.61,54.74,42.17,210873.12,Normal,0
2021-03-16 17:00:00,1115.07,912.71,122.84,120.09,117.86,72.35,87.27,2.63,54.29,41.62,209769.16,Normal,0
2021-03-16 18:00:00,1129.41,912.69,123.64,120.78,118.5,72.72,87.95,2.6,53.26,40.59,210391.35,Normal,0
2021-03-16 19:00:00,1136.24,912.67,123.92,120.94,118.58,72.65,88.22,2.58,51.35,39.47,211154.77,Normal,0
2021-03-16 20:00:00,1130.29,912.69,123.58,120.6,118.17,72.33,87.91,2.62,49.87,38.32,209816.62,Normal,0
2021-03-16 21:00:00,1120.72,912.71,122.88,119.93,117.44,71.81,87.41,2.66,49.55,38.03,209620.57,Normal,0
2021-03-16 22:00:00,1125.66,912.56,122.32,119.38,116.88,71.24,87.07,2.71,49.38,37.57,210857.31,Normal,0
2021-03-16 23:00:00,1146.37,912.64,121.93,118.91,116.46,69.94,86.29,2.68,48.77,36.16,216431.24,Normal,0
2021-03-17 00:00:00,1133.35,912.65,121.34,118.33,115.9,69.22,85.7,2.66,47.95,35.55,215013.97,Normal,0
2021-03-17 01:00:00,1131.31,912.56,120.42,117.39,114.95,68.53,85.0,2.7,45.99,34.06,213443.27,Normal,0
2021-03-17 02:00:00,1135.02,912.68,119.76,116.69,114.27,67.63,84.11,2.66,44.35,33.13,215425.25,Normal,0
2021-03-17 03:00:00,1138.05,912.67,119.04,115.98,113.55,66.59,83.24,2.73,43.82,31.25,217190.04,Normal,0
2021-03-17 04:00:00,1139.94,912.66,118.23,115.15,112.74,65.38,82.3,2.78,42.74,29.75,215960.65,Normal,0
2021-03-17 05:00:00,1148.38,912.66,117.62,114.54,112.14,63.81,81.57,2.83,41.18,28.99,217133.27,Normal,0
2021-03-17 06:00:00,1131.91,912.66,117.06,114.0,111.61,62.87,81.12,2.91,41.82,28.41,216632.04,Normal,0
2021-03-17 07:00:00,809.05,658.73,114.49,111.59,109.09,62.6,80.56,2.26,41.88,27.28,154190.72,Normal,0
2021-03-17 08:00:00,777.16,615.2,102.03,99.82,98.7,62.34,73.93,2.18,37.57,27.61,141061.39,Normal,0
2021-03-17 09:00:00,1133.35,912.53,111.11,107.91,106.37,64.39,77.28,2.59,45.64,32.78,210215.53,Normal,0
2021-03-17 10:00:00,308.04,261.15,102.61,100.68,98.76,65.23,75.86,1.19,49.24,37.59,54267.33,Normal,0
2021-03-17 11:00:00,0.0,0.0,85.18,84.07,85.44,62.27,65.64,0.51,41.28,31.55,0.0,Normal,0
2021-03-17 12:00:00,0.0,0.0,78.8,76.65,79.68,59.61,60.43,0.51,35.44,28.3,1.69,Normal,0
2021-03-17 13:00:00,0.0,0.0,74.28,71.66,75.18,57.62,57.2,0.51,32.42,26.66,0.0,Normal,0
2021-03-17 14:00:00,0.0,0.0,70.53,67.76,71.42,55.79,54.63,0.51,30.41,25.76,0.0,Normal,0
2021-03-17 15:00:00,0.0,0.0,67.35,64.64,68.05,53.89,52.49,0.49,29.37,25.22,0.0,Normal,0
2021-03-17 16:00:00,780.09,597.55,77.42,74.26,76.44,52.79,55.16,2.09,35.76,30.05,145166.13,Normal,0
2021-03-17 17:00:00,1128.12,912.52,100.33,97.3,96.93,57.53,68.62,2.95,50.59,39.15,215117.7,Normal,0
2021-03-17 18:00:00,1125.03,912.57,108.83,106.09,104.72,62.27,75.32,2.77,53.19,39.64,208116.68,Normal,0
2021-03-17 19:00:00,1134.29,912.66,113.44,110.68,108.9,65.11,78.82,2.57,52.06,38.44,213059.57,Normal,0
2021-03-17 20:00:00,1134.11,912.62,116.19,113.35,111.4,67.23,80.8,2.57,51.21,37.42,214115.61,Normal,0
2021-03-17 21:00:00,1132.02,912.71,117.91,115.05,112.93,68.43,82.19,2.63,50.56,36.97,214024.9,Normal,0
2021-03-17 22:00:00,1136.69,912.67,118.92,115.98,113.73,68.8,82.82,2.62,49.6,34.64,215190.6,Normal,0
2021-03-17 23:00:00,1142.85,912.71,119.27,116.24,113.99,68.67,83.0,2.6,48.72,33.5,217741.86,Normal,0
2021-03-18 00:00:00,1142.27,912.7,119.17,116.14,113.81,68.49,83.34,2.61,46.97,32.9,218293.11,Normal,0
2021-03-18 01:00:00,1134.53,912.67,119.06,116.04,113.7,68.45,83.44,2.66,47.46,31.74,215698.31,Normal,0
2021-03-18 02:00:00,1128.81,912.63,118.53,115.53,113.17,68.04,82.87,2.71,46.32,30.58,214979.25,Normal,0
2021-03-18 03:00:00,1124.36,912.3,117.97,115.0,112.58,67.54,82.37,2.69,45.1,30.3,212951.96,Normal,0
2021-03-18 04:00:00,1124.07,912.26,117.31,114.34,111.92,67.15,81.96,2.68,44.07,30.04,211904.03,Normal,0
2021-03-18 05:00:00,1126.05,912.46,116.88,113.9,111.51,66.65,81.61,2.69,42.29,29.88,211876.13,Normal,0
2021-03-18 06:00:00,1118.61,912.54,116.43,113.49,111.12,66.43,81.21,2.74,35.37,29.44,211810.13,Normal,0
2021-03-18 07:00:00,1116.95,912.62,116.09,113.16,110.8,66.11,81.16,2.75,32.43,29.6,210343.0,Normal,0
2021-03-18 08:00:00,1124.84,912.71,116.1,113.12,110.85,66.12,81.08,2.76,32.69,30.51,210813.9,Normal,0
2021-03-18 09:00:00,1127.88,912.72,116.66,113.7,111.44,66.35,81.76,2.69,34.24,32.59,210490.75,Normal,0
2021-03-18 10:00:00,1118.8,912.71,117.31,114.38,112.12,67.43,82.52,2.64,35.48,35.82,209561.5,Normal,0
2021-03-18 11:00:00,1121.01,912.72,117.94,115.01,112.74,68.24,83.34,2.66,35.76,36.09,211637.85,Normal,0
2021-03-18 12:00:00,1129.38,912.62,118.97,115.99,113.79,69.09,83.77,2.7,36.5,36.83,213245.4,Normal,0
2021-03-18 13:00:00,1121.9,912.67,119.93,116.95,114.72,69.75,84.79,2.7,37.05,37.96,212966.57,Normal,0
2021-03-18 14:00:00,1129.79,912.63,120.51,117.54,115.2,70.06,84.85,2.77,37.07,37.92,213612.35,Normal,0
2021-03-18 15:00:00,1123.37,912.69,120.65,117.65,115.22,69.82,84.6,2.71,35.81,36.18,213932.38,Normal,0
2021-03-18 16:00:00,1115.14,912.68,120.0,116.95,114.54,69.25,84.46,2.77,35.26,34.6,210315.88,Normal,0
2021-03-18 17:00:00,974.42,815.7,118.69,115.8,113.33,68.56,84.34,2.6,41.12,33.67,191908.13,Normal,0
2021-03-18 18:00:00,628.36,487.53,104.67,102.85,100.03,65.1,78.04,1.85,40.7,33.65,111269.76,Normal,0
2021-03-18 19:00:00,1143.12,912.7,112.26,109.32,107.3,64.53,78.21,2.61,45.83,33.83,214570.17,Normal,0
2021-03-18 20:00:00,1134.73,912.71,114.77,111.77,109.61,64.81,79.08,2.63,47.85,34.4,213094.33,Normal,0
2021-03-18 21:00:00,1128.69,912.71,115.59,112.59,110.39,64.98,79.71,2.61,46.17,33.91,211765.55,Normal,0
2021-03-18 22:00:00,1113.56,912.71,115.55,112.62,110.31,65.28,79.91,2.65,47.12,32.59,205586.04,Normal,0
2021-03-18 23:00:00,1105.74,912.69,115.06,112.12,109.81,65.24,79.82,2.68,47.21,31.62,203244.59,Normal,0
2021-03-19 00:00:00,1108.11,912.72,114.83,111.91,109.6,64.86,79.75,2.73,46.97,31.23,205989.06,Normal,0
2021-03-19 01:00:00,1103.88,912.71,114.68,111.79,109.43,64.76,80.1,2.75,46.17,30.51,205815.23,Normal,0
2021-03-19 02:00:00,1102.33,912.69,114.52,111.63,109.26,64.42,80.1,2.75,45.51,30.48,206489.26,Normal,0
2021-03-19 03:00:00,1111.19,912.7,114.64,111.74,109.4,64.26,80.1,2.76,44.89,31.21,208524.81,Normal,0
2021-03-19 04:00:00,1109.49,912.71,114.65,111.72,109.41,64.5,79.99,2.76,42.46,30.78,206973.06,Normal,0
2021-03-19 05:00:00,1110.87,912.72,114.5,111.49,109.23,64.23,79.53,2.77,37.82,30.63,207874.29,Normal,0
2021-03-19 06:00:00,1110.81,912.69,114.56,111.54,109.3,64.28,79.24,2.78,33.32,29.89,208403.35,Normal,0
2021-03-19 07:00:00,1085.96,912.56,113.7,110.76,108.48,64.1,78.92,2.86,32.42,28.81,200079.48,Normal,0
2021-03-19 08:00:00,1110.76,912.69,113.86,110.9,108.69,64.43,79.17,2.8,32.99,26.66,206171.47,Normal,0
2021-03-19 09:00:00,1114.65,912.62,114.36,111.38,109.15,64.61,79.53,2.83,32.98,25.4,206045.95,Normal,0
2021-03-19 10:00:00,1116.07,912.69,114.86,111.89,109.69,65.54,80.7,2.89,34.65,27.78,205465.27,Normal,0
2021-03-19 11:00:00,1134.23,912.68,115.73,112.71,110.54,66.1,81.27,2.84,35.05,30.16,211993.66,Normal,0
2021-03-19 12:00:00,339.21,281.59,106.75,104.86,102.46,66.75,78.95,1.27,38.22,38.09,66258.27,Normal,0
2021-03-19 13:00:00,0.0,0.0,88.89,88.81,87.87,63.42,68.34,0.54,36.17,36.65,0.0,Normal,0
2021-03-19 14:00:00,0.0,0.0,82.65,81.69,81.42,60.35,62.15,0.52,32.28,31.98,0.0,Normal,0
2021-03-19 15:00:00,0.0,0.0,77.91,76.36,75.88,57.93,57.9,0.51,29.58,28.47,0.0,Normal,0
2021-03-19 16:00:00,0.0,0.0,73.54,71.84,69.75,55.85,53.59,0.5,27.23,25.54,0.0,Normal,0
2021-03-19 17:00:00,125.94,81.68,70.07,67.99,66.35,52.89,51.07,0.86,25.35,23.86,19498.18,Normal,0
2021-03-19 18:00:00,1132.23,908.76,90.38,87.11,85.9,51.7,59.15,2.8,30.12,30.5,218445.74,Normal,0
2021-03-19 19:00:00,153.84,125.08,87.06,85.29,83.3,53.38,61.96,0.82,34.23,38.16,30387.35,Normal,0
2021-03-19 20:00:00,793.99,647.83,85.12,83.32,81.81,50.54,57.78,2.3,29.74,29.52,146781.06,Normal,0
2021-03-19 21:00:00,1150.16,911.46,99.86,96.88,95.41,52.24,64.98,2.75,39.64,30.92,222263.78,Normal,0
2021-03-19 22:00:00,1157.0,911.38,105.43,102.38,100.7,54.45,69.86,2.77,44.79,30.8,222908.89,Normal,0
2021-03-19 23:00:00,1154.46,912.52,108.59,105.49,103.59,56.72,72.73,2.69,43.98,29.69,220847.58,Normal,0
2021-03-20 00:00:00,1150.58,912.46,110.58,107.42,105.43,59.48,74.43,2.7,42.42,29.05,220978.49,Normal,0
2021-03-20 01:00:00,1147.92,912.32,111.67,108.5,106.39,61.05,75.58,2.69,38.59,28.8,219039.3,Normal,0
2021-03-20 02:00:00,1130.4,912.21,111.93,108.78,106.57,61.65,76.23,2.75,31.92,28.49,213769.3,Normal,0
2021-03-20 03:00:00,1122.18,912.26,111.76,108.63,106.36,62.01,76.5,2.78,30.04,28.32,211386.46,Normal,0
2021-03-20 04:00:00,1108.09,912.18,111.51,108.37,106.12,62.0,76.5,2.81,29.66,28.36,202841.96,Normal,0
2021-03-20 05:00:00,1137.81,912.43,111.36,108.22,105.98,61.35,76.86,2.71,30.0,28.67,215268.42,Normal,0
2021-03-20 06:00:00,894.67,722.1,108.23,105.35,102.98,60.82,75.57,2.36,29.72,28.58,166974.01,Normal,0
2021-03-20 07:00:00,1117.44,912.27,107.54,104.54,102.49,60.11,74.2,2.65,29.54,30.37,209410.98,Normal,0
2021-03-20 08:00:00,1125.98,912.62,109.54,106.44,104.35,59.7,74.64,2.65,29.27,30.7,210905.99,Normal,0
2021-03-20 09:00:00,1137.08,912.52,110.58,107.47,105.35,60.13,75.24,2.69,29.6,30.62,212416.99,Normal,0
2021-03-20 10:00:00,1153.81,912.61,111.92,108.76,106.64,61.11,76.11,2.72,29.26,30.5,218986.66,Normal,0
2021-03-20 11:00:00,1133.3,912.56,112.09,108.93,106.68,60.98,76.35,2.74,28.23,29.12,215349.01,Normal,0
2021-03-20 12:00:00,1128.31,912.69,111.39,108.26,105.97,60.37,76.07,2.74,27.36,28.08,214832.41,Normal,0
2021-03-20 13:00:00,1128.69,912.64,110.8,107.65,105.36,59.67,75.36,2.9,26.47,26.2,213681.7,Normal,0
2021-03-20 14:00:00,1130.32,912.7,110.32,107.18,104.92,59.16,74.89,2.93,26.44,25.79,214155.63,Normal,0
2021-03-20 15:00:00,1125.24,912.69,109.98,106.86,104.61,58.68,74.56,3.12,26.22,25.01,213871.93,Normal,0
2021-03-20 16:00:00,1121.84,912.52,109.93,106.93,104.67,58.46,74.55,3.16,26.39,22.78,212099.21,Normal,0
2021-03-20 17:00:00,1132.29,912.68,110.22,107.15,104.9,57.76,74.62,3.12,26.67,21.95,217298.17,Normal,0
2021-03-20 18:00:00,1136.6,912.67,110.01,106.84,104.59,56.91,74.17,2.96,26.28,19.17,214818.31,Normal,0
2021-03-20 19:00:00,1119.62,912.57,109.75,106.68,104.41,56.42,74.1,3.02,26.65,18.88,208925.68,Normal,0
2021-03-20 20:00:00,1125.06,912.53,109.66,106.72,104.43,57.05,74.56,3.1,26.98,19.98,213574.89,Normal,0
2021-03-20 21:00:00,1122.99,912.5,109.7,106.74,104.44,57.06,74.27,3.05,26.47,18.98,210192.7,Normal,0
2021-03-20 22:00:00,1151.88,912.62,110.09,107.01,104.79,57.07,74.03,2.94,26.54,18.6,217741.78,Normal,0
2021-03-20 23:00:00,1140.43,912.54,110.32,107.26,105.04,57.89,73.99,2.96,26.74,18.29,212985.72,Normal,0
2021-03-21 00:00:00,1117.04,912.62,110.07,107.03,104.77,59.02,73.7,2.98,26.79,18.62,206707.19,Normal,0
2021-03-21 01:00:00,1139.97,912.41,109.69,106.72,104.46,60.15,73.89,3.05,27.4,22.91,219358.77,Normal,0
2021-03-21 02:00:00,1146.86,912.39,110.62,107.53,105.27,60.17,74.0,3.14,26.66,24.3,219079.24,Normal,0
2021-03-21 03:00:00,442.49,369.02,100.3,98.29,95.65,59.46,71.4,1.58,29.31,27.54,75508.49,Normal,0
2021-03-21 04:00:00,1126.42,908.8,100.75,98.04,96.53,55.85,68.43,2.79,25.98,24.96,216693.7,Normal,0
2021-03-21 05:00:00,1145.86,912.04,105.91,102.82,100.87,56.3,71.37,2.81,26.13,27.19,218811.69,Normal,0
2021-03-21 06:00:00,1140.32,912.55,107.51,104.54,102.37,56.1,72.31,2.79,26.08,27.23,217222.89,Normal,0
2021-03-21 07:00:00,1128.38,912.25,108.12,105.19,102.96,55.65,72.42,2.82,26.0,27.12,213855.56,Normal,0
2021-03-21 08:00:00,674.48,562.75,104.83,102.27,99.79,56.33,72.29,2.0,28.83,29.84,127629.28,Normal,0
2021-03-21 09:00:00,815.05,644.33,94.68,93.17,91.54,54.73,67.19,2.29,29.28,28.56,149651.98,Normal,0
2021-03-21 10:00:00,1142.3,912.65,105.41,102.47,100.77,55.96,71.59,2.69,31.07,30.7,212520.71,Normal,0
2021-03-21 11:00:00,604.69,492.93,103.5,101.09,98.86,57.63,73.12,1.75,34.76,33.24,113002.08,Normal,0
2021-03-21 12:00:00,89.16,67.53,83.96,83.52,83.0,56.23,63.81,0.75,34.6,27.66,15526.01,Normal,0
2021-03-21 13:00:00,1117.45,907.4,97.15,94.22,93.86,54.53,65.94,2.77,31.4,29.06,211547.39,Normal,0
2021-03-21 14:00:00,1126.42,912.73,106.13,103.21,101.69,57.08,72.27,2.69,35.98,33.63,213945.59,Normal,0
2021-03-21 15:00:00,511.46,415.88,102.81,100.65,98.23,58.2,73.18,1.51,34.99,33.92,98614.06,Normal,0
2021-03-21 16:00:00,898.25,713.47,95.31,93.83,92.31,56.11,67.92,2.3,34.65,30.56,165045.38,Normal,0
2021-03-21 17:00:00,1138.25,912.58,107.42,104.56,102.91,60.8,73.61,2.62,42.77,33.47,211087.28,Normal,0
2021-03-21 18:00:00,1034.62,844.4,110.49,107.64,105.66,62.65,76.33,2.54,47.0,32.96,190808.46,Normal,0
2021-03-21 19:00:00,428.47,335.97,96.41,95.25,93.05,60.81,71.45,1.45,47.8,34.98,75057.47,Normal,0
2021-03-21 20:00:00,1106.05,912.25,105.77,102.98,101.25,59.76,73.56,2.63,46.26,31.25,201019.99,Normal,0
2021-03-21 21:00:00,1125.01,912.44,108.84,105.94,103.9,59.31,75.18,2.66,46.53,30.26,208232.27,Normal,0
2021-03-21 22:00:00,1144.99,912.65,109.96,106.93,104.84,57.98,75.3,2.61,45.62,29.04,213266.02,Normal,0
2021-03-21 23:00:00,1155.41,912.68,110.49,107.34,105.2,57.26,75.17,2.63,44.74,27.98,217735.18,Normal,0
2021-03-22 00:00:00,1155.71,912.63,110.75,107.6,105.46,57.09,75.29,2.62,44.19,28.24,217973.7,Normal,0
2021-03-22 01:00:00,1152.54,912.54,110.84,107.71,105.55,57.53,75.1,2.68,43.97,27.46,215909.15,Normal,0
2021-03-22 02:00:00,131.45,109.98,95.41,93.91,92.07,58.86,69.43,0.79,44.61,31.82,24957.25,Normal,0
2021-03-22 03:00:00,0.0,0.0,79.01,77.96,80.19,56.22,57.08,0.49,33.95,26.35,2.35,Normal,0
2021-03-22 04:00:00,0.0,0.0,71.88,69.62,74.04,54.2,50.09,0.49,25.9,20.74,0.0,Normal,0
2021-03-22 05:00:00,0.0,0.0,66.33,63.44,68.7,52.01,45.33,0.49,21.01,17.29,0.0,Normal,0
2021-03-22 06:00:00,219.02,167.4,62.89,59.65,65.22,49.09,41.8,1.09,18.06,14.76,40892.83,Normal,0
2021-03-22 07:00:00,886.37,707.07,84.22,80.55,81.56,46.62,53.1,2.61,35.73,25.0,178458.03,Normal,0
2021-03-22 08:00:00,0.0,0.0,71.53,70.33,70.72,47.14,51.21,0.51,38.61,31.92,0.02,Normal,0
2021-03-22 09:00:00,0.0,0.0,63.86,62.84,64.96,45.9,45.76,0.57,30.53,27.33,2.76,Normal,0
2021-03-22 10:00:00,0.0,0.0,60.15,58.93,60.66,45.14,43.28,0.49,26.63,24.7,0.0,Normal,0
2021-03-22 11:00:00,0.0,0.0,57.41,56.25,57.04,44.27,41.56,0.49,24.48,22.88,0.0,Normal,0
2021-03-22 12:00:00,357.37,271.37,58.36,57.13,56.88,42.94,41.06,1.38,24.99,23.06,65318.26,Normal,0
2021-03-22 13:00:00,1140.33,912.46,84.19,81.56,81.0,45.81,53.17,2.75,45.38,33.57,213480.17,Normal,0
2021-03-22 14:00:00,1123.23,912.6,96.64,94.12,93.01,50.36,63.14,2.74,50.6,35.89,209028.71,Normal,0
2021-03-22 15:00:00,1124.41,912.61,103.64,101.08,99.6,55.08,70.12,2.78,51.34,36.03,209519.49,Normal,0
2021-03-22 16:00:00,1122.9,912.61,108.28,105.65,103.85,60.42,74.53,2.74,51.67,35.22,210344.04,Normal,0
2021-03-22 17:00:00,1125.39,912.61,111.3,108.61,106.62,63.2,77.18,2.72,51.63,35.38,210072.02,Normal,0
2021-03-22 18:00:00,1136.98,912.6,113.17,110.38,108.25,64.16,78.65,2.72,50.3,34.05,210867.29,Normal,0
2021-03-22 19:00:00,1135.54,912.61,114.02,111.12,108.93,64.29,79.48,2.75,49.11,32.71,212443.44,Normal,0
2021-03-22 20:00:00,1132.64,912.6,114.41,111.46,109.26,64.52,79.98,2.76,48.75,31.61,213029.02,Normal,0
2021-03-22 21:00:00,1128.35,912.61,114.31,111.3,109.09,64.03,79.69,2.79,48.02,30.42,213454.73,Normal,0
2021-03-22 22:00:00,1148.14,912.59,114.21,111.16,108.96,63.5,79.27,2.79,47.38,29.25,217606.49,Normal,0
2021-03-22 23:00:00,1164.23,912.54,114.24,111.12,108.94,63.33,79.11,2.8,46.04,27.98,218184.33,Normal,0
2021-03-23 00:00:00,1148.24,912.61,113.77,110.7,108.46,63.02,78.88,2.81,45.4,26.66,214758.47,Normal,0
2021-03-23 01:00:00,1137.61,912.61,112.87,109.94,107.61,62.77,78.29,2.81,43.74,23.98,212134.9,Normal,0
2021-03-23 02:00:00,1135.68,912.61,112.0,109.07,106.76,62.03,77.42,2.78,42.54,25.49,210813.61,Normal,0
2021-03-23 03:00:00,1134.18,912.61,111.29,108.32,106.12,61.62,76.7,2.72,41.14,27.54,210808.58,Normal,0
2021-03-23 04:00:00,1139.23,912.61,110.97,108.0,105.81,61.47,76.56,2.72,40.84,28.57,212686.28,Normal,0
2021-03-23 05:00:00,719.0,573.51,108.03,105.34,103.05,61.73,75.87,1.92,40.0,30.11,139291.21,Normal,0
2021-03-23 06:00:00,960.0,730.44,98.19,96.07,94.44,57.52,69.18,2.42,37.45,26.76,174217.63,Normal,0
2021-03-23 07:00:00,1166.81,912.6,106.54,103.59,101.89,58.35,71.11,2.62,44.6,29.67,224070.41,Normal,0
2021-03-23 08:00:00,1169.39,912.6,110.13,107.29,105.43,60.45,73.84,2.62,47.66,33.39,222079.32,Normal,0
2021-03-23 09:00:00,1151.12,912.52,112.63,109.88,107.92,62.73,76.62,2.64,49.53,35.35,217662.59,Normal,0
2021-03-23 10:00:00,1148.65,912.5,114.47,111.71,109.67,64.45,78.67,2.63,50.79,35.37,217936.62,Normal,0
2021-03-23 11:00:00,1131.41,912.51,115.89,113.15,111.03,66.09,80.07,2.62,51.94,36.54,212666.46,Normal,0
2021-03-23 12:00:00,1132.07,912.55,116.79,114.1,111.96,67.26,81.2,2.6,52.51,38.21,214134.97,Normal,0
2021-03-23 13:00:00,1126.97,912.57,117.83,115.11,112.97,68.23,82.07,2.59,53.14,39.27,211961.47,Normal,0
2021-03-23 14:00:00,1121.07,912.61,118.4,115.7,113.5,68.69,82.67,2.62,53.3,39.09,210547.24,Normal,0
2021-03-23 15:00:00,1133.49,912.67,118.96,116.18,114.02,68.81,82.94,2.62,53.7,38.85,211316.59,Normal,0
2021-03-23 16:00:00,1135.8,912.67,119.5,116.69,114.53,69.06,83.32,2.6,53.25,38.66,212881.96,Normal,0
2021-03-23 17:00:00,1120.31,912.54,119.56,116.78,114.56,69.15,83.45,2.62,51.32,37.41,210357.68,Normal,0
2021-03-23 18:00:00,1138.49,912.66,119.3,116.5,114.23,68.63,83.15,2.59,48.46,36.81,212070.99,Normal,0
2021-03-23 19:00:00,1150.89,912.65,119.15,116.3,114.08,68.01,82.83,2.65,51.11,35.54,216271.28,Normal,0
2021-03-23 20:00:00,1146.06,912.65,118.9,116.04,113.79,67.75,82.69,2.74,51.02,33.53,215716.38,Normal,0
2021-03-23 21:00:00,1148.07,912.63,118.39,115.51,113.22,66.7,81.81,2.71,48.98,33.37,219129.33,Normal,0
2021-03-23 22:00:00,1153.69,912.62,117.7,114.73,112.44,65.66,80.69,2.67,47.7,32.93,218876.36,Normal,0
2021-03-23 23:00:00,1150.61,912.62,116.84,113.88,111.61,64.95,79.99,2.7,45.07,31.75,218637.13,Normal,0
2021-03-24 00:00:00,1158.98,912.66,116.24,113.26,111.01,64.27,79.21,2.7,42.75,30.28,220149.85,Normal,0
2021-03-24 01:00:00,1153.91,912.67,115.21,112.17,109.93,62.94,78.08,2.75,39.96,28.97,221469.34,Normal,0
2021-03-24 02:00:00,1167.62,912.51,114.62,111.57,109.37,61.57,77.17,2.79,35.84,28.37,223537.28,Normal,0
2021-03-24 03:00:00,1162.98,912.67,114.21,111.18,109.0,60.22,76.57,2.78,31.32,27.95,223932.52,Normal,0
2021-03-24 04:00:00,1162.16,912.65,113.68,110.72,108.48,59.25,75.79,2.76,29.46,27.59,222637.05,Normal,0
2021-03-24 05:00:00,1163.67,912.66,113.25,110.27,108.03,58.73,75.21,2.79,28.99,27.15,221858.24,Normal,0
2021-03-24 06:00:00,1151.5,912.66,112.72,109.78,107.57,58.49,74.83,2.83,28.8,26.93,220681.83,Normal,0
2021-03-24 07:00:00,1156.14,912.65,112.63,109.74,107.55,58.64,74.78,2.87,29.73,27.93,224012.03,Normal,0
2021-03-24 08:00:00,1174.22,912.67,113.73,110.86,108.73,59.96,75.8,2.91,32.25,30.1,226429.82,Normal,0
2021-03-24 09:00:00,1158.12,912.64,114.77,111.95,109.83,62.69,77.8,2.86,35.64,32.43,221347.46,Normal,0
2021-03-24 10:00:00,1159.34,912.65,115.93,113.12,110.99,65.08,79.22,2.74,37.18,33.65,221567.8,Normal,0
2021-03-24 11:00:00,1147.26,912.65,116.87,114.09,111.93,66.4,80.09,2.74,37.83,34.72,216690.36,Normal,0
2021-03-24 12:00:00,1139.88,912.64,117.72,114.97,112.82,67.73,80.87,2.73,39.22,36.03,216287.21,Normal,0
2021-03-24 13:00:00,1148.46,912.56,118.78,116.03,113.86,68.55,81.74,2.65,40.5,37.73,217109.39,Normal,0
2021-03-24 14:00:00,1142.81,912.4,119.55,116.75,114.61,69.25,82.45,2.63,41.81,39.93,216240.31,Normal,0
2021-03-24 15:00:00,1134.93,912.66,120.02,117.24,115.1,69.85,83.15,2.63,44.54,40.33,214667.38,Normal,0
2021-03-24 16:00:00,1131.41,912.53,120.42,117.64,115.51,70.1,83.98,2.63,50.33,40.14,214529.77,Normal,0
2021-03-24 17:00:00,1140.02,912.56,120.44,117.48,115.57,69.96,83.73,2.64,53.43,39.55,212632.28,Normal,0
2021-03-24 18:00:00,1140.2,912.62,119.82,116.86,114.88,69.07,83.08,2.64,53.12,38.27,212456.97,Normal,0
2021-03-24 19:00:00,1140.68,912.46,118.92,116.05,113.77,67.76,82.33,2.69,52.41,36.74,212132.93,Normal,0
2021-03-24 20:00:00,1162.01,912.63,118.72,115.81,113.53,66.96,81.53,2.66,51.35,35.42,221678.07,Normal,0
2021-03-24 21:00:00,1156.29,912.61,118.17,115.24,112.99,66.03,80.75,2.7,50.31,33.46,221290.1,Normal,0
2021-03-24 22:00:00,1142.38,912.61,117.22,114.33,112.06,65.14,79.97,2.76,49.99,32.3,214060.81,Normal,0
2021-03-24 23:00:00,1131.04,912.6,116.04,113.17,110.92,63.98,79.24,2.81,49.54,31.22,212691.23,Normal,0
2021-03-25 00:00:00,1127.54,912.6,115.12,112.31,110.02,62.51,78.44,2.86,48.47,29.82,212972.0,Normal,0
2021-03-25 01:00:00,1126.19,912.61,113.99,111.17,108.81,60.88,77.08,2.9,47.0,27.99,214119.08,Normal,0
2021-03-25 02:00:00,1140.23,912.61,113.03,110.19,107.84,59.18,75.74,2.91,45.86,25.12,216769.46,Normal,0
2021-03-25 03:00:00,1154.56,912.47,112.55,109.67,107.38,58.12,74.86,3.0,43.27,24.05,221128.12,Normal,0
2021-03-25 04:00:00,941.46,748.51,111.4,108.59,106.31,58.18,74.72,2.47,43.95,28.43,181037.52,Normal,0
2021-03-25 05:00:00,291.96,220.2,91.76,91.23,89.93,57.93,66.27,1.25,41.82,31.01,50742.6,Normal,0
2021-03-25 06:00:00,1147.39,909.2,103.35,100.47,99.64,60.05,68.84,2.76,42.16,27.06,223155.29,Normal,0
2021-03-25 07:00:00,1114.92,912.48,107.24,104.44,102.65,60.37,71.86,2.75,45.34,29.09,207023.71,Normal,0
2021-03-25 08:00:00,1152.89,912.62,109.87,107.17,105.31,62.21,73.7,2.65,47.09,31.72,217514.32,Normal,0
2021-03-25 09:00:00,1138.89,912.61,112.48,109.88,107.95,64.82,76.06,2.67,48.44,33.39,214933.11,Normal,0
2021-03-25 10:00:00,1100.4,911.79,113.3,110.78,108.71,65.59,78.13,2.75,48.35,34.88,199356.34,Normal,0
2021-03-25 11:00:00,1138.5,912.6,115.35,112.75,110.68,66.8,79.72,2.64,46.51,35.94,213047.22,Normal,0
2021-03-25 12:00:00,1135.36,912.57,117.19,114.61,112.47,68.08,80.76,2.62,45.74,37.71,213314.0,Normal,0
2021-03-25 13:00:00,1128.67,912.58,118.61,116.02,113.84,69.17,82.07,2.68,43.21,38.47,211767.01,Normal,0
2021-03-25 14:00:00,1118.31,912.53,119.64,117.06,114.83,70.01,83.1,2.64,40.98,40.32,208703.31,Normal,0
2021-03-25 15:00:00,1128.24,912.4,120.45,117.86,115.62,70.65,83.93,2.71,40.88,41.22,212143.41,Normal,0
2021-03-25 16:00:00,1124.93,912.42,121.37,118.78,116.47,70.97,84.64,2.72,41.09,41.17,212462.49,Normal,0
2021-03-25 17:00:00,1120.82,912.45,121.33,118.72,116.34,71.3,84.61,2.65,40.13,39.99,209884.21,Normal,0
2021-03-25 18:00:00,1109.28,912.58,120.51,117.87,115.46,70.75,84.16,2.67,38.61,38.69,205825.32,Normal,0
2021-03-25 19:00:00,1114.82,912.61,119.31,116.61,114.22,69.14,83.23,2.68,37.14,37.3,204350.6,Normal,0
2021-03-25 20:00:00,1114.32,912.61,118.16,115.43,113.08,67.15,82.23,2.7,35.72,35.28,205813.99,Normal,0
2021-03-25 21:00:00,1099.45,912.61,116.66,113.91,111.61,65.76,80.97,2.74,34.24,33.72,203255.69,Normal,0
2021-03-25 22:00:00,1114.34,912.59,115.61,112.8,110.6,64.55,79.88,2.74,33.75,33.44,205531.44,Normal,0
2021-03-25 23:00:00,1118.88,912.61,115.14,112.31,110.08,63.79,79.44,2.78,33.78,32.61,209014.98,Normal,0
2021-03-26 00:00:00,1115.24,912.61,113.9,111.11,108.87,62.64,78.53,2.79,31.85,30.58,207604.87,Normal,0
2021-03-26 01:00:00,1126.5,912.61,113.22,110.41,108.21,61.36,77.63,2.79,30.68,28.64,210299.37,Normal,0
2021-03-26 02:00:00,1129.18,912.61,112.67,109.87,107.67,59.82,76.96,2.83,30.26,27.3,211293.24,Normal,0
2021-03-26 03:00:00,1139.1,912.61,112.42,109.57,107.4,58.71,76.58,2.85,29.52,24.92,216634.02,Normal,0
2021-03-26 04:00:00,1147.52,912.61,112.44,109.54,107.41,58.16,76.5,2.8,29.21,22.37,218733.3,Normal,0
2021-03-26 05:00:00,1135.5,912.62,112.09,109.2,107.06,58.03,76.28,2.83,28.62,21.29,215443.4,Normal,0
2021-03-26 06:00:00,1129.02,912.61,111.68,108.82,106.66,57.9,76.0,2.87,28.6,21.34,215977.95,Normal,0
2021-03-26 07:00:00,1138.47,912.47,111.81,108.99,106.86,58.12,76.13,2.93,29.48,22.49,216232.06,Normal,0
2021-03-26 08:00:00,1141.7,912.61,112.93,110.2,108.15,59.95,77.48,2.93,32.72,26.51,216044.4,Normal,0
2021-03-26 09:00:00,1128.68,912.6,114.41,111.77,109.76,64.05,78.96,2.89,34.64,28.63,211901.09,Normal,0
2021-03-26 10:00:00,1124.37,912.61,115.66,113.05,111.01,67.01,80.41,2.86,36.25,31.91,210501.43,Normal,0
2021-03-26 11:00:00,1130.41,912.61,117.13,114.53,112.44,68.27,81.56,2.76,37.73,36.19,211159.62,Normal,0
2021-03-26 12:00:00,1127.46,912.61,118.32,115.69,113.53,68.93,82.57,2.73,38.54,38.0,212774.84,Normal,0
2021-03-26 13:00:00,1130.03,912.63,119.61,116.95,114.79,69.71,83.6,2.72,39.69,39.3,212863.58,Normal,0
2021-03-26 14:00:00,1109.65,912.24,119.92,117.31,115.08,70.64,84.57,2.7,41.7,41.37,202708.2,Normal,0
2021-03-26 15:00:00,1128.66,912.57,121.12,118.48,116.23,70.97,84.92,2.69,42.05,42.36,211242.42,Normal,0
2021-03-26 16:00:00,1106.44,912.5,121.18,118.56,116.25,71.48,85.1,2.62,41.69,42.0,203724.3,Normal,0
2021-03-26 17:00:00,1097.94,912.46,121.08,118.5,116.15,71.42,85.05,2.63,41.01,40.87,203693.53,Normal,0
2021-03-26 18:00:00,1087.83,912.49,120.17,117.61,115.19,70.67,84.68,2.64,40.25,39.62,194294.9,Normal,0
2021-03-26 19:00:00,1145.59,912.61,120.2,117.44,115.11,69.7,84.14,2.66,39.35,39.25,214567.75,Normal,0
2021-03-26 20:00:00,1142.05,912.62,120.27,117.43,115.13,69.19,83.62,2.65,37.85,37.36,215992.08,Normal,0
2021-03-26 21:00:00,1138.0,912.6,119.76,116.86,114.61,68.69,82.95,2.68,36.39,35.86,214854.54,Normal,0
2021-03-26 22:00:00,1147.89,912.61,119.42,116.45,114.22,68.07,82.48,2.73,34.85,34.55,218649.53,Normal,0
2021-03-26 23:00:00,1126.71,912.61,118.19,115.3,112.96,66.78,81.84,2.77,33.49,33.49,215136.75,Normal,0
2021-03-27 00:00:00,1128.14,912.61,117.15,114.35,111.99,65.79,80.51,2.8,32.77,32.63,216714.02,Normal,0
2021-03-27 01:00:00,1133.71,912.61,116.8,114.02,111.72,65.52,79.81,2.81,32.72,33.09,219444.99,Normal,0
2021-03-27 02:00:00,1120.89,912.54,116.33,113.62,111.27,65.41,79.5,2.79,32.58,33.42,213958.28,Normal,0
2021-03-27 03:00:00,1134.08,912.62,116.01,113.26,110.94,65.26,79.26,2.81,32.52,32.32,217828.75,Normal,0
2021-03-27 04:00:00,1137.16,912.62,115.9,113.14,110.81,64.9,78.87,2.79,32.02,30.97,218915.59,Normal,0
2021-03-27 05:00:00,1151.24,912.18,116.08,113.31,110.96,65.07,78.7,2.8,31.78,30.81,222986.88,Normal,0
2021-03-27 06:00:00,1152.18,912.02,116.42,113.66,111.3,65.07,79.43,2.91,31.66,30.93,224624.98,Normal,0
2021-03-27 07:00:00,1148.67,912.6,116.37,113.62,111.27,64.88,79.6,2.85,32.19,31.16,220634.71,Normal,0
2021-03-27 08:00:00,1124.99,912.61,116.09,113.35,111.06,65.61,79.9,2.86,33.74,32.58,212136.36,Normal,0
2021-03-27 09:00:00,1121.37,912.61,116.39,113.78,111.55,67.23,80.7,2.79,35.83,34.47,208512.88,Normal,0
2021-03-27 10:00:00,1112.75,912.6,117.21,114.67,112.49,68.76,81.86,2.76,38.61,36.73,206022.58,Normal,0
2021-03-27 11:00:00,1106.38,912.57,118.58,116.1,113.95,70.42,83.07,2.74,42.83,39.29,204665.72,Normal,0
2021-03-27 12:00:00,1126.04,912.46,120.43,117.91,115.74,71.42,84.68,2.7,52.07,40.6,210241.49,Normal,0
2021-03-27 13:00:00,1129.58,912.65,122.29,119.74,117.48,72.58,86.02,2.72,56.86,41.74,213717.39,Normal,0
2021-03-27 14:00:00,1118.84,912.64,123.49,120.93,118.67,73.93,86.94,2.7,57.64,42.38,210371.92,Normal,0
2021-03-27 15:00:00,1108.64,912.6,123.92,121.36,119.08,74.03,87.56,2.67,56.56,41.99,206379.74,Normal,0
2021-03-27 16:00:00,1111.23,912.66,124.02,121.45,119.1,73.37,87.6,2.68,55.32,41.3,207242.15,Normal,0
2021-03-27 17:00:00,1094.52,912.61,123.42,120.86,118.47,73.08,87.42,2.67,54.86,41.29,200291.68,Normal,0
2021-03-27 18:00:00,1139.65,912.48,123.66,121.02,118.66,72.6,86.92,2.65,51.87,39.68,213445.46,Normal,0
2021-03-27 19:00:00,1145.64,912.44,124.01,121.24,118.93,72.6,86.9,2.62,48.68,39.84,215787.19,Normal,0
2021-03-27 20:00:00,1143.11,912.48,124.03,121.22,118.93,72.5,86.6,2.64,43.16,38.88,217542.59,Normal,0
2021-03-27 21:00:00,1131.01,912.59,123.18,120.35,118.0,71.47,85.78,2.68,39.5,37.27,214459.55,Normal,0
2021-03-27 22:00:00,1128.22,912.6,121.94,119.15,116.78,70.28,85.28,2.74,37.67,35.46,210332.88,Normal,0
2021-03-27 23:00:00,1150.18,912.58,121.3,118.44,116.12,69.19,84.29,2.81,35.95,33.66,217467.43,Normal,0
2021-03-28 00:00:00,1133.48,912.61,120.39,117.54,115.23,68.03,83.4,2.85,34.94,32.72,217166.08,Normal,0
2021-03-28 01:00:00,1135.49,912.59,119.38,116.53,114.22,67.34,82.32,2.86,34.61,31.58,218411.04,Normal,0
2021-03-28 03:00:00,1133.71,912.61,118.49,115.68,113.36,66.9,81.52,2.87,34.49,30.7,214497.63,Normal,0
2021-03-28 04:00:00,1099.66,912.51,117.09,114.4,112.04,66.56,80.91,2.85,34.29,27.88,210454.02,Normal,0
2021-03-28 05:00:00,1106.24,908.88,116.14,113.6,111.17,66.29,80.21,2.8,33.76,29.97,223609.09,Normal,0
2021-03-28 06:00:00,711.91,599.7,112.1,109.74,107.21,65.79,79.29,2.02,36.99,33.92,145703.55,Normal,0
2021-03-28 07:00:00,0.0,0.0,90.12,89.48,89.57,63.21,68.3,0.48,35.74,32.08,0.0,Normal,0
2021-03-28 08:00:00,0.0,0.0,79.81,77.31,81.93,60.06,58.53,0.49,29.06,25.18,0.0,Normal,0
2021-03-28 09:00:00,0.0,0.0,72.77,69.23,75.66,57.14,52.19,0.52,25.44,22.21,0.0,Normal,0
2021-03-28 10:00:00,0.0,0.0,67.26,63.51,70.6,54.64,48.0,0.52,23.6,21.08,0.0,Normal,0
2021-03-28 11:00:00,192.21,150.15,64.42,61.03,67.72,52.74,46.43,1.02,23.35,21.68,33617.45,Normal,0
2021-03-28 12:00:00,1097.09,912.05,88.88,85.31,86.96,53.63,58.53,2.85,37.74,33.05,204674.34,Normal,0
2021-03-28 13:00:00,1107.0,912.61,101.7,98.99,98.25,58.31,68.21,2.8,49.12,40.08,203397.24,Normal,0
2021-03-28 14:00:00,1110.97,912.6,108.31,105.82,104.35,62.73,74.19,2.69,52.3,40.78,204938.3,Normal,0
2021-03-28 15:00:00,1111.79,912.59,112.54,110.14,108.35,66.03,78.39,2.64,54.06,41.07,204965.1,Normal,0
2021-03-28 16:00:00,1112.9,912.58,115.65,113.23,111.3,68.77,81.08,2.65,54.43,41.51,204667.48,Normal,0
2021-03-28 17:00:00,1112.09,912.47,117.79,115.35,113.32,70.4,82.93,2.64,55.64,41.83,205341.78,Normal,0
2021-03-28 18:00:00,1119.35,912.57,119.59,117.05,114.98,71.49,84.34,2.67,55.81,41.43,210093.47,Normal,0
2021-03-28 19:00:00,1118.6,912.59,120.6,118.08,115.89,71.88,85.27,2.7,55.25,39.92,208436.35,Normal,0
2021-03-28 20:00:00,1116.25,912.6,120.75,118.21,115.94,71.71,85.79,2.76,54.15,38.57,208402.46,Normal,0
2021-03-28 21:00:00,1118.91,912.61,120.46,117.78,115.51,70.9,85.32,2.8,51.74,37.18,210459.27,Normal,0
2021-03-28 22:00:00,1122.24,912.61,120.32,117.64,115.33,70.47,84.58,2.83,51.77,35.57,213813.5,Normal,0
2021-03-28 23:00:00,1130.47,912.6,120.18,117.52,115.17,70.33,84.16,2.83,51.07,34.77,211126.83,Normal,0
2021-03-29 00:00:00,1106.42,912.6,119.37,116.77,114.41,69.87,83.86,2.88,50.62,33.7,207373.0,Normal,0
2021-03-29 01:00:00,1110.41,912.6,118.6,116.06,113.65,69.47,83.56,2.87,50.36,32.24,206434.95,Normal,0
2021-03-29 02:00:00,1122.16,912.6,118.31,115.73,113.33,68.93,83.14,2.84,49.55,29.07,211464.25,Normal,0
2021-03-29 03:00:00,1133.9,912.61,118.37,115.76,113.36,68.45,82.93,2.9,48.12,27.52,214291.35,Normal,0
2021-03-29 04:00:00,947.51,763.41,117.41,114.79,112.35,67.97,82.65,2.55,47.09,27.43,180464.25,Normal,0
2021-03-29 05:00:00,0.0,0.0,95.85,95.41,93.91,65.7,73.67,0.5,44.9,27.95,2.95,Normal,0
2021-03-29 06:00:00,0.0,0.0,83.74,81.77,85.12,62.07,62.65,0.49,33.71,23.91,0.0,Normal,0
2021-03-29 07:00:00,0.0,0.0,76.15,72.66,78.74,59.67,55.55,0.49,27.95,21.54,0.0,Normal,0
2021-03-29 08:00:00,0.0,0.0,70.15,66.08,73.31,57.24,50.66,0.49,24.75,20.39,0.0,Normal,0
2021-03-29 09:00:00,929.08,739.07,82.63,78.34,82.47,57.74,54.71,2.54,33.24,26.91,173178.65,Normal,0
2021-03-29 10:00:00,1139.77,912.59,101.79,98.58,98.27,65.12,67.78,2.81,48.58,36.75,214330.31,Normal,0
2021-03-29 11:00:00,1116.42,912.6,109.05,106.45,105.0,67.57,74.54,2.73,52.31,39.29,210661.6,Normal,0
2021-03-29 12:00:00,1111.01,912.59,113.53,111.1,109.33,69.87,78.56,2.72,54.94,40.81,208136.57,Normal,0
2021-03-29 13:00:00,1098.18,912.49,116.61,114.24,112.29,72.22,81.72,2.67,56.0,42.52,203444.04,Normal,0
2021-03-29 14:00:00,1091.0,912.5,118.68,116.35,114.32,74.71,84.09,2.61,55.06,43.93,201156.59,Normal,0
2021-03-29 15:00:00,1085.08,912.56,120.83,118.47,116.4,76.77,86.04,2.64,54.47,44.24,198634.56,Normal,0
2021-03-29 16:00:00,1098.63,912.47,122.32,119.95,117.82,77.32,87.48,2.66,53.53,44.88,204004.28,Normal,0
2021-03-29 17:00:00,1103.66,912.62,123.84,121.41,119.23,77.17,88.59,2.68,52.55,44.32,205447.23,Normal,0
2021-03-29 18:00:00,1105.71,912.61,124.59,122.06,119.83,77.06,89.11,2.65,53.36,43.1,206813.78,Normal,0
2021-03-29 19:00:00,779.6,661.99,120.53,118.29,115.8,76.26,88.03,2.15,53.85,42.02,143044.07,Normal,0
2021-03-29 20:00:00,1124.46,912.6,119.0,116.58,114.49,74.86,85.18,2.58,53.51,41.03,209737.41,Normal,0
2021-03-29 21:00:00,1122.39,912.62,121.68,119.07,116.93,75.12,85.68,2.6,56.08,42.43,209119.16,Normal,0
2021-03-29 22:00:00,1125.83,912.66,122.51,119.86,117.7,74.47,85.9,2.52,56.3,42.5,209790.38,Normal,0
2021-03-29 23:00:00,1115.95,912.62,122.6,119.96,117.71,74.31,85.82,2.53,54.81,40.48,209104.18,Normal,0
2021-03-30 00:00:00,1116.95,912.61,121.9,119.22,116.92,73.36,85.08,2.58,54.04,37.95,212198.87,Normal,0
2021-03-30 01:00:00,1113.22,912.53,120.88,118.19,115.87,71.76,84.05,2.67,52.55,34.9,210564.35,Normal,0
2021-03-30 02:00:00,1110.57,912.6,119.88,117.22,114.95,70.62,83.12,2.64,52.15,35.76,210825.41,Normal,0
2021-03-30 03:00:00,1112.31,912.62,119.81,117.23,115.0,70.6,83.0,2.61,52.47,37.49,210708.54,Normal,0
2021-03-30 04:00:00,1113.77,912.62,119.83,117.3,115.03,70.91,83.1,2.57,53.29,38.44,209258.89,Normal,0
2021-03-30 05:00:00,1122.17,912.61,120.25,117.71,115.45,71.38,83.46,2.61,53.71,39.64,211525.93,Normal,0
2021-03-30 06:00:00,654.5,538.25,116.23,113.97,111.5,71.22,82.66,1.78,53.77,40.29,122910.36,Normal,0
2021-03-30 07:00:00,467.97,362.82,98.48,97.17,97.32,67.37,72.84,1.48,44.48,34.19,83629.62,Normal,0
2021-03-30 08:00:00,1118.13,912.61,110.98,107.71,107.03,67.69,76.52,2.66,49.24,34.63,210473.77,Normal,0
2021-03-30 09:00:00,1116.69,912.61,114.33,111.55,109.8,68.34,78.75,2.74,51.74,35.61,209192.97,Normal,0
2021-03-30 10:00:00,1122.31,912.61,116.09,113.51,111.52,69.3,79.97,2.7,52.74,38.13,210772.8,Normal,0
2021-03-30 11:00:00,1115.86,912.63,117.55,115.07,112.94,70.45,81.22,2.69,52.84,38.47,210706.08,Normal,0
2021-03-30 12:00:00,1120.85,912.63,118.92,116.41,114.31,72.0,82.49,2.62,53.96,40.83,208528.11,Normal,0
2021-03-30 13:00:00,1110.89,912.62,120.52,118.09,116.02,74.19,84.3,2.57,55.51,43.51,204814.36,Normal,0
2021-03-30 14:00:00,1114.97,912.31,122.45,120.03,117.96,76.15,86.21,2.57,57.06,45.28,204278.28,Normal,0
2021-03-30 15:00:00,1110.91,912.61,124.3,121.82,119.77,77.63,88.12,2.58,57.94,46.52,203561.35,Normal,0
2021-03-30 16:00:00,1097.84,912.59,125.08,122.58,120.45,78.36,89.18,2.57,55.5,46.18,201915.79,Normal,0
2021-03-30 17:00:00,1104.69,912.62,125.9,123.44,121.23,79.06,89.83,2.57,54.42,45.95,205996.65,Normal,0
2021-03-30 18:00:00,1110.44,912.64,126.52,124.05,121.8,79.34,90.37,2.58,53.2,45.3,206020.11,Normal,0
2021-03-30 19:00:00,1107.62,912.65,126.44,123.93,121.63,78.97,90.42,2.6,52.21,44.23,203208.22,Normal,0
2021-03-30 20:00:00,1111.59,912.65,126.07,123.51,121.17,78.39,90.03,2.63,51.38,42.67,203682.15,Normal,0
2021-03-30 21:00:00,1111.36,912.65,125.5,122.92,120.54,77.55,89.41,2.72,50.59,40.38,205118.68,Normal,0
2021-03-30 22:00:00,1112.02,912.63,124.61,122.02,119.65,76.41,88.41,2.8,51.11,38.64,207472.68,Normal,0
2021-03-30 23:00:00,1119.33,912.66,124.02,121.4,119.08,75.49,87.61,2.77,51.35,37.22,208107.91,Normal,0
2021-03-31 00:00:00,1049.54,892.17,121.26,118.72,116.31,73.12,86.22,2.8,49.74,36.62,376051.04,Normal,0
2021-03-31 01:00:00,1080.92,903.91,120.13,117.51,115.29,71.79,85.1,2.8,45.02,36.12,496975.59,Normal,0
2021-03-31 02:00:00,1088.74,903.91,119.42,116.89,114.62,70.96,84.24,2.8,39.56,33.8,493295.68,Normal,0
2021-03-31 03:00:00,1081.4,903.9,118.56,116.02,113.74,70.22,83.25,2.75,38.61,32.58,352330.77,Normal,0
2021-03-31 04:00:00,1089.62,907.21,118.13,115.54,113.36,70.35,82.8,2.77,39.31,33.38,201403.66,Normal,0
2021-03-31 05:00:00,1114.57,912.6,119.24,116.52,114.45,70.72,83.1,2.73,39.62,32.82,205736.97,Normal,0
2021-03-31 06:00:00,1091.83,901.34,119.12,116.44,114.3,70.27,83.5,2.77,39.35,31.84,288266.17,Normal,0
2021-03-31 07:00:00,1081.97,903.91,118.52,115.87,113.71,70.43,83.45,2.81,40.58,33.73,280494.87,Normal,0
2021-03-31 08:00:00,1094.94,903.91,118.61,115.96,113.81,70.32,83.0,2.71,39.47,36.68,214158.63,Normal,0
2021-03-31 09:00:00,1097.08,903.91,118.95,116.31,114.25,70.64,83.57,2.71,46.7,40.07,296613.46,Normal,0
2021-03-31 10:00:00,1095.51,903.9,120.13,117.54,115.6,71.92,84.67,2.7,52.64,43.7,384011.83,Normal,0
2021-03-31 11:00:00,1080.53,903.9,121.19,118.71,116.76,72.99,86.31,2.65,55.1,46.17,364598.23,Normal,0
2021-03-31 12:00:00,1076.11,903.9,122.41,119.95,118.0,74.3,87.64,2.62,53.4,47.75,361162.16,Normal,0
2021-03-31 13:00:00,1090.7,903.91,123.84,121.34,119.43,76.23,89.14,2.62,54.52,48.63,381005.42,Normal,0
2021-03-31 14:00:00,301.08,236.81,113.74,112.47,110.62,77.24,86.23,1.2,58.31,50.27,99557.66,Normal,0
2021-03-31 15:00:00,1128.71,912.62,118.81,116.48,115.65,76.51,85.6,2.72,57.06,46.59,231024.56,Normal,0
2021-03-31 16:00:00,1121.63,912.66,126.01,123.4,121.68,79.46,89.64,2.67,60.68,48.4,212020.01,Normal,0
2021-03-31 17:00:00,1108.07,912.64,128.17,125.67,123.62,80.49,91.5,2.67,60.7,47.85,209790.33,Normal,0
2021-03-31 18:00:00,692.86,593.54,125.61,123.36,120.98,80.7,91.9,1.96,62.02,48.35,131419.54,Normal,0
2021-03-31 19:00:00,880.27,693.63,115.37,113.67,111.81,76.0,86.28,2.38,52.91,42.34,159025.22,Normal,0
2021-03-31 20:00:00,1120.97,912.41,123.27,120.62,118.79,77.47,87.88,2.64,57.03,44.01,210583.31,Normal,0
2021-03-31 21:00:00,1114.97,912.58,124.82,122.16,120.11,77.08,88.12,2.64,57.94,43.52,211241.38,Normal,0
2021-03-31 22:00:00,1113.65,912.65,124.61,121.87,119.68,76.08,87.55,2.62,57.32,42.26,210837.1,Normal,0
2021-03-31 23:00:00,1122.45,912.66,123.48,120.7,118.35,73.98,86.4,2.6,54.81,38.38,209126.74,Normal,0
2021-04-01 00:00:00,1132.06,912.64,121.87,119.07,116.7,72.0,84.95,2.61,53.66,35.9,211538.36,Normal,0
2021-04-01 01:00:00,1151.71,912.38,121.05,118.2,115.91,70.54,83.68,2.75,53.34,35.35,219398.63,Normal,0
2021-04-01 02:00:00,1128.68,912.64,120.26,117.43,115.18,69.75,83.24,2.71,52.86,34.41,213885.0,Normal,0
2021-04-01 03:00:00,1120.73,912.61,119.17,116.38,114.08,68.36,82.12,2.71,51.79,32.31,209755.27,Normal,0
2021-04-01 04:00:00,1122.59,912.61,118.2,115.46,113.17,66.39,80.96,2.77,51.21,30.97,210540.98,Normal,0
2021-04-01 05:00:00,1116.85,912.61,117.16,114.43,112.18,64.81,79.92,2.77,50.83,27.68,208654.87,Normal,0
2021-04-01 06:00:00,1119.83,912.61,116.31,113.57,111.36,63.92,79.04,2.77,50.22,25.9,208535.8,Normal,0
2021-04-01 07:00:00,1111.04,912.61,115.87,113.2,111.0,62.9,78.36,2.91,50.18,26.2,207963.98,Normal,0
2021-04-01 08:00:00,1102.96,912.61,115.36,112.71,110.55,62.33,77.69,2.9,50.17,28.94,205340.0,Normal,0
2021-04-01 09:00:00,423.75,358.71,107.16,105.38,102.8,62.19,75.44,1.43,50.9,31.34,80888.03,Normal,0
2021-04-01 10:00:00,806.67,0.0,87.85,88.51,86.15,60.27,66.07,0.48,43.87,32.51,0.0,Normal,0
2021-04-01 11:00:00,1100.0,0.0,81.03,81.08,79.47,58.33,60.57,0.48,37.38,29.67,11.61,Normal,0
2021-04-01 12:00:00,1100.0,0.0,76.28,75.57,74.6,56.83,57.11,0.49,33.35,27.72,0.0,Normal,0
2021-04-01 13:00:00,1100.0,0.0,72.22,71.42,69.04,55.88,53.24,0.49,30.12,26.04,0.0,Normal,0
2021-04-01 14:00:00,1100.0,0.0,68.78,67.92,64.97,54.4,50.58,0.51,28.93,26.16,0.0,Normal,0
2021-04-01 15:00:00,806.67,0.04,65.97,64.99,62.5,52.71,49.06,0.5,28.25,26.1,7.39,Normal,0
2021-04-01 16:00:00,565.66,456.15,71.25,69.8,67.52,51.03,50.02,1.85,32.81,28.38,105219.49,Normal,0
2021-04-01 17:00:00,1135.28,912.67,95.42,92.85,91.69,53.21,62.43,2.76,50.96,37.36,217911.31,Normal,0
2021-04-01 18:00:00,1102.92,912.68,105.13,102.71,101.27,56.98,69.92,2.72,54.67,39.78,206988.01,Normal,0
2021-04-01 19:00:00,1112.09,912.63,110.24,107.83,106.06,59.51,75.09,2.76,53.92,39.1,206066.9,Normal,0
2021-04-01 20:00:00,1088.32,912.66,112.46,110.03,108.03,60.86,78.29,2.73,50.34,37.61,201579.73,Normal,0
2021-04-01 21:00:00,1086.0,912.61,113.12,110.65,108.51,61.27,79.47,2.77,49.34,37.52,201777.3,Normal,0
2021-04-01 22:00:00,1095.29,912.62,113.48,110.94,108.83,61.14,79.79,2.73,44.58,36.22,204137.67,Normal,0
2021-04-01 23:00:00,1103.68,912.64,113.52,110.92,108.79,60.73,79.67,2.77,45.71,35.39,205184.93,Normal,0
2021-04-02 00:00:00,1101.7,912.64,113.6,111.01,108.86,60.6,79.46,2.73,47.68,35.87,207424.07,Normal,0
2021-04-02 01:00:00,1090.81,912.61,113.37,110.83,108.62,60.64,79.22,2.73,47.05,35.26,203220.9,Normal,0
2021-04-02 02:00:00,1097.39,912.62,113.27,110.7,108.53,60.68,78.55,2.71,46.38,35.0,202796.64,Normal,0
2021-04-02 03:00:00,1102.02,912.62,113.33,110.76,108.63,60.8,78.5,2.66,48.18,33.81,203489.31,Normal,0
2021-04-02 04:00:00,1103.09,912.62,113.47,110.87,108.72,60.65,78.45,2.66,48.11,32.94,204388.1,Normal,0
2021-04-02 05:00:00,1106.61,912.63,113.32,110.78,108.52,60.27,78.3,2.62,47.27,32.95,205579.04,Normal,0
2021-04-02 06:00:00,1112.93,912.57,113.31,110.69,108.46,59.9,78.22,2.64,46.74,33.95,208662.1,Normal,0
2021-04-02 07:00:00,1110.39,912.63,113.09,110.41,108.23,59.6,77.84,2.73,46.58,35.02,208513.78,Normal,0
2021-04-02 08:00:00,878.44,729.93,112.19,109.64,107.38,59.82,77.67,2.3,47.27,36.09,169570.91,Normal,0
2021-04-02 09:00:00,0.0,0.0,91.63,91.82,89.41,59.31,69.9,0.51,48.41,39.51,0.0,Normal,0
2021-04-02 10:00:00,722.25,577.78,91.6,90.63,88.78,56.54,64.64,1.98,40.2,31.38,130640.05,Normal,0
2021-04-02 11:00:00,1118.99,912.62,105.98,103.23,101.52,57.5,71.29,2.57,48.7,35.55,206772.66,Normal,0
2021-04-02 12:00:00,1115.05,912.53,110.02,107.4,105.53,59.09,74.68,2.6,51.32,37.74,204773.99,Normal,0
2021-04-02 13:00:00,1143.05,912.64,113.16,110.6,108.6,60.54,76.84,2.68,52.32,38.14,218974.62,Normal,0
2021-04-02 14:00:00,1159.65,912.64,116.48,113.8,111.8,62.23,79.27,2.69,53.28,39.33,221642.05,Normal,0
2021-04-02 15:00:00,1141.14,912.66,118.0,115.33,113.2,64.21,81.19,2.68,53.28,39.5,214810.43,Normal,0
2021-04-02 16:00:00,1138.93,912.34,119.07,116.39,114.25,67.69,82.55,2.64,52.8,40.46,215199.61,Normal,0
2021-04-02 17:00:00,1140.27,912.5,120.14,117.43,115.28,69.04,83.47,2.69,52.24,40.31,213448.73,Normal,0
2021-04-02 18:00:00,994.43,813.8,119.78,117.17,114.85,69.29,83.75,2.48,50.85,39.34,188866.59,Normal,0
2021-04-02 19:00:00,0.0,2.24,98.84,98.91,94.73,67.23,75.27,0.51,47.96,42.09,2086.37,Normal,0
2021-04-02 20:00:00,0.0,0.0,86.38,87.66,81.83,64.12,64.19,0.49,39.07,35.18,0.0,Normal,0
2021-04-02 21:00:00,0.0,0.0,80.25,80.56,74.85,61.19,58.34,0.49,33.68,30.18,0.0,Normal,0
2021-04-02 22:00:00,0.0,0.0,75.53,74.75,71.27,57.84,55.56,0.49,30.87,27.14,0.0,Normal,0
2021-04-02 23:00:00,0.0,0.0,71.45,69.78,68.19,54.47,53.35,0.49,28.64,24.44,0.0,Normal,0
2021-04-03 00:00:00,893.15,691.67,82.3,79.33,78.49,52.1,55.57,2.41,33.83,26.64,173144.56,Normal,0
2021-04-03 01:00:00,1161.17,910.25,99.75,96.64,95.44,54.57,64.02,2.69,45.71,33.49,227009.1,Normal,0
2021-04-03 02:00:00,1157.67,912.36,106.02,103.17,101.57,57.31,68.61,2.78,48.17,34.39,225631.53,Normal,0
2021-04-03 03:00:00,1136.41,912.69,109.07,106.33,104.44,59.62,71.72,2.81,48.56,34.56,219344.18,Normal,0
2021-04-03 04:00:00,1129.04,912.68,110.77,108.09,106.06,60.74,73.74,2.86,48.73,33.5,216781.78,Normal,0
2021-04-03 05:00:00,1125.19,912.67,111.66,109.03,106.88,61.5,75.12,2.85,49.39,33.0,214354.66,Normal,0
2021-04-03 06:00:00,1130.83,912.42,112.3,109.61,107.45,62.03,76.0,2.77,49.12,34.02,213962.18,Normal,0
2021-04-03 07:00:00,1114.31,912.36,112.64,109.96,107.75,62.13,76.25,2.71,48.24,33.85,207742.06,Normal,0
2021-04-03 08:00:00,1099.09,912.62,111.25,108.66,106.35,61.33,75.22,2.64,45.37,32.58,208528.22,Normal,0
2021-04-03 09:00:00,1145.75,912.49,111.8,109.09,106.89,60.42,74.16,2.67,46.12,32.37,218788.37,Normal,0
2021-04-03 10:00:00,1164.88,912.69,113.28,110.49,108.4,60.15,74.58,2.59,47.21,33.13,222929.36,Normal,0
2021-04-03 11:00:00,1142.77,912.64,114.41,111.66,109.57,60.8,75.8,2.6,48.11,33.57,220061.02,Normal,0
2021-04-03 12:00:00,1144.3,912.7,115.55,112.82,110.69,62.35,77.28,2.63,47.76,34.57,221663.79,Normal,0
2021-04-03 13:00:00,1058.79,888.95,115.05,112.64,110.34,64.8,78.36,2.66,47.61,34.68,205203.75,Normal,0
2021-04-03 14:00:00,1012.34,884.56,112.29,110.11,107.74,65.09,78.02,2.6,47.41,35.7,195906.03,Normal,0
2021-04-03 15:00:00,1021.39,886.75,111.45,109.3,107.01,64.77,77.24,2.55,43.98,35.45,196226.65,Normal,0
2021-04-03 16:00:00,1015.1,883.71,110.86,108.71,106.44,64.48,76.38,2.53,39.93,35.38,196108.32,Normal,0
2021-04-03 17:00:00,1011.39,883.14,110.48,108.35,106.11,64.2,75.54,2.53,37.96,37.06,195953.95,Normal,0
2021-04-03 18:00:00,1013.2,884.05,110.34,108.21,106.01,63.86,74.91,2.51,36.77,36.4,196010.61,Normal,0
2021-04-03 19:00:00,1019.61,887.23,109.92,107.75,105.5,62.62,73.97,2.52,35.35,34.06,195822.89,Normal,0
2021-04-03 20:00:00,603.48,534.99,105.58,103.66,101.05,60.72,72.3,1.76,35.95,34.86,118878.14,Normal,0
2021-04-03 21:00:00,0.0,0.0,85.86,86.66,82.66,58.59,63.09,0.49,36.25,34.9,0.0,Normal,0
2021-04-03 22:00:00,274.53,233.53,80.16,80.19,76.17,55.4,56.6,1.28,30.07,27.29,53304.45,Normal,0
2021-04-03 23:00:00,1090.0,894.36,96.1,93.56,91.54,53.16,62.61,2.71,33.24,28.06,213665.75,Normal,0
2021-04-04 00:00:00,1134.73,909.08,103.77,101.09,99.33,54.06,66.66,2.63,37.86,30.97,219235.94,Normal,0
2021-04-04 01:00:00,1126.69,912.62,107.26,104.58,102.69,55.43,68.97,2.62,38.67,31.64,214512.22,Normal,0
2021-04-04 02:00:00,1114.03,912.63,108.78,106.11,104.12,56.53,70.45,2.64,40.11,31.58,211240.22,Normal,0
2021-04-04 03:00:00,1101.24,912.61,109.48,106.86,104.79,57.34,71.32,2.65,40.64,30.97,208317.24,Normal,0
2021-04-04 04:00:00,1102.73,912.62,109.67,107.1,104.94,57.84,71.48,2.7,36.23,29.98,208261.84,Normal,0
2021-04-04 05:00:00,1105.9,912.62,109.91,107.33,105.13,58.18,71.31,2.7,32.75,29.64,208789.64,Normal,0
2021-04-04 06:00:00,1113.78,912.62,110.17,107.54,105.36,58.46,71.3,2.74,31.66,29.52,211742.09,Normal,0
2021-04-04 07:00:00,1109.99,912.62,110.54,107.92,105.75,58.93,71.4,2.73,31.17,28.57,211945.4,Normal,0
2021-04-04 08:00:00,1112.3,912.63,110.77,108.1,105.95,59.27,71.59,2.74,31.41,28.82,209099.03,Normal,0
2021-04-04 09:00:00,1102.31,912.13,110.81,108.17,106.01,59.64,71.83,2.79,31.98,29.19,206800.31,Normal,0
2021-04-04 10:00:00,1114.63,912.62,111.03,108.42,106.27,60.06,72.54,2.76,33.34,29.61,208347.73,Normal,0
2021-04-04 11:00:00,1121.86,912.64,111.82,109.2,107.09,61.72,73.32,2.73,33.94,28.21,209035.68,Normal,0
2021-04-04 12:00:00,1111.72,912.65,112.71,110.13,108.0,63.56,74.07,2.65,34.7,31.79,210393.18,Normal,0
2021-04-04 13:00:00,1109.53,912.64,113.66,111.09,108.96,64.62,74.92,2.56,35.71,35.81,210260.59,Normal,0
2021-04-04 14:00:00,1111.79,912.66,114.79,112.22,110.1,65.64,75.88,2.57,36.81,37.76,212199.41,Normal,0
2021-04-04 15:00:00,1106.52,912.63,115.8,113.26,111.07,66.4,77.21,2.55,37.53,38.81,210817.11,Normal,0
2021-04-04 16:00:00,1104.87,911.53,116.43,113.91,111.69,67.11,78.24,2.63,38.19,39.07,210688.35,Normal,0
2021-04-04 17:00:00,1102.52,912.54,116.92,114.43,112.17,67.58,79.1,2.57,38.56,39.17,208507.59,Normal,0
2021-04-04 18:00:00,1108.13,912.47,117.24,114.71,112.44,67.96,78.89,2.6,38.25,38.36,208418.56,Normal,0
2021-04-04 19:00:00,1110.9,912.53,117.23,114.67,112.35,67.58,78.57,2.64,37.48,37.48,209842.28,Normal,0
2021-04-04 20:00:00,1117.74,912.7,117.1,114.51,112.17,67.29,78.29,2.65,36.62,36.15,210970.42,Normal,0
2021-04-04 21:00:00,1125.96,912.7,116.88,114.21,111.88,66.71,77.8,2.63,35.9,35.32,213827.63,Normal,0
2021-04-04 22:00:00,1131.96,912.59,116.27,113.48,111.21,65.64,76.9,2.61,34.67,34.6,216214.59,Normal,0
2021-04-04 23:00:00,1127.26,911.46,115.53,112.69,110.47,64.71,75.95,2.61,33.56,32.83,215214.16,Normal,0
2021-04-05 00:00:00,1133.2,912.52,115.03,112.17,109.97,63.72,75.18,2.62,32.38,31.81,216768.15,Normal,0
2021-04-05 01:00:00,1123.61,912.45,114.43,111.6,109.37,63.05,74.58,2.62,32.04,31.65,215510.77,Normal,0
2021-04-05 02:00:00,1112.64,912.06,113.55,110.77,108.51,62.14,73.92,2.66,31.23,31.41,212345.0,Normal,0
2021-04-05 03:00:00,1117.58,912.59,112.8,110.1,107.82,60.92,73.7,2.66,30.92,30.78,215854.41,Normal,0
2021-04-05 04:00:00,1113.41,912.63,112.26,109.58,107.34,59.58,73.55,2.64,30.25,30.35,213476.51,Normal,0
2021-04-05 05:00:00,1118.18,912.62,111.71,109.01,106.81,58.52,72.91,2.68,29.74,29.41,214136.79,Normal,0
2021-04-05 06:00:00,1117.79,912.63,111.22,108.5,106.33,57.84,71.98,2.68,29.21,28.49,213913.27,Normal,0
2021-04-05 07:00:00,1111.03,912.6,110.64,107.9,105.75,57.25,71.23,2.71,29.11,28.11,212192.79,Normal,0
2021-04-05 08:00:00,1110.37,912.62,110.55,107.93,105.82,57.96,71.35,2.66,30.58,30.2,209784.54,Normal,0
2021-04-05 09:00:00,1118.27,912.62,111.38,108.82,106.75,59.21,72.16,2.65,32.19,31.87,211970.85,Normal,0
2021-04-05 10:00:00,1121.53,912.63,113.0,110.48,108.42,61.98,73.89,2.63,34.42,33.83,211045.04,Normal,0
2021-04-05 11:00:00,1111.61,909.09,114.3,111.78,109.72,65.27,75.52,2.7,37.02,35.55,211952.76,Normal,0
2021-04-05 12:00:00,1103.12,912.63,115.96,113.49,111.43,67.98,78.0,2.68,41.16,37.74,210347.11,Normal,0
2021-04-05 13:00:00,1100.23,912.67,117.39,114.96,112.89,69.53,80.15,2.64,43.08,38.99,208032.02,Normal,0
2021-04-05 14:00:00,1094.14,912.68,118.57,116.09,113.99,70.31,81.69,2.62,47.69,39.69,205658.62,Normal,0
2021-04-05 15:00:00,1093.19,912.67,119.29,116.8,114.7,70.84,82.7,2.64,48.76,40.11,204579.08,Normal,0
2021-04-05 16:00:00,1091.85,912.67,120.12,117.64,115.52,71.43,83.47,2.65,45.46,40.56,205523.68,Normal,0
2021-04-05 17:00:00,1102.89,912.67,120.91,118.44,116.26,71.8,84.01,2.64,43.82,41.01,206142.76,Normal,0
2021-04-05 18:00:00,718.45,609.85,118.6,116.3,113.92,72.15,84.01,1.96,44.98,43.46,136477.58,Normal,0
2021-04-05 19:00:00,0.0,0.0,97.8,98.36,96.27,69.47,76.2,0.49,47.27,44.56,0.0,Normal,0
2021-04-05 20:00:00,0.0,0.0,89.49,89.86,88.13,66.22,68.95,0.48,41.08,38.09,0.0,Normal,0
2021-04-05 21:00:00,0.0,0.0,84.11,83.52,81.4,63.76,63.68,0.48,36.67,32.66,0.0,Normal,0
2021-04-05 22:00:00,0.0,0.0,79.39,77.9,76.9,60.91,60.03,0.48,34.47,30.55,0.0,Normal,0
2021-04-05 23:00:00,0.0,0.0,75.17,72.97,73.6,58.17,56.59,0.49,32.23,28.84,0.0,Normal,0
2021-04-06 00:00:00,860.88,699.52,84.99,81.71,82.54,55.76,57.99,2.4,31.3,27.87,166950.75,Normal,0
2021-04-06 01:00:00,1135.93,908.95,101.23,98.07,97.05,57.26,65.41,2.65,37.51,32.83,219247.25,Normal,0
2021-04-06 02:00:00,1123.05,912.65,106.34,103.49,101.88,59.28,68.43,2.61,39.21,33.06,212890.72,Normal,0
2021-04-06 03:00:00,1120.26,912.69,108.65,105.9,104.02,60.92,70.2,2.65,34.02,32.4,211208.37,Normal,0
2021-04-06 04:00:00,1109.97,912.63,109.69,106.97,105.03,61.67,71.42,2.65,31.96,32.01,208327.44,Normal,0
2021-04-06 05:00:00,1106.83,912.63,110.2,107.51,105.54,62.06,71.9,2.66,32.05,32.75,207540.94,Normal,0
2021-04-06 06:00:00,1110.83,912.62,110.68,107.97,105.93,62.29,72.01,2.7,31.31,31.56,208516.03,Normal,0
2021-04-06 07:00:00,1113.12,912.61,110.78,108.02,105.98,61.9,71.77,2.72,30.81,30.97,210319.32,Normal,0
2021-04-06 08:00:00,1119.23,912.47,111.27,108.56,106.53,62.6,72.07,2.68,31.62,31.76,210473.35,Normal,0
2021-04-06 09:00:00,896.68,727.46,106.8,104.55,102.54,62.52,71.48,2.27,35.77,35.84,167771.69,Normal,0
2021-04-06 10:00:00,1104.43,912.53,111.6,109.1,107.3,64.33,73.66,2.61,38.12,38.51,202735.63,Normal,0
2021-04-06 11:00:00,1108.93,912.64,113.83,111.36,109.43,75.77,81.41,2.6,41.7,41.25,210276.51,Normal,0
2021-04-06 12:00:00,1115.96,912.66,116.41,113.89,111.86,80.19,82.58,2.61,43.59,41.57,210748.65,Normal,0
2021-04-06 13:00:00,1101.19,912.57,117.96,115.43,113.36,81.83,83.67,2.58,54.95,42.05,206679.66,Normal,0
2021-04-06 14:00:00,1100.05,912.53,119.09,116.52,114.46,82.66,85.19,2.59,58.39,42.5,205578.86,Normal,0
2021-04-06 15:00:00,1095.25,912.4,120.02,117.43,115.36,83.38,85.45,2.53,60.71,42.99,205579.38,Normal,0
2021-04-06 16:00:00,1082.46,912.48,120.51,117.98,115.86,83.62,85.76,2.54,61.79,42.84,201759.02,Normal,0
2021-04-06 17:00:00,1069.4,912.25,120.48,118.0,115.82,83.31,86.33,2.59,60.45,42.54,195778.81,Normal,0
2021-04-06 18:00:00,203.01,186.23,107.58,106.71,103.6,79.82,83.27,0.97,60.43,47.82,35098.33,Normal,0
2021-04-06 19:00:00,0.0,0.0,91.47,92.76,88.24,71.83,70.72,0.48,47.6,41.58,0.0,Normal,0
2021-04-06 20:00:00,0.0,0.0,84.98,85.4,80.4,67.06,63.53,0.48,40.36,34.82,0.0,Normal,0
2021-04-06 21:00:00,0.0,0.0,80.01,79.24,76.07,62.89,60.0,0.49,36.53,31.36,0.0,Normal,0
2021-04-06 22:00:00,0.0,0.0,75.77,74.19,72.71,59.11,57.51,0.49,33.55,28.98,0.0,Normal,0
2021-04-06 23:00:00,0.0,0.0,71.99,69.82,69.71,55.8,55.25,0.49,31.39,26.73,0.0,Normal,0
2021-04-07 00:00:00,632.59,520.21,77.38,74.56,74.58,57.02,56.55,1.88,34.83,27.39,122963.93,Normal,0
2021-04-07 01:00:00,1118.37,912.67,97.54,94.43,93.55,69.63,68.1,2.62,50.01,35.92,209795.95,Normal,0
2021-04-07 02:00:00,1113.84,912.71,104.48,101.72,100.31,73.38,73.5,2.73,53.26,36.63,207746.61,Normal,0
2021-04-07 03:00:00,1116.88,912.72,108.37,105.67,103.97,75.21,75.77,2.77,53.65,35.53,209747.46,Normal,0
2021-04-07 04:00:00,1113.49,912.72,110.52,107.81,105.94,75.6,77.65,2.8,53.42,35.59,209437.21,Normal,0
2021-04-07 05:00:00,1111.36,912.71,111.66,109.0,106.99,75.5,79.05,2.81,53.14,35.61,208885.99,Normal,0
2021-04-07 06:00:00,1106.22,912.71,112.23,109.54,107.45,75.06,79.63,2.87,51.38,34.09,209177.53,Normal,0
2021-04-07 07:00:00,1103.52,912.68,112.29,109.6,107.45,74.57,79.65,2.86,51.44,32.9,210621.85,Normal,0
2021-04-07 08:00:00,1108.64,909.54,112.37,109.75,107.58,74.34,79.87,2.86,51.78,33.51,212094.91,Normal,0
2021-04-07 09:00:00,1132.98,912.1,113.24,110.53,108.39,74.4,79.98,2.86,52.76,33.53,216736.66,Normal,0
2021-04-07 10:00:00,1131.57,912.63,113.72,110.94,108.8,74.26,79.88,2.8,52.03,33.64,216135.54,Normal,0
2021-04-07 11:00:00,1131.93,912.69,114.2,111.43,109.3,74.54,80.22,2.8,52.38,35.99,215402.96,Normal,0
2021-04-07 12:00:00,1135.36,912.68,115.02,112.25,110.15,74.96,80.58,2.77,54.91,36.92,215964.81,Normal,0
2021-04-07 13:00:00,1135.39,912.63,115.79,112.98,110.91,75.12,80.9,2.72,54.99,37.63,217130.32,Normal,0
2021-04-07 14:00:00,1129.26,912.68,116.38,113.66,111.54,75.28,81.52,2.68,54.56,38.26,213696.45,Normal,0
2021-04-07 15:00:00,1115.64,912.69,116.59,113.89,111.76,75.52,82.15,2.62,54.8,38.57,208517.74,Normal,0
2021-04-07 16:00:00,1103.91,912.69,116.68,113.98,111.88,75.89,82.59,2.64,55.03,39.6,206325.46,Normal,0
2021-04-07 17:00:00,1092.92,912.68,116.91,114.28,112.17,75.97,82.5,2.64,56.04,39.87,206080.16,Normal,0
2021-04-07 18:00:00,1095.08,912.67,117.08,114.51,112.36,75.7,82.77,2.65,56.02,39.36,206662.44,Normal,0
2021-04-07 19:00:00,1109.01,912.69,117.42,114.82,112.63,75.45,82.9,2.65,55.91,39.19,209776.87,Normal,0
2021-04-07 20:00:00,1114.03,912.69,117.49,114.82,112.62,75.18,82.26,2.62,56.01,38.56,208495.87,Normal,0
2021-04-07 21:00:00,1102.73,912.67,117.04,114.41,112.14,74.92,81.7,2.66,55.26,37.84,206894.22,Normal,0
2021-04-07 22:00:00,1095.71,912.65,116.27,113.61,111.38,74.44,81.84,2.7,54.11,37.21,204701.82,Normal,0
2021-04-07 23:00:00,1105.62,912.64,115.63,112.91,110.75,73.7,81.32,2.72,53.35,36.29,206419.13,Normal,0
2021-04-08 00:00:00,1106.3,912.43,115.1,112.35,110.21,73.18,80.38,2.66,53.62,35.96,205578.44,Normal,0
2021-04-08 01:00:00,1104.84,912.61,114.59,111.85,109.74,72.84,79.78,2.66,53.27,36.23,207044.52,Normal,0
2021-04-08 02:00:00,1106.94,912.63,114.5,111.81,109.67,72.8,79.15,2.65,52.74,35.72,207345.0,Normal,0
2021-04-08 03:00:00,1103.49,912.63,114.33,111.65,109.49,72.64,78.82,2.65,51.52,35.57,207149.98,Normal,0
2021-04-08 04:00:00,1108.72,912.63,114.32,111.64,109.52,72.6,79.4,2.65,51.41,34.89,209541.61,Normal,0
2021-04-08 05:00:00,1112.5,912.55,114.59,111.88,109.81,72.92,80.38,2.65,52.18,35.55,210669.72,Normal,0
2021-04-08 06:00:00,1114.71,912.61,115.07,112.43,110.31,73.36,81.41,2.65,52.28,35.72,211442.23,Normal,0
2021-04-08 07:00:00,1119.39,912.59,115.81,113.15,111.01,73.7,82.9,2.65,52.07,35.83,212023.07,Normal,0
2021-04-08 08:00:00,1110.61,912.23,115.88,113.24,111.06,73.86,83.25,2.74,53.12,35.54,209740.13,Normal,0
2021-04-08 09:00:00,1108.43,912.65,115.98,113.3,111.14,73.7,83.01,2.69,53.16,35.76,206192.26,Normal,0
2021-04-08 10:00:00,1109.68,912.64,115.87,113.2,111.09,73.9,83.07,2.69,53.48,37.23,205285.75,Normal,0
2021-04-08 11:00:00,1113.03,912.64,116.26,113.63,111.55,74.25,83.65,2.62,53.99,38.07,206691.11,Normal,0
2021-04-08 12:00:00,1114.75,912.62,116.94,114.3,112.22,74.47,83.41,2.61,55.44,38.64,206722.32,Normal,0
2021-04-08 13:00:00,1107.54,912.49,117.52,114.91,112.78,74.86,83.78,2.62,55.64,39.41,205263.36,Normal,0
2021-04-08 14:00:00,1109.04,912.54,117.97,115.36,113.22,75.2,84.95,2.62,56.02,40.27,205744.01,Normal,0
2021-04-08 15:00:00,1086.36,903.55,118.61,115.97,113.85,75.39,86.24,2.7,55.97,40.87,203497.88,Normal,0
2021-04-08 16:00:00,0.0,1.09,101.21,100.84,98.31,72.25,80.08,0.53,55.94,47.03,1125.7,Normal,0
2021-04-08 17:00:00,931.66,760.84,101.22,99.79,97.98,68.18,74.58,2.34,46.85,36.22,172513.52,Normal,0
2021-04-08 18:00:00,628.66,531.42,107.44,105.17,103.14,73.86,78.07,1.75,55.02,41.6,122157.83,Normal,0
2021-04-08 19:00:00,0.0,0.0,88.61,89.33,85.5,67.61,68.14,0.49,47.82,39.89,0.0,Normal,0
2021-04-08 20:00:00,0.0,0.0,81.07,81.2,77.96,62.17,61.11,0.49,39.07,33.06,0.0,Normal,0
2021-04-08 21:00:00,0.0,0.0,76.13,75.46,72.65,58.77,56.82,0.49,34.8,29.51,0.0,Normal,0
2021-04-08 22:00:00,0.0,0.0,72.02,70.81,68.44,56.03,53.63,0.49,30.57,26.34,0.0,Normal,0
2021-04-08 23:00:00,0.0,0.0,68.44,66.88,64.95,53.35,51.14,0.49,28.51,24.83,0.0,Normal,0
2021-04-09 00:00:00,861.83,679.58,79.14,76.55,75.55,56.01,56.15,2.4,36.01,28.09,162705.75,Normal,0
2021-04-09 01:00:00,1132.49,909.98,98.08,95.16,94.05,65.73,67.5,2.91,50.05,35.05,214796.39,Normal,0
2021-04-09 02:00:00,1118.55,910.17,104.73,102.07,100.58,68.43,72.26,2.76,51.76,35.95,213388.12,Normal,0
2021-04-09 03:00:00,1105.34,912.64,108.37,105.77,104.03,70.16,76.85,2.61,52.16,35.99,206895.34,Normal,0
2021-04-09 04:00:00,1104.32,912.54,110.72,108.09,106.26,70.84,78.35,2.63,51.83,36.09,206518.65,Normal,0
2021-04-09 05:00:00,1104.91,912.56,112.26,109.66,107.72,71.21,78.9,2.66,51.95,36.16,206197.64,Normal,0
2021-04-09 06:00:00,1106.73,912.56,113.57,110.98,108.95,71.73,80.1,2.67,51.94,36.24,206476.49,Normal,0
2021-04-09 07:00:00,1102.5,912.57,114.36,111.77,109.67,71.96,81.7,2.71,51.89,35.77,206707.93,Normal,0
2021-04-09 08:00:00,1125.01,910.59,115.23,112.61,110.49,72.0,82.34,2.79,52.0,35.89,212831.51,Normal,0
2021-04-09 09:00:00,1122.14,904.38,116.11,113.47,111.37,72.49,82.24,2.81,52.47,36.62,215950.25,Normal,0
2021-04-09 10:00:00,1119.07,903.59,117.05,114.45,112.33,72.92,82.4,2.77,52.56,37.53,218829.46,Normal,0
2021-04-09 11:00:00,1117.61,903.95,117.93,115.41,113.21,71.79,83.51,2.74,52.56,38.09,219272.05,Normal,0
2021-04-09 12:00:00,1115.02,911.08,118.74,116.16,113.95,69.61,84.28,2.75,53.84,39.14,211833.71,Normal,0
2021-04-09 13:00:00,1110.99,912.32,119.08,116.44,114.27,70.07,84.33,2.73,53.64,39.76,209350.83,Normal,0
2021-04-09 14:00:00,1109.7,912.25,119.14,116.52,114.35,69.3,84.47,2.73,53.26,39.41,206923.96,Normal,0
2021-04-09 15:00:00,919.59,763.82,118.36,115.79,113.54,68.86,84.7,2.44,53.16,40.44,168370.16,Normal,0
2021-04-09 16:00:00,720.71,576.19,106.24,104.94,101.81,66.93,79.49,2.04,51.21,40.01,128926.69,Normal,0
2021-04-09 17:00:00,1097.98,912.19,113.74,111.23,109.13,67.73,80.29,2.63,54.68,39.18,206497.6,Normal,0
2021-04-09 18:00:00,806.62,679.76,114.18,111.71,109.5,67.07,80.8,2.1,55.97,40.56,155431.57,Normal,0
2021-04-09 19:00:00,0.0,0.0,93.78,94.42,90.22,65.35,71.6,0.47,50.69,43.89,0.0,Normal,0
2021-04-09 20:00:00,0.0,0.0,84.43,85.12,80.63,62.07,63.01,0.48,41.48,35.39,0.0,Normal,0
2021-04-09 21:00:00,0.0,0.0,79.04,78.84,74.6,59.62,58.26,0.47,35.4,30.07,0.0,Normal,0
2021-04-09 22:00:00,0.0,0.0,74.55,73.45,70.56,56.93,55.21,0.47,32.25,27.29,0.0,Normal,0
2021-04-09 23:00:00,0.0,0.0,70.64,68.95,67.12,54.32,52.64,0.48,29.9,25.2,0.0,Normal,0
2021-04-10 00:00:00,966.34,755.63,84.23,81.34,80.25,52.87,58.45,2.47,37.64,28.86,183107.89,Normal,0
2021-04-10 01:00:00,1120.52,912.6,100.42,97.48,96.14,55.39,69.03,2.89,48.28,34.39,211027.16,Normal,0
2021-04-10 02:00:00,1108.93,912.64,105.2,102.45,100.83,57.35,72.72,2.88,50.43,35.5,208068.68,Normal,0
2021-04-10 03:00:00,1123.63,912.65,108.03,105.28,103.52,59.14,74.83,2.9,50.95,35.21,210249.25,Normal,0
2021-04-10 04:00:00,1123.31,912.66,109.89,107.09,105.28,60.61,76.41,2.86,51.62,35.03,210192.71,Normal,0
2021-04-10 05:00:00,1131.88,912.47,111.33,108.55,106.62,62.11,77.4,2.89,51.33,34.76,213203.14,Normal,0
2021-04-10 06:00:00,1127.31,912.52,112.21,109.47,107.42,63.94,78.18,2.81,51.38,34.38,208539.69,Normal,0
2021-04-10 07:00:00,94.83,80.32,97.26,96.53,93.32,63.08,73.62,0.69,50.18,38.31,20264.7,Normal,0
2021-04-10 08:00:00,0.0,0.0,82.8,83.37,80.55,58.91,62.95,0.47,42.42,34.36,0.0,Normal,0
2021-04-10 09:00:00,696.99,535.28,86.4,85.05,83.39,56.03,61.89,1.95,37.52,28.35,124032.52,Normal,0
2021-04-10 10:00:00,1135.15,912.61,103.5,100.53,98.89,57.67,71.17,2.68,48.07,33.03,216296.23,Normal,0
2021-04-10 11:00:00,1114.73,912.63,107.66,104.93,103.14,59.74,74.13,2.61,50.37,34.67,209479.08,Normal,0
2021-04-10 12:00:00,1103.51,912.47,110.24,107.65,105.76,62.25,76.36,2.71,50.44,36.54,206718.17,Normal,0
2021-04-10 13:00:00,1102.33,912.45,112.28,109.8,107.8,64.87,77.91,2.69,51.14,37.98,207128.93,Normal,0
2021-04-10 14:00:00,1108.9,912.4,114.41,111.85,109.89,67.08,79.68,2.67,52.12,38.76,209080.09,Normal,0
2021-04-10 15:00:00,1098.43,912.25,115.87,113.35,111.3,68.91,81.2,2.65,52.7,39.65,206402.32,Normal,0
2021-04-10 16:00:00,1093.49,912.29,116.8,114.28,112.21,69.67,82.18,2.68,53.69,40.59,203473.45,Normal,0
2021-04-10 17:00:00,1091.86,912.31,117.42,114.9,112.81,70.13,82.95,2.72,53.91,40.02,201625.08,Normal,0
2021-04-10 18:00:00,1091.89,912.36,117.9,115.37,113.23,70.18,83.38,2.75,54.14,38.48,204259.81,Normal,0
2021-04-10 19:00:00,1104.95,912.45,118.16,115.54,113.34,69.86,83.08,2.76,52.75,37.13,206590.7,Normal,0
2021-04-10 20:00:00,1117.73,912.46,117.79,115.11,112.87,69.09,82.47,2.76,51.57,35.29,207237.52,Normal,0
2021-04-10 21:00:00,1117.06,912.55,116.96,114.18,111.95,68.12,81.32,2.82,48.72,33.68,209110.4,Normal,0
2021-04-10 22:00:00,1109.5,912.42,115.85,113.02,110.91,67.12,79.73,2.83,46.05,32.23,208364.25,Normal,0
2021-04-10 23:00:00,1105.29,912.54,114.71,111.89,109.79,66.26,79.04,2.78,46.9,31.77,207108.77,Normal,0
2021-04-11 00:00:00,1113.63,912.54,113.9,111.1,109.02,65.23,79.2,2.71,46.81,31.52,206448.22,Normal,0
2021-04-11 01:00:00,1107.1,912.45,113.37,110.64,108.55,64.41,80.18,2.67,47.2,31.35,205773.54,Normal,0
2021-04-11 02:00:00,1107.32,912.44,112.96,110.22,108.12,63.94,79.86,2.68,47.42,31.41,206615.63,Normal,0
2021-04-11 02:00:00,1109.11,912.52,112.78,110.08,107.96,63.91,80.39,2.68,47.77,31.24,207518.85,Normal,0
2021-04-11 03:00:00,1112.67,912.36,112.75,110.08,107.91,63.86,79.68,2.72,48.45,31.15,207340.05,Normal,0
2021-04-11 04:00:00,1113.74,912.59,112.87,110.18,108.05,64.11,79.93,2.65,48.6,31.71,207761.16,Normal,0
2021-04-11 05:00:00,1114.29,912.64,113.11,110.34,108.3,64.62,79.47,2.66,47.62,30.47,208867.71,Normal,0
2021-04-11 06:00:00,1114.47,912.65,113.21,110.44,108.35,64.79,79.75,2.71,47.78,27.6,210845.99,Normal,0
2021-04-11 07:00:00,1117.42,912.62,113.29,110.52,108.45,65.07,80.46,2.72,48.04,26.08,209468.73,Normal,0
2021-04-11 08:00:00,1113.99,912.61,113.28,110.54,108.5,65.2,80.81,2.74,49.41,26.14,206232.86,Normal,0
2021-04-11 09:00:00,1103.93,912.59,113.4,110.76,108.69,65.6,80.33,2.77,50.23,27.07,206544.8,Normal,0
2021-04-11 10:00:00,1109.22,912.6,114.05,111.4,109.37,66.26,80.68,2.77,51.19,28.66,206371.89,Normal,0
2021-04-11 11:00:00,1107.79,912.48,114.72,112.07,110.06,67.34,81.74,2.73,52.08,31.24,204482.9,Normal,0
2021-04-11 12:00:00,1097.63,912.57,115.53,112.9,110.89,68.23,83.21,2.63,52.96,36.41,205156.73,Normal,0
2021-04-11 13:00:00,1102.68,912.52,116.48,113.91,111.86,69.13,84.17,2.63,53.77,38.38,205602.97,Normal,0
2021-04-11 14:00:00,1100.43,912.5,117.4,114.88,112.76,69.95,85.34,2.69,53.16,40.08,205469.42,Normal,0
2021-04-11 15:00:00,1092.06,912.28,118.08,115.54,113.43,70.59,85.39,2.68,54.82,40.65,203629.42,Normal,0
2021-04-11 16:00:00,1088.82,912.49,118.5,116.0,113.85,71.05,85.6,2.72,54.6,40.92,203233.72,Normal,0
2021-04-11 17:00:00,1112.52,912.44,119.33,116.73,114.6,71.3,85.16,2.71,54.68,41.0,208246.53,Normal,0
2021-04-11 18:00:00,1065.78,901.97,118.48,115.92,113.7,70.75,85.09,2.72,53.67,39.25,198213.51,Normal,0
2021-04-11 19:00:00,964.91,815.08,112.9,110.62,108.1,67.51,82.01,2.57,50.01,36.2,178029.75,Normal,0
2021-04-11 20:00:00,1118.29,912.6,114.31,111.62,109.52,66.3,80.28,2.7,49.55,35.41,208579.35,Normal,0
2021-04-11 21:00:00,1116.13,912.47,114.72,111.96,109.88,65.95,80.28,2.68,46.94,35.12,210965.62,Normal,0
2021-04-11 22:00:00,1134.19,911.25,114.76,111.93,109.87,65.82,80.24,2.7,48.61,34.92,217083.4,Normal,0
2021-04-11 23:00:00,1123.39,912.54,114.74,111.89,109.84,65.89,80.06,2.69,47.77,34.3,210538.71,Normal,0
2021-04-12 00:00:00,1114.49,912.47,114.27,111.47,109.36,65.73,80.32,2.68,47.5,34.18,209265.59,Normal,0
2021-04-12 01:00:00,1117.87,912.63,113.91,111.13,108.98,65.28,80.09,2.68,44.73,32.4,210777.62,Normal,0
2021-04-12 02:00:00,1117.24,912.62,113.32,110.53,108.33,64.39,78.98,2.65,44.15,30.87,211260.03,Normal,0
2021-04-12 03:00:00,1116.72,912.65,112.7,109.91,107.71,63.84,76.78,2.63,46.01,30.73,211302.96,Normal,0
2021-04-12 04:00:00,1118.76,912.67,112.08,109.3,107.16,63.36,76.8,2.66,46.53,30.49,209866.42,Normal,0
2021-04-12 05:00:00,1117.93,912.66,111.59,108.79,106.7,63.01,76.22,2.68,46.58,30.87,210201.85,Normal,0
2021-04-12 06:00:00,1120.68,912.68,111.26,108.5,106.45,62.87,75.56,2.7,47.65,31.65,210030.14,Normal,0
2021-04-12 07:00:00,1104.39,912.42,111.25,108.57,106.54,63.51,75.44,2.77,49.95,33.75,203410.27,Normal,0
2021-04-12 08:00:00,1109.21,912.59,112.02,109.45,107.43,64.62,76.13,2.71,52.09,35.76,206659.28,Normal,0
2021-04-12 09:00:00,1108.35,912.46,113.55,111.03,109.03,66.51,77.62,2.7,53.06,37.66,203622.25,Normal,0
2021-04-12 10:00:00,1098.53,912.27,114.9,112.39,110.38,68.05,80.57,2.71,53.81,38.47,204356.93,Normal,0
2021-04-12 11:00:00,1082.18,907.63,115.9,113.4,111.32,68.72,82.34,2.71,53.77,39.42,201002.59,Normal,0
2021-04-12 12:00:00,1048.59,901.56,115.51,113.19,111.06,69.29,82.8,2.73,54.07,40.64,194398.45,Normal,0
2021-04-12 13:00:00,1044.69,901.57,115.43,113.13,111.04,69.77,82.6,2.72,54.01,41.53,191972.29,Normal,0
2021-04-12 14:00:00,1047.37,901.58,115.78,113.4,111.36,70.14,83.89,2.72,54.13,42.08,192696.08,Normal,0
2021-04-12 15:00:00,1047.19,901.57,116.15,113.8,111.74,70.43,84.36,2.73,53.58,41.91,192883.74,Normal,0
2021-04-12 16:00:00,1025.8,901.49,116.21,113.92,111.86,70.84,83.74,2.74,56.08,42.23,183363.61,Normal,0
2021-04-12 17:00:00,1060.68,901.59,116.96,114.67,112.7,71.45,84.32,2.64,56.02,42.55,198261.77,Normal,0
2021-04-12 18:00:00,1053.36,901.58,117.9,115.59,113.55,72.21,85.27,2.66,55.4,41.8,195166.93,Normal,0
2021-04-12 19:00:00,1041.7,901.54,117.09,114.71,112.55,70.93,85.22,2.69,54.73,39.86,190812.69,Normal,0
2021-04-12 20:00:00,1069.51,901.58,116.35,113.81,111.64,69.25,83.9,2.64,52.62,38.1,202887.34,Normal,0
2021-04-12 21:00:00,1081.38,901.58,115.64,113.03,110.91,67.82,82.55,2.67,51.78,36.91,206829.59,Normal,0
2021-04-12 22:00:00,1082.93,901.58,115.39,112.77,110.72,67.59,82.14,2.67,51.74,35.82,207050.04,Normal,0
2021-04-12 23:00:00,1087.98,901.57,114.99,112.36,110.3,67.3,82.72,2.69,51.8,35.16,204074.99,Normal,0
2021-04-13 00:00:00,1111.87,905.23,115.05,112.38,110.32,66.83,82.53,2.66,48.69,34.41,214423.66,Normal,0
2021-04-13 01:00:00,1133.48,910.02,116.01,113.23,111.17,66.81,82.05,2.64,43.24,34.32,219984.03,Normal,0
2021-04-13 02:00:00,1099.24,901.43,116.25,113.59,111.48,67.72,82.63,2.63,44.2,34.03,213788.12,Normal,0
2021-04-13 03:00:00,1075.85,894.68,115.03,112.51,110.38,67.73,81.47,2.59,45.25,33.3,210606.35,Normal,0
2021-04-13 04:00:00,1080.71,894.67,114.34,111.83,109.72,67.33,81.75,2.57,44.64,33.03,210873.71,Normal,0
2021-04-13 05:00:00,1076.69,894.67,114.12,111.66,109.51,67.27,82.39,2.57,44.19,32.72,210685.41,Normal,0
2021-04-13 06:00:00,1072.79,894.66,113.71,111.23,109.08,66.61,82.31,2.6,42.79,31.96,211455.31,Normal,0
2021-04-13 07:00:00,1070.61,894.67,113.19,110.75,108.59,66.11,81.9,2.6,38.81,31.97,209735.56,Normal,0
2021-04-13 08:00:00,1077.25,894.68,113.23,110.81,108.72,66.19,82.38,2.55,37.91,34.94,208998.72,Normal,0
2021-04-13 09:00:00,700.02,597.94,111.29,109.09,106.93,67.59,82.71,1.99,44.03,39.18,139772.0,Normal,0
2021-04-13 10:00:00,550.0,0.01,91.67,92.22,90.33,65.35,73.06,0.63,46.44,42.25,0.0,Normal,0
2021-04-13 11:00:00,0.0,0.0,83.76,84.49,81.27,62.82,64.43,0.51,38.62,36.09,0.0,Normal,0
2021-04-13 12:00:00,0.0,0.0,78.92,79.19,75.01,61.02,59.27,0.52,34.72,33.18,0.0,Normal,0
2021-04-13 13:00:00,0.0,0.0,75.09,74.86,71.67,59.12,56.68,0.52,33.21,32.2,0.0,Normal,0
2021-04-13 14:00:00,0.0,0.0,71.91,71.46,68.8,57.47,54.52,0.52,31.8,30.95,0.0,Normal,0
2021-04-13 15:00:00,0.0,0.0,69.1,68.56,66.11,55.87,52.64,0.52,30.89,30.27,0.0,Normal,0
2021-04-13 16:00:00,0.0,0.0,66.68,65.99,64.04,54.03,51.16,0.52,30.11,29.5,0.0,Normal,0
2021-04-13 17:00:00,691.09,562.18,74.93,73.44,72.08,52.38,54.68,2.0,35.51,31.79,132964.7,Normal,0
2021-04-13 18:00:00,1130.45,912.64,98.0,95.41,94.43,55.15,68.06,2.74,52.26,39.66,214671.35,Normal,0
2021-04-13 19:00:00,1137.97,912.49,107.09,104.45,103.1,58.8,75.17,2.77,55.68,40.26,213718.77,Normal,0
2021-04-13 20:00:00,1134.49,912.61,112.11,109.46,107.87,64.07,79.49,2.78,56.59,40.35,213122.04,Normal,0
2021-04-13 21:00:00,1134.54,912.68,115.05,112.31,110.5,67.14,81.63,2.82,55.75,38.7,214527.39,Normal,0
2021-04-13 22:00:00,1129.82,912.57,116.65,113.92,111.95,68.7,82.42,2.85,55.91,39.22,216394.09,Normal,0
2021-04-13 23:00:00,1118.63,912.67,117.55,114.83,112.79,69.7,84.3,2.81,56.01,39.2,211500.97,Normal,0
2021-04-14 00:00:00,1110.86,912.65,117.7,115.01,112.88,70.49,85.22,2.78,55.28,38.52,207551.85,Normal,0
2021-04-14 01:00:00,1107.4,912.67,117.73,115.06,112.95,70.73,85.87,2.82,54.59,37.77,207933.07,Normal,0
2021-04-14 02:00:00,1108.0,912.67,118.17,115.53,113.43,70.97,86.5,2.78,55.32,38.45,208047.52,Normal,0
2021-04-14 03:00:00,1113.98,912.7,118.57,115.9,113.78,71.03,86.56,2.75,54.26,37.95,208090.57,Normal,0
2021-04-14 04:00:00,1112.58,912.67,118.25,115.51,113.4,70.14,85.82,2.71,53.77,37.23,207572.98,Normal,0
2021-04-14 05:00:00,1121.77,912.64,117.93,115.18,113.05,69.51,85.69,2.7,53.71,37.13,207817.06,Normal,0
2021-04-14 06:00:00,1117.35,912.67,117.87,115.15,113.02,69.44,85.5,2.66,53.73,36.88,209340.8,Normal,0
2021-04-14 07:00:00,1116.22,912.62,117.57,114.8,112.68,69.05,84.81,2.65,53.4,36.67,209519.02,Normal,0
2021-04-14 08:00:00,1100.14,912.53,117.14,114.42,112.29,69.04,84.64,2.68,53.27,36.65,200389.95,Normal,0
2021-04-14 09:00:00,1094.54,911.82,116.78,114.22,112.11,69.59,85.08,2.63,52.89,37.83,204029.08,Normal,0
2021-04-14 10:00:00,1108.52,912.66,117.78,115.21,113.11,70.19,85.05,2.58,50.28,39.01,204233.71,Normal,0
2021-04-14 11:00:00,1106.63,912.49,118.2,115.57,113.42,70.26,84.62,2.62,49.42,38.17,203034.98,Normal,0
2021-04-14 12:00:00,1098.77,912.24,117.65,115.03,112.78,69.7,84.4,2.65,48.15,36.83,202169.86,Normal,0
2021-04-14 13:00:00,1089.14,912.31,117.08,114.55,112.22,69.28,84.29,2.66,45.19,36.36,201966.02,Normal,0
2021-04-14 14:00:00,1091.08,912.33,117.56,115.06,112.85,70.58,84.69,2.67,42.22,38.39,200597.67,Normal,0
2021-04-14 15:00:00,1048.95,902.18,116.87,114.43,112.23,71.16,84.52,2.66,39.59,37.02,192169.15,Normal,0
2021-04-14 16:00:00,1039.63,901.58,115.72,113.31,111.12,70.17,83.77,2.65,38.69,36.91,190344.52,Normal,0
2021-04-14 17:00:00,1041.53,901.58,114.97,112.59,110.44,69.24,83.39,2.64,37.7,36.96,192517.54,Normal,0
2021-04-14 18:00:00,596.63,513.79,110.37,108.33,106.01,68.34,81.8,1.73,38.78,38.34,112237.84,Normal,0
2021-04-14 19:00:00,0.0,0.0,90.24,90.39,89.75,64.64,71.16,0.47,38.94,36.08,0.0,Normal,0
2021-04-14 20:00:00,0.0,0.0,81.67,80.38,82.9,61.54,62.38,0.47,32.79,28.94,0.0,Normal,0
2021-04-14 21:00:00,0.0,0.0,76.07,73.76,77.28,58.85,57.97,0.47,29.12,25.14,0.0,Normal,0
2021-04-14 22:00:00,0.0,0.0,71.73,69.01,72.47,56.24,54.46,0.48,27.63,23.52,0.0,Normal,0
2021-04-14 23:00:00,0.0,0.0,67.53,64.28,67.96,54.06,49.85,0.5,24.0,20.91,0.0,Normal,0
2021-04-15 00:00:00,0.0,0.0,59.73,57.13,60.1,46.01,45.46,0.51,21.64,20.12,175.7,Normal,0
2021-04-15 01:00:00,220.0,0.0,54.81,53.78,55.24,43.91,43.09,0.49,21.94,19.68,0.0,Normal,0
2021-04-15 02:00:00,877.45,562.52,64.57,62.9,63.15,44.21,46.92,2.16,29.26,24.29,131514.26,Normal,0
2021-04-15 03:00:00,1069.94,901.57,87.86,85.27,84.67,47.32,62.09,2.99,45.44,32.35,202082.52,Normal,0
2021-04-15 04:00:00,1058.85,901.58,95.77,93.44,92.16,49.82,68.73,2.99,48.73,33.03,199574.63,Normal,0
2021-04-15 05:00:00,1060.29,901.58,100.19,97.91,96.36,52.39,72.97,3.0,49.92,33.76,202069.03,Normal,0
2021-04-15 06:00:00,1063.32,901.58,103.06,100.71,99.05,54.36,74.94,2.99,51.09,34.09,202740.44,Normal,0
2021-04-15 07:00:00,1055.64,901.58,104.72,102.34,100.57,55.99,76.02,2.98,51.21,34.12,197853.76,Normal,0
2021-04-15 08:00:00,1054.38,901.58,105.88,103.51,101.67,57.16,76.85,2.98,51.74,34.13,198615.27,Normal,0
2021-04-15 09:00:00,1049.14,901.58,106.77,104.43,102.45,57.93,78.32,3.05,52.04,34.47,197064.47,Normal,0
2021-04-15 10:00:00,1059.89,901.58,107.56,105.18,103.14,58.47,78.43,2.94,51.8,33.42,201547.43,Normal,0
2021-04-15 11:00:00,1066.48,901.58,107.88,105.46,103.34,59.07,78.57,2.91,50.54,32.88,203778.55,Normal,0
2021-04-15 12:00:00,1063.03,901.58,108.19,105.75,103.69,61.21,78.58,2.94,51.0,33.32,202724.3,Normal,0
2021-04-15 13:00:00,1061.05,901.58,108.63,106.24,104.16,62.81,78.74,2.98,51.79,34.38,201111.7,Normal,0
2021-04-15 14:00:00,1068.08,901.58,109.5,107.07,105.02,63.48,78.93,2.98,53.0,35.02,203267.41,Normal,0
2021-04-15 15:00:00,1060.33,901.58,110.15,107.73,105.7,63.92,79.67,3.01,53.21,35.45,200491.1,Normal,0
2021-04-15 16:00:00,1046.0,901.58,110.1,107.68,105.59,63.57,79.82,3.12,53.16,34.91,196900.88,Normal,0
2021-04-15 17:00:00,1046.18,901.58,110.11,107.71,105.62,63.59,80.04,3.06,53.24,35.09,197133.82,Normal,0
2021-04-15 18:00:00,507.94,438.26,104.51,102.67,100.33,63.55,78.5,1.77,55.04,38.64,96205.19,Normal,0
2021-04-15 19:00:00,0.0,0.0,85.51,85.89,85.52,60.66,67.38,0.47,48.97,40.39,0.0,Normal,0
2021-04-15 20:00:00,0.0,0.0,78.22,77.8,79.61,58.13,60.02,0.47,39.84,34.51,0.0,Normal,0
2021-04-15 21:00:00,0.0,0.0,73.72,72.69,74.34,56.08,56.19,0.48,34.64,29.71,0.0,Normal,0
2021-04-15 22:00:00,0.0,0.0,69.91,68.25,70.2,54.19,53.02,0.48,31.11,27.03,0.0,Normal,0
2021-04-15 23:00:00,939.47,788.85,82.77,79.89,80.65,51.21,59.79,2.68,37.49,26.12,170791.81,Normal,0
2021-04-16 00:00:00,1058.71,901.58,96.07,93.28,92.23,51.27,69.95,2.78,47.21,30.39,193794.44,Normal,0
2021-04-16 01:00:00,1057.13,901.57,100.0,97.47,95.94,52.29,72.72,2.79,48.66,31.28,195311.89,Normal,0
2021-04-16 02:00:00,1062.32,901.58,102.44,99.96,98.29,53.57,74.65,2.91,49.37,32.56,198611.43,Normal,0
2021-04-16 03:00:00,1061.77,901.58,103.92,101.48,99.69,54.53,75.3,2.9,49.19,32.5,198249.65,Normal,0
2021-04-16 04:00:00,1054.12,901.58,104.68,102.21,100.36,55.39,76.14,2.95,49.42,32.27,195632.89,Normal,0
2021-04-16 05:00:00,1053.34,901.57,105.16,102.67,100.8,56.0,75.95,2.92,50.05,32.53,196183.28,Normal,0
2021-04-16 06:00:00,1049.05,901.57,105.56,103.05,101.17,56.27,76.01,2.93,49.78,32.29,195557.21,Normal,0
2021-04-16 07:00:00,1048.16,901.56,105.93,103.41,101.6,56.6,76.27,2.79,50.11,32.84,194746.26,Normal,0
2021-04-16 08:00:00,1056.25,901.58,106.61,104.16,102.27,57.13,76.73,2.81,50.73,34.16,198908.82,Normal,0
2021-04-16 09:00:00,1066.17,901.59,107.68,105.26,103.3,57.91,77.31,2.87,51.86,34.78,198531.92,Normal,0
2021-04-16 10:00:00,1057.28,901.58,108.28,105.9,103.86,58.64,77.74,2.89,51.87,34.48,197057.25,Normal,0
2021-04-16 11:00:00,1050.1,901.58,109.13,106.77,104.78,59.68,77.99,2.89,53.07,35.91,197602.35,Normal,0
2021-04-16 12:00:00,1043.98,901.58,109.77,107.41,105.39,60.42,78.36,2.82,52.86,35.19,195952.42,Normal,0
2021-04-16 13:00:00,1053.11,901.58,110.01,107.58,105.57,61.08,78.84,2.79,52.91,35.04,196024.75,Normal,0
2021-04-16 14:00:00,1051.99,901.29,110.32,107.93,105.96,61.6,79.65,2.84,52.98,34.45,194447.23,Normal,0
2021-04-16 15:00:00,1084.87,901.55,110.98,108.47,106.45,61.59,79.51,2.76,46.58,33.78,210740.37,Normal,0
2021-04-16 16:00:00,1092.4,901.54,111.45,108.79,106.82,61.39,79.28,2.79,38.99,32.95,211318.15,Normal,0
2021-04-16 17:00:00,954.85,799.12,110.93,108.3,106.32,61.71,79.55,2.56,39.78,34.45,184353.22,Normal,0
2021-04-16 18:00:00,0.0,0.0,91.8,91.67,89.58,60.59,71.53,0.5,46.07,41.62,0.57,Normal,0
2021-04-16 19:00:00,0.0,0.0,81.21,81.55,80.99,57.86,62.19,0.47,38.05,35.22,0.0,Normal,0
2021-04-16 20:00:00,0.0,0.0,75.72,74.98,75.58,56.17,56.86,0.47,32.98,30.38,0.0,Normal,0
2021-04-16 21:00:00,0.0,0.0,71.18,69.48,71.37,54.35,53.07,0.47,29.48,26.85,0.0,Normal,0
2021-04-16 22:00:00,0.0,0.0,67.5,65.49,67.87,52.24,50.47,0.47,27.31,24.87,0.0,Normal,0
2021-04-16 23:00:00,555.27,432.12,71.58,68.94,70.84,49.8,51.66,1.67,29.25,24.03,103424.46,Normal,0
2021-04-17 00:00:00,1096.2,901.58,93.05,89.91,89.48,49.67,66.05,2.81,45.11,31.22,210838.79,Normal,0
2021-04-17 01:00:00,1077.29,901.58,99.7,97.06,95.73,51.32,71.78,2.74,49.74,33.18,204651.0,Normal,0
2021-04-17 02:00:00,1075.17,901.58,102.97,100.49,98.86,53.16,74.58,2.84,49.48,32.93,204137.5,Normal,0
2021-04-17 03:00:00,1078.87,901.49,105.05,102.55,100.72,54.65,76.3,2.97,50.54,33.0,202640.06,Normal,0
2021-04-17 04:00:00,1080.22,901.58,106.41,103.89,102.03,55.8,77.07,2.95,50.43,33.03,205827.34,Normal,0
2021-04-17 05:00:00,1085.42,901.58,107.39,104.84,102.88,56.61,77.31,2.84,49.45,32.76,209104.36,Normal,0
2021-04-17 06:00:00,1083.67,901.08,108.25,105.71,103.71,57.38,77.4,2.83,48.97,32.57,210142.81,Normal,0
2021-04-17 07:00:00,1083.89,901.35,108.87,106.29,104.35,58.68,77.53,2.73,49.2,33.3,208578.57,Normal,0
2021-04-17 08:00:00,1076.62,901.53,109.16,106.56,104.61,60.24,77.64,2.75,50.56,33.53,203987.14,Normal,0
2021-04-17 09:00:00,1073.51,901.57,109.46,106.88,104.95,60.61,77.85,2.76,51.41,33.91,203652.62,Normal,0
2021-04-17 10:00:00,1069.05,901.57,110.06,107.59,105.58,61.3,78.26,2.75,52.22,34.17,203223.59,Normal,0
2021-04-17 11:00:00,1072.39,901.57,110.88,108.45,106.37,62.58,79.24,2.71,53.53,34.73,201683.74,Normal,0
2021-04-17 12:00:00,1067.39,901.57,111.61,109.21,107.18,63.84,80.03,2.71,54.19,35.2,201164.39,Normal,0
2021-04-17 13:00:00,1064.3,901.58,112.52,110.12,108.08,64.84,80.72,2.68,55.01,36.23,200661.81,Normal,0
2021-04-17 14:00:00,1059.1,901.43,113.42,111.0,108.99,65.59,81.54,2.64,55.03,38.02,200651.4,Normal,0
2021-04-17 15:00:00,1057.81,901.58,113.86,111.43,109.42,66.15,81.94,2.6,55.82,38.87,196596.2,Normal,0
2021-04-17 16:00:00,1060.24,901.49,114.22,111.8,109.78,66.6,82.69,2.65,55.87,38.49,197538.15,Normal,0
2021-04-17 17:00:00,155.69,146.69,101.94,101.19,97.89,66.42,78.37,0.88,55.21,43.14,30455.95,Normal,0
2021-04-17 18:00:00,0.0,0.0,86.69,88.01,82.24,63.8,65.84,0.47,42.85,36.99,0.0,Normal,0
2021-04-17 19:00:00,0.0,0.0,80.24,81.01,74.23,61.26,58.56,0.47,35.59,31.6,0.0,Normal,0
2021-04-17 20:00:00,0.0,0.0,75.2,75.07,69.15,58.43,54.2,0.47,31.27,28.06,0.0,Normal,0
2021-04-17 21:00:00,0.0,0.0,70.94,70.04,65.39,55.44,51.2,0.47,28.99,25.41,0.0,Normal,0
2021-04-17 22:00:00,0.0,0.0,67.27,65.71,63.29,52.4,49.45,0.47,28.07,24.51,0.0,Normal,0
2021-04-17 23:00:00,688.66,548.23,74.39,71.92,71.1,49.61,52.96,1.9,33.12,25.31,126478.94,Normal,0
2021-04-18 00:00:00,1079.91,901.57,93.59,90.7,89.64,50.08,66.57,2.6,47.94,31.47,201208.95,Normal,0
2021-04-18 01:00:00,1073.09,901.58,99.41,96.82,95.39,51.6,71.03,2.69,50.48,32.03,200086.87,Normal,0
2021-04-18 02:00:00,1068.45,901.54,102.3,99.79,98.17,53.2,73.39,2.68,50.04,31.64,199437.46,Normal,0
2021-04-18 03:00:00,1062.51,901.54,103.83,101.29,99.57,54.84,74.89,2.65,49.63,31.55,196993.65,Normal,0
2021-04-18 04:00:00,1062.85,901.52,104.63,102.08,100.27,55.74,76.11,2.68,49.29,31.01,196744.17,Normal,0
2021-04-18 05:00:00,1053.41,901.52,104.88,102.31,100.46,56.27,76.08,2.7,49.45,30.0,195142.7,Normal,0
2021-04-18 06:00:00,1050.55,901.55,105.01,102.41,100.54,56.6,75.97,2.72,48.76,29.65,195575.78,Normal,0
2021-04-18 07:00:00,1047.8,901.51,105.13,102.61,100.74,57.41,76.09,2.68,49.9,31.67,194680.52,Normal,0
2021-04-18 08:00:00,1049.23,901.55,106.3,103.93,102.16,59.14,77.07,2.7,52.06,34.27,194471.2,Normal,0
2021-04-18 09:00:00,1047.87,901.58,107.9,105.58,103.77,61.73,78.15,2.72,53.18,35.67,193597.58,Normal,0
2021-04-18 10:00:00,1062.15,901.58,109.74,107.37,105.51,63.66,79.6,2.76,54.37,37.24,197643.1,Normal,0
2021-04-18 11:00:00,1059.66,901.58,111.24,108.87,106.97,64.86,80.55,2.85,55.05,37.57,198417.61,Normal,0
2021-04-18 12:00:00,1058.22,901.57,112.22,109.89,107.87,65.43,80.94,2.87,55.34,38.25,195950.07,Normal,0
2021-04-18 13:00:00,1055.8,901.58,112.9,110.54,108.5,66.14,81.48,2.86,55.92,38.99,194636.98,Normal,0
2021-04-18 14:00:00,1051.32,901.58,113.59,111.2,109.22,66.74,82.25,2.81,56.27,39.29,194576.8,Normal,0
2021-04-18 15:00:00,1047.37,901.58,114.24,111.86,109.88,67.42,82.66,2.84,56.21,39.24,193906.38,Normal,0
2021-04-18 16:00:00,1053.42,901.58,114.91,112.52,110.55,67.97,83.0,2.71,56.52,39.38,195555.3,Normal,0
2021-04-18 17:00:00,1054.8,901.58,115.39,112.98,110.98,67.76,83.0,2.72,55.95,39.12,196656.77,Normal,0
2021-04-18 18:00:00,1067.22,901.59,115.52,113.08,111.02,67.39,82.9,2.83,54.76,38.19,199548.75,Normal,0
2021-04-18 19:00:00,1069.67,901.58,115.18,112.65,110.54,66.28,82.34,2.83,52.67,35.89,201997.47,Normal,0
2021-04-18 20:00:00,1069.13,901.58,114.19,111.59,109.43,64.79,81.28,2.7,51.69,34.67,199583.49,Normal,0
2021-04-18 21:00:00,1065.3,901.58,113.01,110.42,108.33,63.78,80.33,2.69,51.34,33.73,197874.13,Normal,0
2021-04-18 22:00:00,1068.34,901.59,112.09,109.48,107.43,62.55,79.37,2.69,51.16,32.52,199450.89,Normal,0
2021-04-18 23:00:00,1021.67,901.54,110.14,107.57,105.57,60.95,78.21,2.65,50.94,33.2,186918.23,Normal,0
2021-04-19 00:00:00,1001.93,901.54,108.19,105.72,103.75,59.42,77.09,2.66,50.01,32.83,184923.69,Normal,0
2021-04-19 01:00:00,997.02,901.52,106.16,103.73,101.79,57.72,75.53,2.63,48.52,30.92,185820.53,Normal,0
2021-04-19 02:00:00,1024.99,901.56,105.33,102.88,100.97,56.56,73.86,2.71,46.08,29.92,197664.28,Normal,0
2021-04-19 03:00:00,529.93,467.88,100.69,98.58,96.58,56.32,71.85,1.64,49.82,33.43,110111.11,Normal,0
2021-04-19 04:00:00,0.0,0.0,81.21,81.2,81.3,55.32,61.39,0.45,44.16,34.82,0.0,Normal,0
2021-04-19 05:00:00,0.0,0.0,73.39,72.72,75.01,53.91,54.34,0.46,35.08,29.05,0.0,Normal,0
2021-04-19 06:00:00,0.0,0.0,68.14,66.68,70.0,52.58,50.09,0.46,29.61,25.88,0.0,Normal,0
2021-04-19 07:00:00,0.0,0.0,64.18,62.61,65.92,50.96,47.63,0.46,26.85,23.81,0.0,Normal,0
2021-04-19 08:00:00,0.0,0.0,61.49,60.12,62.23,48.83,45.92,0.46,25.22,22.65,0.0,Normal,0
2021-04-19 09:00:00,330.0,0.0,59.25,58.06,58.99,46.96,44.28,0.46,24.15,22.24,0.0,Normal,0
2021-04-19 10:00:00,1100.0,0.0,57.29,56.28,56.41,45.51,43.01,0.47,23.73,22.38,0.0,Normal,0
2021-04-19 11:00:00,1100.0,0.0,55.63,54.84,54.47,44.31,42.07,0.48,23.6,23.04,0.0,Normal,0
2021-04-19 12:00:00,1100.0,0.0,54.14,53.48,52.8,43.35,41.22,0.49,23.77,23.74,0.0,Normal,0
2021-04-19 13:00:00,861.67,0.0,52.78,52.3,51.31,42.57,40.42,0.49,24.1,24.24,0.0,Normal,0
2021-04-19 14:00:00,0.0,0.0,51.49,51.09,49.5,41.89,39.38,0.47,24.31,24.56,0.0,Normal,0
2021-04-19 15:00:00,0.0,0.0,50.27,49.93,48.24,41.1,38.66,0.48,24.54,24.91,0.0,Normal,0
2021-04-19 16:00:00,0.0,0.0,49.25,48.89,47.38,40.51,38.28,0.47,24.7,25.0,24.11,Normal,0
2021-04-19 17:00:00,232.66,195.11,50.04,49.62,47.96,39.95,38.23,1.08,26.05,25.42,40319.78,Normal,0
2021-04-19 18:00:00,1052.38,900.96,75.36,73.55,72.87,43.37,52.69,2.72,45.68,34.22,193565.78,Normal,0
2021-04-19 19:00:00,1060.72,901.59,90.49,88.4,87.51,47.92,63.64,2.77,48.43,35.23,196952.63,Normal,0
2021-04-19 20:00:00,1072.33,901.58,98.12,95.91,94.65,51.76,69.66,2.73,47.34,34.75,200152.29,Normal,0
2021-04-19 21:00:00,1071.08,901.59,102.62,100.26,98.78,54.61,73.14,2.69,48.05,33.7,200035.49,Normal,0
2021-04-19 22:00:00,1066.93,901.58,105.21,102.75,101.09,56.48,75.3,2.74,47.86,33.11,200587.46,Normal,0
2021-04-19 23:00:00,1067.12,901.58,106.79,104.31,102.49,58.08,76.5,2.83,47.21,33.87,201324.18,Normal,0
2021-04-20 00:00:00,1068.44,901.54,107.62,105.08,103.17,59.56,77.08,2.84,46.6,32.97,200359.77,Normal,0
2021-04-20 01:00:00,1064.59,901.58,107.83,105.25,103.31,60.13,77.05,2.85,45.22,31.23,200449.75,Normal,0
2021-04-20 02:00:00,1070.36,901.52,107.75,105.14,103.14,60.08,76.17,2.84,45.05,30.2,203204.71,Normal,0
2021-04-20 03:00:00,1071.82,901.53,107.6,105.04,103.0,59.22,75.28,2.82,44.49,28.84,205176.51,Normal,0
2021-04-20 04:00:00,1062.49,901.56,107.09,104.51,102.47,58.34,74.3,2.78,43.55,27.6,201196.1,Normal,0
2021-04-20 05:00:00,1066.72,901.57,106.44,103.83,101.81,57.29,73.53,2.8,43.26,27.04,202110.48,Normal,0
2021-04-20 06:00:00,1072.29,901.51,106.02,103.41,101.45,55.94,73.27,2.78,43.17,28.2,201377.73,Normal,0
2021-04-20 07:00:00,1071.22,901.54,105.85,103.21,101.31,55.69,73.12,2.81,44.38,29.8,199959.07,Normal,0
2021-04-20 08:00:00,1061.61,901.55,106.64,104.15,102.31,56.96,73.62,2.81,46.32,32.43,199776.51,Normal,0
2021-04-20 09:00:00,1068.63,901.56,107.76,105.33,103.42,59.18,74.61,2.76,47.62,34.04,198209.49,Normal,0
2021-04-20 10:00:00,1066.43,901.57,108.86,106.42,104.57,62.42,75.85,2.75,48.38,35.11,196833.4,Normal,0
2021-04-20 11:00:00,1059.43,901.58,109.83,107.42,105.47,63.85,77.07,2.8,48.84,36.4,196060.46,Normal,0
2021-04-20 12:00:00,1061.27,900.7,110.86,108.46,106.48,64.71,77.94,2.76,51.03,37.43,196965.46,Normal,0
2021-04-20 13:00:00,1054.75,901.56,112.0,109.61,107.7,65.7,80.47,2.69,51.67,38.12,196358.24,Normal,0
2021-04-20 14:00:00,1044.81,900.05,112.68,110.32,108.33,66.33,82.5,2.75,52.01,38.74,193024.71,Normal,0
2021-04-20 15:00:00,1074.28,895.97,113.89,111.49,109.52,67.9,83.61,2.84,54.29,38.83,210330.47,Normal,0
2021-04-20 16:00:00,1059.23,901.55,114.93,112.5,110.53,68.88,84.44,2.75,53.08,38.66,199890.13,Normal,0
2021-04-20 17:00:00,782.24,682.6,113.19,110.86,108.72,68.68,83.79,2.21,53.59,39.4,147590.3,Normal,0
2021-04-20 18:00:00,0.0,0.0,93.21,93.88,89.47,66.24,72.92,0.49,48.82,41.82,0.0,Normal,0
2021-04-20 19:00:00,0.0,0.0,83.5,84.57,78.44,62.8,62.08,0.48,38.24,33.44,0.0,Normal,0
2021-04-20 20:00:00,0.0,0.0,77.65,77.76,71.52,59.77,56.06,0.49,32.53,27.76,0.0,Normal,0
2021-04-20 21:00:00,0.0,0.0,72.95,72.14,66.95,56.67,52.43,0.49,29.2,24.61,0.0,Normal,0
2021-04-20 22:00:00,0.0,0.0,68.94,67.46,64.02,53.53,50.05,0.49,27.48,23.19,0.0,Normal,0
2021-04-20 23:00:00,879.53,722.85,80.34,77.61,75.93,50.13,57.0,2.45,34.79,25.62,169463.39,Normal,0
2021-04-21 00:00:00,1075.6,901.45,95.61,92.78,91.46,51.21,68.94,2.95,47.53,31.49,203487.13,Normal,0
2021-04-21 01:00:00,1056.63,901.59,100.08,97.57,96.08,53.15,73.03,3.1,50.19,32.46,197590.35,Normal,0
2021-04-21 02:00:00,1052.66,901.56,102.23,99.78,98.18,54.81,74.58,3.38,50.71,32.44,196393.03,Normal,0
2021-04-21 03:00:00,1058.53,901.58,103.85,101.42,99.72,56.03,75.37,3.01,50.82,31.82,197179.93,Normal,0
2021-04-21 04:00:00,1063.53,901.58,105.0,102.54,100.72,56.98,76.12,2.85,50.63,32.25,198674.76,Normal,0
2021-04-21 05:00:00,1072.14,901.56,105.96,103.44,101.61,57.32,76.2,2.95,50.32,31.71,201825.45,Normal,0
2021-04-21 06:00:00,1067.78,901.56,106.54,104.06,102.15,57.15,76.28,2.9,50.01,31.03,200768.58,Normal,0
2021-04-21 07:00:00,1048.45,901.56,106.43,103.95,102.03,56.75,76.04,2.87,50.52,30.54,195260.02,Normal,0
2021-04-21 08:00:00,1049.31,901.57,106.54,104.1,102.14,56.6,76.18,2.81,50.83,31.0,196289.34,Normal,0
2021-04-21 09:00:00,1052.02,901.56,106.81,104.38,102.44,56.9,76.53,2.76,50.89,33.41,195986.28,Normal,0
2021-04-21 10:00:00,1054.77,901.59,107.33,104.93,102.95,57.94,77.0,2.73,52.11,34.93,196616.19,Normal,0
2021-04-21 11:00:00,1049.86,901.58,108.02,105.61,103.71,59.94,77.67,2.74,53.1,36.23,196020.1,Normal,0
2021-04-21 12:00:00,1051.69,901.58,108.8,106.36,104.52,61.56,77.55,2.72,53.62,36.95,196087.13,Normal,0
2021-04-21 13:00:00,1049.56,900.03,109.81,107.37,105.56,62.57,77.97,2.65,53.32,37.53,195180.92,Normal,0
2021-04-21 14:00:00,1046.38,900.68,110.56,108.17,106.26,63.39,78.37,2.58,47.53,36.95,195680.43,Normal,0
2021-04-21 15:00:00,1037.74,901.57,111.23,108.88,106.97,64.5,79.08,2.63,43.97,37.52,193478.3,Normal,0
2021-04-21 16:00:00,1036.67,901.58,111.6,109.24,107.26,64.69,79.34,2.68,40.97,37.68,192356.18,Normal,0
2021-04-21 17:00:00,1025.69,901.25,111.59,109.25,107.26,64.63,79.93,2.68,44.69,38.1,187985.2,Normal,0
2021-04-21 18:00:00,1041.42,901.58,111.68,109.31,107.28,63.54,80.02,2.68,43.38,36.39,194334.61,Normal,0
2021-04-21 19:00:00,1044.24,901.58,111.11,108.62,106.51,61.58,78.68,2.71,38.49,33.8,197148.45,Normal,0
2021-04-21 20:00:00,1038.38,901.58,110.04,107.52,105.5,59.71,77.36,2.7,37.48,32.82,195333.66,Normal,0
2021-04-21 21:00:00,1076.01,901.58,109.84,107.21,105.29,58.63,76.48,2.67,40.94,32.99,209002.59,Normal,0
2021-04-21 22:00:00,1050.56,901.58,109.41,106.79,104.94,57.96,76.44,2.67,48.13,32.7,200411.41,Normal,0
2021-04-21 23:00:00,1049.91,901.58,108.16,105.65,103.65,57.25,75.87,2.64,48.3,31.79,195359.0,Normal,0
2021-04-22 00:00:00,1053.25,901.58,107.23,104.71,102.74,56.76,74.9,2.65,47.01,31.52,194432.07,Normal,0
2021-04-22 01:00:00,1009.98,901.56,105.8,103.29,101.42,56.45,73.88,2.66,46.05,30.38,182839.8,Normal,0
2021-04-22 02:00:00,1037.75,901.5,104.88,102.39,100.56,56.29,73.16,2.66,46.04,31.28,192214.25,Normal,0
2021-04-22 03:00:00,1061.1,901.58,105.76,103.17,101.42,56.27,73.21,2.65,45.05,30.98,198959.07,Normal,0
2021-04-22 04:00:00,1051.82,901.58,105.68,103.08,101.25,56.29,73.48,2.65,39.8,30.61,196188.36,Normal,0
2021-04-22 05:00:00,1062.16,901.56,105.88,103.25,101.44,56.07,73.46,2.63,33.23,30.19,201097.02,Normal,0
2021-04-22 06:00:00,1057.17,901.42,105.89,103.25,101.43,55.8,73.43,2.67,41.34,29.69,198322.28,Normal,0
2021-04-22 07:00:00,16.82,21.98,90.18,89.52,87.46,55.93,68.54,0.55,47.89,37.46,5444.72,Normal,0
2021-04-22 08:00:00,0.0,0.0,77.99,78.33,77.61,54.04,59.99,0.48,39.06,32.1,0.0,Normal,0
2021-04-22 09:00:00,1063.33,0.0,72.67,72.38,71.61,52.82,54.7,0.51,32.06,27.13,0.0,Normal,0
2021-04-22 10:00:00,1100.0,0.0,68.41,67.98,65.58,51.85,50.27,0.56,28.37,24.49,0.0,Normal,0
2021-04-22 11:00:00,1100.0,0.0,64.99,64.34,61.83,50.4,47.73,0.51,26.89,24.09,0.0,Normal,0
2021-04-22 12:00:00,1100.0,0.0,62.23,61.43,59.37,48.97,46.05,0.51,26.02,24.12,0.0,Normal,0
2021-04-22 13:00:00,990.0,0.02,59.91,59.16,57.19,47.86,44.63,0.51,25.49,24.29,21.0,Normal,0
2021-04-22 14:00:00,0.0,0.0,57.92,57.2,55.27,46.7,43.45,0.49,25.37,24.58,10.37,Normal,0
2021-04-22 15:00:00,1041.04,861.5,77.2,75.19,74.07,47.49,53.03,2.7,42.33,33.48,191390.35,Normal,0
2021-04-22 16:00:00,1023.3,901.58,93.57,91.37,90.39,51.83,66.3,3.09,54.45,38.8,188141.46,Normal,0
2021-04-22 17:00:00,1013.89,901.56,100.39,98.25,96.98,55.24,71.65,3.16,55.85,38.88,185725.94,Normal,0
2021-04-22 18:00:00,1023.88,901.58,104.21,101.99,100.49,57.99,74.61,2.75,55.72,37.85,188178.96,Normal,0
2021-04-22 19:00:00,512.78,454.55,101.34,99.55,97.47,61.12,74.64,1.65,55.2,40.0,96287.54,Normal,0
2021-04-22 20:00:00,0.0,0.0,83.71,84.53,80.89,59.19,64.43,0.47,47.14,38.86,0.0,Normal,0
2021-04-22 21:00:00,0.0,0.0,76.98,77.05,74.71,56.44,58.21,0.46,40.36,34.16,0.0,Normal,0
2021-04-22 22:00:00,0.0,0.0,72.4,71.38,71.21,54.35,54.59,0.47,35.33,30.51,0.0,Normal,0
2021-04-22 23:00:00,0.0,0.0,68.49,66.86,67.85,52.46,51.82,0.47,32.1,28.08,0.0,Normal,0
2021-04-23 00:00:00,0.0,0.0,65.0,63.09,64.46,50.58,48.91,0.47,29.13,25.74,0.0,Normal,0
2021-04-23 01:00:00,0.0,0.0,61.47,59.32,61.53,49.15,45.77,0.48,26.25,23.49,0.0,Normal,0
2021-04-23 02:00:00,0.0,0.0,58.14,55.92,58.88,47.78,42.93,0.47,24.45,22.19,0.0,Normal,0
2021-04-23 03:00:00,0.0,0.0,55.42,53.25,56.45,46.24,41.55,0.47,23.28,21.57,3.79,Normal,0
2021-04-23 04:00:00,0.0,0.0,53.36,51.05,54.53,44.83,40.55,0.47,22.48,20.93,0.0,Normal,0
2021-04-23 05:00:00,0.0,0.0,51.05,48.57,52.33,43.32,38.45,0.47,21.5,20.1,0.0,Normal,0
2021-04-23 06:00:00,658.87,522.95,59.0,56.26,59.14,46.52,42.16,1.85,27.85,23.38,121764.66,Normal,0
2021-04-23 07:00:00,1062.2,901.56,83.92,81.34,81.43,60.43,60.0,2.73,46.88,33.18,197144.1,Normal,0
2021-04-23 08:00:00,1044.36,901.58,94.69,92.5,91.57,65.06,68.47,2.68,52.05,35.62,194753.1,Normal,0
2021-04-23 09:00:00,1054.25,899.8,101.54,99.42,98.12,68.2,73.66,2.57,52.46,38.24,195583.14,Normal,0
2021-04-23 10:00:00,1048.68,901.3,106.28,104.08,102.48,70.0,77.26,2.53,45.34,39.39,192498.07,Normal,0
2021-04-23 11:00:00,1038.99,901.31,109.16,106.93,105.21,71.28,79.74,2.59,43.4,40.44,191664.49,Normal,0
2021-04-23 12:00:00,1032.83,901.31,111.47,109.25,107.41,70.9,81.73,2.55,44.58,41.43,191940.19,Normal,0
2021-04-23 13:00:00,1034.94,901.31,113.19,110.92,109.11,69.46,83.28,2.5,45.88,41.87,189775.11,Normal,0
2021-04-23 14:00:00,1045.44,901.31,114.72,112.34,110.55,69.42,84.95,2.49,46.88,42.18,194202.09,Normal,0
2021-04-23 15:00:00,1037.56,901.31,115.83,113.43,111.58,70.11,86.58,2.53,49.62,42.26,191553.17,Normal,0
2021-04-23 16:00:00,1020.23,901.29,116.0,113.67,111.7,70.38,86.93,2.57,57.21,42.21,186776.31,Normal,0
2021-04-23 17:00:00,1021.51,901.31,116.06,113.73,111.76,69.45,86.19,2.53,53.04,41.01,187897.81,Normal,0
2021-04-23 18:00:00,859.48,757.74,114.65,112.23,110.13,67.87,84.81,2.19,51.48,39.37,161054.73,Normal,0
2021-04-23 19:00:00,0.0,0.0,95.17,95.18,92.29,65.67,75.58,0.47,51.08,42.85,12.16,Normal,0
2021-04-23 20:00:00,0.0,0.0,85.09,85.23,82.42,62.17,65.67,0.46,42.26,35.73,0.0,Normal,0
2021-04-23 21:00:00,0.0,0.0,79.55,78.56,77.69,59.34,60.95,0.47,37.46,31.56,0.0,Normal,0
2021-04-23 22:00:00,0.0,0.0,75.1,73.54,73.42,56.94,57.49,0.47,33.32,28.4,0.0,Normal,0
2021-04-23 23:00:00,0.0,0.0,71.25,69.28,69.61,54.64,54.54,0.47,30.91,26.01,0.0,Normal,0
2021-04-24 00:00:00,797.97,668.33,80.8,78.04,77.96,53.02,59.63,2.26,36.86,28.39,153836.97,Normal,0
2021-04-24 01:00:00,1038.89,901.42,96.84,94.04,93.04,55.0,71.89,2.68,49.9,34.77,191947.06,Normal,0
2021-04-24 02:00:00,1040.14,900.58,101.39,98.92,97.45,56.18,74.85,2.72,51.52,34.49,192244.88,Normal,0
2021-04-24 03:00:00,1052.92,901.31,103.84,101.42,99.81,57.37,75.56,2.58,51.07,33.56,198165.21,Normal,0
2021-04-24 04:00:00,1051.98,901.31,105.74,103.27,101.58,58.7,76.29,2.61,51.08,32.98,199439.92,Normal,0
2021-04-24 05:00:00,1056.16,901.31,107.34,104.9,103.13,60.51,77.31,2.62,51.22,33.02,201761.54,Normal,0
2021-04-24 06:00:00,1068.45,901.3,108.95,106.48,104.71,61.98,78.21,2.57,51.19,33.59,204273.51,Normal,0
2021-04-24 07:00:00,1058.49,901.31,109.55,107.09,105.24,63.15,78.92,2.52,51.44,34.03,197504.6,Normal,0
2021-04-24 08:00:00,1045.38,901.32,109.94,107.48,105.59,63.76,79.39,2.57,51.94,34.46,195959.74,Normal,0
2021-04-24 09:00:00,1049.71,901.31,110.48,108.05,106.15,65.03,79.4,2.56,51.7,34.82,194022.0,Normal,0
2021-04-24 10:00:00,1044.73,901.31,110.66,108.18,106.32,66.07,79.29,2.57,51.66,35.42,192110.23,Normal,0
2021-04-24 11:00:00,1036.67,901.31,110.8,108.38,106.55,65.69,79.95,2.55,50.0,36.79,191267.92,Normal,0
2021-04-24 12:00:00,1037.71,901.3,111.29,108.91,107.02,66.42,80.17,2.52,46.05,37.09,192742.0,Normal,0
2021-04-24 13:00:00,1039.08,901.31,111.61,109.18,107.27,66.29,80.07,2.55,40.76,37.16,194564.43,Normal,0
2021-04-24 14:00:00,1032.47,901.21,111.93,109.54,107.65,67.25,79.9,2.61,38.9,37.55,192323.05,Normal,0
2021-04-24 15:00:00,1029.61,899.26,112.39,109.99,108.11,67.26,80.08,2.6,43.43,37.75,193844.26,Normal,0
2021-04-24 16:00:00,1030.09,900.48,111.76,109.4,107.46,66.83,80.1,2.58,48.05,37.58,190602.18,Normal,0
2021-04-24 17:00:00,1069.83,901.26,112.6,110.13,108.12,66.06,79.33,2.6,42.94,35.03,206820.34,Normal,0
2021-04-24 18:00:00,1073.2,901.24,112.61,110.08,108.02,65.63,79.0,2.58,39.55,34.67,206446.36,Normal,0
2021-04-24 19:00:00,1075.56,901.27,112.61,110.03,108.04,64.82,79.15,2.6,36.76,34.74,207042.81,Normal,0
2021-04-24 20:00:00,1079.88,901.07,112.73,110.14,108.17,64.88,79.01,2.66,35.91,34.64,209186.64,Normal,0
2021-04-24 21:00:00,1075.55,901.24,112.65,110.04,108.06,65.35,78.72,2.69,35.12,33.57,206096.37,Normal,0
2021-04-24 22:00:00,1069.39,901.14,112.13,109.54,107.5,64.95,78.23,2.67,34.66,32.01,206723.01,Normal,0
2021-04-24 23:00:00,1078.09,901.27,111.8,109.23,107.12,64.4,78.28,2.64,34.43,31.49,207301.86,Normal,0
2021-04-25 00:00:00,1082.08,901.24,111.68,109.07,107.03,64.76,77.95,2.63,34.37,31.83,207351.88,Normal,0
2021-04-25 01:00:00,1081.75,901.22,111.7,109.07,107.05,65.21,77.65,2.63,34.35,32.24,208092.31,Normal,0
2021-04-25 02:00:00,1069.64,901.31,111.52,108.92,107.0,65.5,78.03,2.69,34.0,31.66,203263.86,Normal,0
2021-04-25 03:00:00,1071.17,901.3,111.41,108.8,106.9,65.08,78.27,2.71,33.79,31.07,203183.74,Normal,0
2021-04-25 04:00:00,1068.32,901.31,110.95,108.31,106.33,64.43,77.67,2.74,33.22,29.84,202482.16,Normal,0
2021-04-25 05:00:00,1063.09,901.29,110.31,107.71,105.71,63.64,77.4,2.77,32.77,27.28,202763.1,Normal,0
2021-04-25 06:00:00,1048.92,901.31,109.84,107.29,105.23,63.19,77.34,2.85,33.24,26.05,200035.16,Normal,0
2021-04-25 07:00:00,1035.08,901.32,109.03,106.56,104.57,62.98,77.1,2.93,36.23,26.78,195445.34,Normal,0
2021-04-25 08:00:00,1043.14,901.34,108.83,106.34,104.43,62.5,77.02,2.95,45.37,26.73,196908.31,Normal,0
2021-04-25 09:00:00,1046.1,901.33,108.42,105.94,103.97,62.13,76.73,2.91,51.03,26.89,195989.66,Normal,0
2021-04-25 10:00:00,1043.73,901.28,108.25,105.84,103.85,62.14,76.73,2.83,52.15,29.49,195432.29,Normal,0
2021-04-25 11:00:00,1047.51,901.3,108.54,106.08,104.14,62.62,76.9,2.8,52.09,31.05,198732.68,Normal,0
2021-04-25 12:00:00,1044.14,901.25,109.0,106.56,104.68,63.1,77.31,2.82,52.07,31.84,198488.56,Normal,0
2021-04-25 13:00:00,1042.29,901.31,109.43,106.99,105.1,63.52,77.93,2.82,53.21,32.79,194523.49,Normal,0
2021-04-25 14:00:00,1047.48,901.31,110.06,107.66,105.77,64.39,78.7,2.68,53.98,34.12,194996.21,Normal,0
2021-04-25 15:00:00,1049.11,901.31,110.64,108.19,106.25,64.99,79.0,2.67,53.71,33.83,197227.19,Normal,0
2021-04-25 16:00:00,1039.66,889.38,110.61,108.21,106.17,64.87,79.22,2.65,52.43,34.03,201806.54,Normal,0
2021-04-25 17:00:00,1052.42,900.69,111.33,108.93,107.01,65.33,79.45,2.62,51.98,33.83,202603.24,Normal,0
2021-04-25 18:00:00,1003.38,901.02,110.31,107.87,105.96,65.38,79.02,2.72,47.85,31.86,190151.1,Normal,0
2021-04-25 19:00:00,319.33,292.81,100.63,99.18,96.67,63.68,75.2,1.26,50.11,34.99,64074.59,Normal,0
